date,title,desc,theme,month,text
2025-06-21,비트코인은 내리는데…'스테이블코인 주가'는 연일 폭등 - 연합뉴스,비트코인은 내리는데…'스테이블코인 주가'는 연일 폭등&nbsp;&nbsp;연합뉴스,스테이블코인,2025-06,비트코인은 내리는데…'스테이블코인 주가'는 연일 폭등 - 연합뉴스 비트코인은 내리는데…'스테이블코인 주가'는 연일 폭등&nbsp;&nbsp;연합뉴스
2025-06-26,카카오페이 폭등 배아프지? 스테이블코인 ‘진짜 수혜주’ - 중앙일보,카카오페이 폭등 배아프지? 스테이블코인 ‘진짜 수혜주’&nbsp;&nbsp;중앙일보,스테이블코인,2025-06,카카오페이 폭등 배아프지? 스테이블코인 ‘진짜 수혜주’ - 중앙일보 카카오페이 폭등 배아프지? 스테이블코인 ‘진짜 수혜주’&nbsp;&nbsp;중앙일보
2025-06-27,한국은행의 경고에도… 춤추는 ‘스테이블코인 관련주’ [뉴스톡 웰스톡] - 뉴스웰,한국은행의 경고에도… 춤추는 ‘스테이블코인 관련주’ [뉴스톡 웰스톡]&nbsp;&nbsp;뉴스웰,스테이블코인,2025-06,한국은행의 경고에도… 춤추는 ‘스테이블코인 관련주’ [뉴스톡 웰스톡] - 뉴스웰 한국은행의 경고에도… 춤추는 ‘스테이블코인 관련주’ [뉴스톡 웰스톡]&nbsp;&nbsp;뉴스웰
2025-06-12,스테이블코인의 서클이냐 비트코인의 스트래티지냐…美증시 관심 고조 - 연합인포맥스,스테이블코인의 서클이냐 비트코인의 스트래티지냐…美증시 관심 고조&nbsp;&nbsp;연합인포맥스,스테이블코인,2025-06,스테이블코인의 서클이냐 비트코인의 스트래티지냐…美증시 관심 고조 - 연합인포맥스 스테이블코인의 서클이냐 비트코인의 스트래티지냐…美증시 관심 고조&nbsp;&nbsp;연합인포맥스
2025-06-26,스테이블코인 관련주 투자열기…“테마주 성격 강해” 과열 경고음 - 한겨레,스테이블코인 관련주 투자열기…“테마주 성격 강해” 과열 경고음&nbsp;&nbsp;한겨레,스테이블코인,2025-06,스테이블코인 관련주 투자열기…“테마주 성격 강해” 과열 경고음 - 한겨레 스테이블코인 관련주 투자열기…“테마주 성격 강해” 과열 경고음&nbsp;&nbsp;한겨레
2025-06-21,"‘스테이블코인’ 주가 연일 폭등, 17일만에 8배 상승 - 조선일보","‘스테이블코인’ 주가 연일 폭등, 17일만에 8배 상승&nbsp;&nbsp;조선일보",스테이블코인,2025-06,"‘스테이블코인’ 주가 연일 폭등, 17일만에 8배 상승 - 조선일보 ‘스테이블코인’ 주가 연일 폭등, 17일만에 8배 상승&nbsp;&nbsp;조선일보"
2025-06-19,"스테이블코인株, 새 정부 증시 주인공 '우뚝' - 한국경제","스테이블코인株, 새 정부 증시 주인공 '우뚝'&nbsp;&nbsp;한국경제",스테이블코인,2025-06,"스테이블코인株, 새 정부 증시 주인공 '우뚝' - 한국경제 스테이블코인株, 새 정부 증시 주인공 '우뚝'&nbsp;&nbsp;한국경제"
2025-06-08,"""대세는 스테이블코인""…상장 후 이틀 만에 주가 247% 뛴 '이 기업' - 뉴스1","""대세는 스테이블코인""…상장 후 이틀 만에 주가 247% 뛴 '이 기업'&nbsp;&nbsp;뉴스1",스테이블코인,2025-06,"""대세는 스테이블코인""…상장 후 이틀 만에 주가 247% 뛴 '이 기업' - 뉴스1 ""대세는 스테이블코인""…상장 후 이틀 만에 주가 247% 뛴 '이 기업'&nbsp;&nbsp;뉴스1"
2025-06-11,이더리움·트론 ‘수혜’…체인링크도 있다 [스테이블코인 시대 재테크] - v.daum.net,이더리움·트론 ‘수혜’…체인링크도 있다 [스테이블코인 시대 재테크]&nbsp;&nbsp;v.daum.net,스테이블코인,2025-06,이더리움·트론 ‘수혜’…체인링크도 있다 [스테이블코인 시대 재테크] - v.daum.net 이더리움·트론 ‘수혜’…체인링크도 있다 [스테이블코인 시대 재테크]&nbsp;&nbsp;v.daum.net
2025-06-26,4대 리스크?...스테이블코인 관련주 '장중 추락' - 초이스경제,4대 리스크?...스테이블코인 관련주 '장중 추락'&nbsp;&nbsp;초이스경제,스테이블코인,2025-06,4대 리스크?...스테이블코인 관련주 '장중 추락' - 초이스경제 4대 리스크?...스테이블코인 관련주 '장중 추락'&nbsp;&nbsp;초이스경제
2025-06-30,"스테이블코인 발행사 '써클', 이달 서학개미 순매수 1위...장기 전망은 ""글쎄"" - 오피니언뉴스","스테이블코인 발행사 '써클', 이달 서학개미 순매수 1위...장기 전망은 ""글쎄""&nbsp;&nbsp;오피니언뉴스",스테이블코인,2025-06,"스테이블코인 발행사 '써클', 이달 서학개미 순매수 1위...장기 전망은 ""글쎄"" - 오피니언뉴스 스테이블코인 발행사 '써클', 이달 서학개미 순매수 1위...장기 전망은 ""글쎄""&nbsp;&nbsp;오피니언뉴스"
2025-06-10,카카오페이로 스테이블코인 거래할 수 있다? 카카오 관련 주가가 하루 만에 30% 오른 이유 - 뉴닉,카카오페이로 스테이블코인 거래할 수 있다? 카카오 관련 주가가 하루 만에 30% 오른 이유&nbsp;&nbsp;뉴닉,스테이블코인,2025-06,카카오페이로 스테이블코인 거래할 수 있다? 카카오 관련 주가가 하루 만에 30% 오른 이유 - 뉴닉 카카오페이로 스테이블코인 거래할 수 있다? 카카오 관련 주가가 하루 만에 30% 오른 이유&nbsp;&nbsp;뉴닉
2025-06-24,"韓 투자자, 'USDC 발행사' 서클 주식 3000억 사들였다 - 디지털애셋","韓 투자자, 'USDC 발행사' 서클 주식 3000억 사들였다&nbsp;&nbsp;디지털애셋",스테이블코인,2025-06,"韓 투자자, 'USDC 발행사' 서클 주식 3000억 사들였다 - 디지털애셋 韓 투자자, 'USDC 발행사' 서클 주식 3000억 사들였다&nbsp;&nbsp;디지털애셋"
2025-06-20,"카카오페이 상한가, 네이버 7% 급등...원貨 스테이블코인 발행 기대감에 양대 플랫폼 주 급등 - beyondpost.co.kr","카카오페이 상한가, 네이버 7% 급등...원貨 스테이블코인 발행 기대감에 양대 플랫폼 주 급등&nbsp;&nbsp;beyondpost.co.kr",스테이블코인,2025-06,"카카오페이 상한가, 네이버 7% 급등...원貨 스테이블코인 발행 기대감에 양대 플랫폼 주 급등 - beyondpost.co.kr 카카오페이 상한가, 네이버 7% 급등...원貨 스테이블코인 발행 기대감에 양대 플랫폼 주 급등&nbsp;&nbsp;beyondpost.co.kr"
2025-06-19,"""한국인 여기서 초대박"" 순식간에 '주가 4배'…3170억 뭉칫돈 넣었다 - 머니투데이 - 머니투데이","""한국인 여기서 초대박"" 순식간에 '주가 4배'…3170억 뭉칫돈 넣었다 - 머니투데이&nbsp;&nbsp;머니투데이",스테이블코인,2025-06,"""한국인 여기서 초대박"" 순식간에 '주가 4배'…3170억 뭉칫돈 넣었다 - 머니투데이 - 머니투데이 ""한국인 여기서 초대박"" 순식간에 '주가 4배'…3170억 뭉칫돈 넣었다 - 머니투데이&nbsp;&nbsp;머니투데이"
2025-06-19,"서클, 스테이블코인 법안 통과 후 급등…IPO 이후 500% 상승 - 디지털투데이","서클, 스테이블코인 법안 통과 후 급등…IPO 이후 500% 상승&nbsp;&nbsp;디지털투데이",스테이블코인,2025-06,"서클, 스테이블코인 법안 통과 후 급등…IPO 이후 500% 상승 - 디지털투데이 서클, 스테이블코인 법안 통과 후 급등…IPO 이후 500% 상승&nbsp;&nbsp;디지털투데이"
2025-06-10,"홍콩, 스테이블코인 법 8월 1일부터 시행…디지털 자산 '붐' 오나 - 연합인포맥스","홍콩, 스테이블코인 법 8월 1일부터 시행…디지털 자산 '붐' 오나&nbsp;&nbsp;연합인포맥스",스테이블코인,2025-06,"홍콩, 스테이블코인 법 8월 1일부터 시행…디지털 자산 '붐' 오나 - 연합인포맥스 홍콩, 스테이블코인 법 8월 1일부터 시행…디지털 자산 '붐' 오나&nbsp;&nbsp;연합인포맥스"
2025-06-25,"한은 ""스테이블코인 확산, 금융·외환시장에 잠재적 위험"" - 연합뉴스","한은 ""스테이블코인 확산, 금융·외환시장에 잠재적 위험""&nbsp;&nbsp;연합뉴스",스테이블코인,2025-06,"한은 ""스테이블코인 확산, 금융·외환시장에 잠재적 위험"" - 연합뉴스 한은 ""스테이블코인 확산, 금융·외환시장에 잠재적 위험""&nbsp;&nbsp;연합뉴스"
2025-06-26,"美 스테이블코인 법안, '테라사태' 권도형 재판에도 영향 가능성 - 연합뉴스","美 스테이블코인 법안, '테라사태' 권도형 재판에도 영향 가능성&nbsp;&nbsp;연합뉴스",스테이블코인,2025-06,"美 스테이블코인 법안, '테라사태' 권도형 재판에도 영향 가능성 - 연합뉴스 美 스테이블코인 법안, '테라사태' 권도형 재판에도 영향 가능성&nbsp;&nbsp;연합뉴스"
2025-06-26,"미국 국채 시장, 스테이블코인이 끌어올리나 - 연합뉴스","미국 국채 시장, 스테이블코인이 끌어올리나&nbsp;&nbsp;연합뉴스",스테이블코인,2025-06,"미국 국채 시장, 스테이블코인이 끌어올리나 - 연합뉴스 미국 국채 시장, 스테이블코인이 끌어올리나&nbsp;&nbsp;연합뉴스"
2025-06-16,[생생한 주식쇼 생쇼] 삼성에스디에스 (018260) - 매일경제 마켓,[생생한 주식쇼 생쇼] 삼성에스디에스 (018260)&nbsp;&nbsp;매일경제 마켓,스테이블코인,2025-06,[생생한 주식쇼 생쇼] 삼성에스디에스 (018260) - 매일경제 마켓 [생생한 주식쇼 생쇼] 삼성에스디에스 (018260)&nbsp;&nbsp;매일경제 마켓
2025-06-18,"[단독] 美 스테이블코인 USDC 발행사 서클, 한국은행 만났다 - 뉴스웨이","[단독] 美 스테이블코인 USDC 발행사 서클, 한국은행 만났다&nbsp;&nbsp;뉴스웨이",스테이블코인,2025-06,"[단독] 美 스테이블코인 USDC 발행사 서클, 한국은행 만났다 - 뉴스웨이 [단독] 美 스테이블코인 USDC 발행사 서클, 한국은행 만났다&nbsp;&nbsp;뉴스웨이"
2025-06-26,"카카오페이, 이틀 만에 또 거래정지…스테이블코인 테마 과열 - v.daum.net","카카오페이, 이틀 만에 또 거래정지…스테이블코인 테마 과열&nbsp;&nbsp;v.daum.net",스테이블코인,2025-06,"카카오페이, 이틀 만에 또 거래정지…스테이블코인 테마 과열 - v.daum.net 카카오페이, 이틀 만에 또 거래정지…스테이블코인 테마 과열&nbsp;&nbsp;v.daum.net"
2025-06-30,이 정도 거래량 맞아?…천하제일 단타대회 펼쳐진 테마주는 - 매일경제 마켓,이 정도 거래량 맞아?…천하제일 단타대회 펼쳐진 테마주는&nbsp;&nbsp;매일경제 마켓,스테이블코인,2025-06,이 정도 거래량 맞아?…천하제일 단타대회 펼쳐진 테마주는 - 매일경제 마켓 이 정도 거래량 맞아?…천하제일 단타대회 펼쳐진 테마주는&nbsp;&nbsp;매일경제 마켓
2025-06-10,"민주, 디지털자산기본법 발의 “원화 스테이블코인 발행 신속 추진” - 한겨레","민주, 디지털자산기본법 발의 “원화 스테이블코인 발행 신속 추진”&nbsp;&nbsp;한겨레",스테이블코인,2025-06,"민주, 디지털자산기본법 발의 “원화 스테이블코인 발행 신속 추진” - 한겨레 민주, 디지털자산기본법 발의 “원화 스테이블코인 발행 신속 추진”&nbsp;&nbsp;한겨레"
2025-06-05,"스테이블코인 발행사 서클, IPO로 1.5조원 조달...기업가치 11조원에 달해 - 글로벌이코노믹","스테이블코인 발행사 서클, IPO로 1.5조원 조달...기업가치 11조원에 달해&nbsp;&nbsp;글로벌이코노믹",스테이블코인,2025-06,"스테이블코인 발행사 서클, IPO로 1.5조원 조달...기업가치 11조원에 달해 - 글로벌이코노믹 스테이블코인 발행사 서클, IPO로 1.5조원 조달...기업가치 11조원에 달해&nbsp;&nbsp;글로벌이코노믹"
2025-06-04,"“리플, 서클 인수 위해 100억 달러 XRP 매도 가능성” - 글로벌이코노믹","“리플, 서클 인수 위해 100억 달러 XRP 매도 가능성”&nbsp;&nbsp;글로벌이코노믹",스테이블코인,2025-06,"“리플, 서클 인수 위해 100억 달러 XRP 매도 가능성” - 글로벌이코노믹 “리플, 서클 인수 위해 100억 달러 XRP 매도 가능성”&nbsp;&nbsp;글로벌이코노믹"
2025-06-11,[박혜진의 블록체인 아카이브] 증시에서 화답한 '디지털자산법 발의' - 오피니언뉴스,[박혜진의 블록체인 아카이브] 증시에서 화답한 '디지털자산법 발의'&nbsp;&nbsp;오피니언뉴스,스테이블코인,2025-06,[박혜진의 블록체인 아카이브] 증시에서 화답한 '디지털자산법 발의' - 오피니언뉴스 [박혜진의 블록체인 아카이브] 증시에서 화답한 '디지털자산법 발의'&nbsp;&nbsp;오피니언뉴스
2025-06-23,[Q&AI] 카카오페이 주가 급등... 원인 및 단기 전망은 - 지디넷코리아,[Q&amp;AI] 카카오페이 주가 급등... 원인 및 단기 전망은&nbsp;&nbsp;지디넷코리아,스테이블코인,2025-06,[Q&AI] 카카오페이 주가 급등... 원인 및 단기 전망은 - 지디넷코리아 [Q&amp;AI] 카카오페이 주가 급등... 원인 및 단기 전망은&nbsp;&nbsp;지디넷코리아
2025-06-17,스테이블코인 공룡 ‘서클’ 비중 국내 최대로 확대한 ETF는? - 파이낸셜뉴스,스테이블코인 공룡 ‘서클’ 비중 국내 최대로 확대한 ETF는?&nbsp;&nbsp;파이낸셜뉴스,스테이블코인,2025-06,스테이블코인 공룡 ‘서클’ 비중 국내 최대로 확대한 ETF는? - 파이낸셜뉴스 스테이블코인 공룡 ‘서클’ 비중 국내 최대로 확대한 ETF는?&nbsp;&nbsp;파이낸셜뉴스
2025-06-24,스테이블 코인 관련 주식 서클 폭등... 상장 20일만에 748% 올라 - 뉴스프리존,스테이블 코인 관련 주식 서클 폭등... 상장 20일만에 748% 올라&nbsp;&nbsp;뉴스프리존,스테이블코인,2025-06,스테이블 코인 관련 주식 서클 폭등... 상장 20일만에 748% 올라 - 뉴스프리존 스테이블 코인 관련 주식 서클 폭등... 상장 20일만에 748% 올라&nbsp;&nbsp;뉴스프리존
2025-06-25,돈나무언니 돌연 서클(CRCL) 주식 대량 매각 - 글로벌이코노믹,돈나무언니 돌연 서클(CRCL) 주식 대량 매각&nbsp;&nbsp;글로벌이코노믹,스테이블코인,2025-06,돈나무언니 돌연 서클(CRCL) 주식 대량 매각 - 글로벌이코노믹 돈나무언니 돌연 서클(CRCL) 주식 대량 매각&nbsp;&nbsp;글로벌이코노믹
2025-06-18,"17% 급등한 네이버…""실적 탄탄해 더 뛸 것"" - 한국경제","17% 급등한 네이버…""실적 탄탄해 더 뛸 것""&nbsp;&nbsp;한국경제",스테이블코인,2025-06,"17% 급등한 네이버…""실적 탄탄해 더 뛸 것"" - 한국경제 17% 급등한 네이버…""실적 탄탄해 더 뛸 것""&nbsp;&nbsp;한국경제"
2025-06-29,"코인베이스, 타임지 '2025년 가장 영향력 있는 기업 100' 선정 - 디지털투데이","코인베이스, 타임지 '2025년 가장 영향력 있는 기업 100' 선정&nbsp;&nbsp;디지털투데이",스테이블코인,2025-06,"코인베이스, 타임지 '2025년 가장 영향력 있는 기업 100' 선정 - 디지털투데이 코인베이스, 타임지 '2025년 가장 영향력 있는 기업 100' 선정&nbsp;&nbsp;디지털투데이"
2025-06-24,"아크 인베스트, 서클 주식 대거 매도…코인베이스·로빈후드로 갈아타 - 디지털애셋","아크 인베스트, 서클 주식 대거 매도…코인베이스·로빈후드로 갈아타&nbsp;&nbsp;디지털애셋",스테이블코인,2025-06,"아크 인베스트, 서클 주식 대거 매도…코인베이스·로빈후드로 갈아타 - 디지털애셋 아크 인베스트, 서클 주식 대거 매도…코인베이스·로빈후드로 갈아타&nbsp;&nbsp;디지털애셋"
2025-06-25,원화 스테이블코인 열풍 뜨겁다...어떤 주식 사야 할까? - 핀포인트뉴스,원화 스테이블코인 열풍 뜨겁다...어떤 주식 사야 할까?&nbsp;&nbsp;핀포인트뉴스,스테이블코인,2025-06,원화 스테이블코인 열풍 뜨겁다...어떤 주식 사야 할까? - 핀포인트뉴스 원화 스테이블코인 열풍 뜨겁다...어떤 주식 사야 할까?&nbsp;&nbsp;핀포인트뉴스
2025-06-24,'금융비서'로 진화하는 카카오페이…스테이블코인엔 신중 - 네이트,'금융비서'로 진화하는 카카오페이…스테이블코인엔 신중&nbsp;&nbsp;네이트,스테이블코인,2025-06,'금융비서'로 진화하는 카카오페이…스테이블코인엔 신중 - 네이트 '금융비서'로 진화하는 카카오페이…스테이블코인엔 신중&nbsp;&nbsp;네이트
2025-06-18,카카오보다 네이버? 네이버 주가 17% 급등 이유와 전망 - 뉴닉,카카오보다 네이버? 네이버 주가 17% 급등 이유와 전망&nbsp;&nbsp;뉴닉,스테이블코인,2025-06,카카오보다 네이버? 네이버 주가 17% 급등 이유와 전망 - 뉴닉 카카오보다 네이버? 네이버 주가 17% 급등 이유와 전망&nbsp;&nbsp;뉴닉
2025-06-09,"테더 ""IPO 계획 없다""…서클 상장 직후 발표 - 디지털애셋","테더 ""IPO 계획 없다""…서클 상장 직후 발표&nbsp;&nbsp;디지털애셋",스테이블코인,2025-06,"테더 ""IPO 계획 없다""…서클 상장 직후 발표 - 디지털애셋 테더 ""IPO 계획 없다""…서클 상장 직후 발표&nbsp;&nbsp;디지털애셋"
2025-06-06,서클 상장 첫날 주가 168% 급등…초기 목표 시총의 두 배 달성 - 스페셜타임스,서클 상장 첫날 주가 168% 급등…초기 목표 시총의 두 배 달성&nbsp;&nbsp;스페셜타임스,스테이블코인,2025-06,서클 상장 첫날 주가 168% 급등…초기 목표 시총의 두 배 달성 - 스페셜타임스 서클 상장 첫날 주가 168% 급등…초기 목표 시총의 두 배 달성&nbsp;&nbsp;스페셜타임스
2025-06-14,"글로벌 플랫폼 업홀드, XRP 스테이킹으로 생태계 활성화 '촉각' - 핀포인트뉴스","글로벌 플랫폼 업홀드, XRP 스테이킹으로 생태계 활성화 '촉각'&nbsp;&nbsp;핀포인트뉴스",스테이블코인,2025-06,"글로벌 플랫폼 업홀드, XRP 스테이킹으로 생태계 활성화 '촉각' - 핀포인트뉴스 글로벌 플랫폼 업홀드, XRP 스테이킹으로 생태계 활성화 '촉각'&nbsp;&nbsp;핀포인트뉴스"
2025-06-26,"'148% 폭등' 카카오페이, 이틀 만에 또 거래정지 - 네이트","'148% 폭등' 카카오페이, 이틀 만에 또 거래정지&nbsp;&nbsp;네이트",스테이블코인,2025-06,"'148% 폭등' 카카오페이, 이틀 만에 또 거래정지 - 네이트 '148% 폭등' 카카오페이, 이틀 만에 또 거래정지&nbsp;&nbsp;네이트"
2025-06-05,"서클 IPO, 투자자 주문 폭주…공모가 상향 전망 - 디지털투데이","서클 IPO, 투자자 주문 폭주…공모가 상향 전망&nbsp;&nbsp;디지털투데이",스테이블코인,2025-06,"서클 IPO, 투자자 주문 폭주…공모가 상향 전망 - 디지털투데이 서클 IPO, 투자자 주문 폭주…공모가 상향 전망&nbsp;&nbsp;디지털투데이"
2025-06-11,"일본 SBI, 서클 IPO에서 5000만달러 투자 - 디지털투데이","일본 SBI, 서클 IPO에서 5000만달러 투자&nbsp;&nbsp;디지털투데이",스테이블코인,2025-06,"일본 SBI, 서클 IPO에서 5000만달러 투자 - 디지털투데이 일본 SBI, 서클 IPO에서 5000만달러 투자&nbsp;&nbsp;디지털투데이"
2025-06-24,"서클, 시총 신기록 경신 행진…코인베이스 추월 임박 - 디지털투데이","서클, 시총 신기록 경신 행진…코인베이스 추월 임박&nbsp;&nbsp;디지털투데이",스테이블코인,2025-06,"서클, 시총 신기록 경신 행진…코인베이스 추월 임박 - 디지털투데이 서클, 시총 신기록 경신 행진…코인베이스 추월 임박&nbsp;&nbsp;디지털투데이"
2025-06-13,"케이뱅크, 스테이블코인 사업 본격화…오픈블록체인-DID협회 가입 - mhnse.com","케이뱅크, 스테이블코인 사업 본격화…오픈블록체인-DID협회 가입&nbsp;&nbsp;mhnse.com",스테이블코인,2025-06,"케이뱅크, 스테이블코인 사업 본격화…오픈블록체인-DID협회 가입 - mhnse.com 케이뱅크, 스테이블코인 사업 본격화…오픈블록체인-DID협회 가입&nbsp;&nbsp;mhnse.com"
2025-06-09,"카카오페이, 스테이블코인 기대에 상한가 ""5만원 돌파 앞두고 연고점 갱신"" - 블록미디어","카카오페이, 스테이블코인 기대에 상한가 ""5만원 돌파 앞두고 연고점 갱신""&nbsp;&nbsp;블록미디어",스테이블코인,2025-06,"카카오페이, 스테이블코인 기대에 상한가 ""5만원 돌파 앞두고 연고점 갱신"" - 블록미디어 카카오페이, 스테이블코인 기대에 상한가 ""5만원 돌파 앞두고 연고점 갱신""&nbsp;&nbsp;블록미디어"
2025-06-10,"NH투자증권 ""스테이블코인·토큰증권, 결제업종 반등 기회"" - tokenpost.kr","NH투자증권 ""스테이블코인·토큰증권, 결제업종 반등 기회""&nbsp;&nbsp;tokenpost.kr",스테이블코인,2025-06,"NH투자증권 ""스테이블코인·토큰증권, 결제업종 반등 기회"" - tokenpost.kr NH투자증권 ""스테이블코인·토큰증권, 결제업종 반등 기회""&nbsp;&nbsp;tokenpost.kr"
2025-06-17,"[저녁 뉴스브리핑] 민주당, 내달 디지털자산 혁신법 발의…스테이블코인 규제 강화 外 - tokenpost.kr","[저녁 뉴스브리핑] 민주당, 내달 디지털자산 혁신법 발의…스테이블코인 규제 강화 外&nbsp;&nbsp;tokenpost.kr",스테이블코인,2025-06,"[저녁 뉴스브리핑] 민주당, 내달 디지털자산 혁신법 발의…스테이블코인 규제 강화 外 - tokenpost.kr [저녁 뉴스브리핑] 민주당, 내달 디지털자산 혁신법 발의…스테이블코인 규제 강화 外&nbsp;&nbsp;tokenpost.kr"
2025-06-20,"NH투자 ""아모레퍼시픽, 중국 매출 반등…목표가↑"" - 연합뉴스","NH투자 ""아모레퍼시픽, 중국 매출 반등…목표가↑""&nbsp;&nbsp;연합뉴스",화장품,2025-06,"NH투자 ""아모레퍼시픽, 중국 매출 반등…목표가↑"" - 연합뉴스 NH투자 ""아모레퍼시픽, 중국 매출 반등…목표가↑""&nbsp;&nbsp;연합뉴스"
2025-06-20,눈썹염색 등 기능성화장품 부당광고 66건 적발…이상시 사용 중단 - 대한민국 정책브리핑,눈썹염색 등 기능성화장품 부당광고 66건 적발…이상시 사용 중단&nbsp;&nbsp;대한민국 정책브리핑,화장품,2025-06,눈썹염색 등 기능성화장품 부당광고 66건 적발…이상시 사용 중단 - 대한민국 정책브리핑 눈썹염색 등 기능성화장품 부당광고 66건 적발…이상시 사용 중단&nbsp;&nbsp;대한민국 정책브리핑
2025-06-05,'언더독에서 답톡으로' K-뷰티 글로벌 시장 트렌드 주도...유럽⸳중동서도 급성장 - 팜뉴스,'언더독에서 답톡으로' K-뷰티 글로벌 시장 트렌드 주도...유럽⸳중동서도 급성장&nbsp;&nbsp;팜뉴스,화장품,2025-06,'언더독에서 답톡으로' K-뷰티 글로벌 시장 트렌드 주도...유럽⸳중동서도 급성장 - 팜뉴스 '언더독에서 답톡으로' K-뷰티 글로벌 시장 트렌드 주도...유럽⸳중동서도 급성장&nbsp;&nbsp;팜뉴스
2025-06-29,제대 후 월급 75만원으로 시작…400억 잭팟 터트린 비결은 [윤현주의 主食이 주식] - 한국경제,제대 후 월급 75만원으로 시작…400억 잭팟 터트린 비결은 [윤현주의 主食이 주식]&nbsp;&nbsp;한국경제,화장품,2025-06,제대 후 월급 75만원으로 시작…400억 잭팟 터트린 비결은 [윤현주의 主食이 주식] - 한국경제 제대 후 월급 75만원으로 시작…400억 잭팟 터트린 비결은 [윤현주의 主食이 주식]&nbsp;&nbsp;한국경제
2025-06-14,"'경영권 강화라기 보다는'... 파마리서치는 왜, 인적분할 했나 - 히트뉴스","'경영권 강화라기 보다는'... 파마리서치는 왜, 인적분할 했나&nbsp;&nbsp;히트뉴스",화장품,2025-06,"'경영권 강화라기 보다는'... 파마리서치는 왜, 인적분할 했나 - 히트뉴스 '경영권 강화라기 보다는'... 파마리서치는 왜, 인적분할 했나&nbsp;&nbsp;히트뉴스"
2025-06-21,'화장품계 TSMC' 한국콜마 집안싸움 점입가경…K뷰티 여파 없나 - 뉴시스,'화장품계 TSMC' 한국콜마 집안싸움 점입가경…K뷰티 여파 없나&nbsp;&nbsp;뉴시스,화장품,2025-06,'화장품계 TSMC' 한국콜마 집안싸움 점입가경…K뷰티 여파 없나 - 뉴시스 '화장품계 TSMC' 한국콜마 집안싸움 점입가경…K뷰티 여파 없나&nbsp;&nbsp;뉴시스
2025-06-13,"실리콘투, 폴란드 수출 데이터에 주가 롤러코스터 - 조선비즈 - Chosunbiz","실리콘투, 폴란드 수출 데이터에 주가 롤러코스터 - 조선비즈&nbsp;&nbsp;Chosunbiz",화장품,2025-06,"실리콘투, 폴란드 수출 데이터에 주가 롤러코스터 - 조선비즈 - Chosunbiz 실리콘투, 폴란드 수출 데이터에 주가 롤러코스터 - 조선비즈&nbsp;&nbsp;Chosunbiz"
2025-06-24,"편의점, 옷·화장품도 판다… 미니 종합 쇼핑몰로 진화 - 파이낸셜뉴스","편의점, 옷·화장품도 판다… 미니 종합 쇼핑몰로 진화&nbsp;&nbsp;파이낸셜뉴스",화장품,2025-06,"편의점, 옷·화장품도 판다… 미니 종합 쇼핑몰로 진화 - 파이낸셜뉴스 편의점, 옷·화장품도 판다… 미니 종합 쇼핑몰로 진화&nbsp;&nbsp;파이낸셜뉴스"
2025-06-29,K-뷰티 미용기기 각축전…화장품-가전 경계 허물어졌다 - 연합뉴스,K-뷰티 미용기기 각축전…화장품-가전 경계 허물어졌다&nbsp;&nbsp;연합뉴스,화장품,2025-06,K-뷰티 미용기기 각축전…화장품-가전 경계 허물어졌다 - 연합뉴스 K-뷰티 미용기기 각축전…화장품-가전 경계 허물어졌다&nbsp;&nbsp;연합뉴스
2025-06-04,"K-뷰티, 덴마크 색조화장품 시장에서 존재감 확대… 프리미엄 제품으로 도약 채비 - 팜뉴스","K-뷰티, 덴마크 색조화장품 시장에서 존재감 확대… 프리미엄 제품으로 도약 채비&nbsp;&nbsp;팜뉴스",화장품,2025-06,"K-뷰티, 덴마크 색조화장품 시장에서 존재감 확대… 프리미엄 제품으로 도약 채비 - 팜뉴스 K-뷰티, 덴마크 색조화장품 시장에서 존재감 확대… 프리미엄 제품으로 도약 채비&nbsp;&nbsp;팜뉴스"
2025-06-30,"삼성증권 ""LG생건, 인디 브랜드와 격차 심화…목표가↓"" - 연합뉴스","삼성증권 ""LG생건, 인디 브랜드와 격차 심화…목표가↓""&nbsp;&nbsp;연합뉴스",화장품,2025-06,"삼성증권 ""LG생건, 인디 브랜드와 격차 심화…목표가↓"" - 연합뉴스 삼성증권 ""LG생건, 인디 브랜드와 격차 심화…목표가↓""&nbsp;&nbsp;연합뉴스"
2025-06-18,"캐나다 색조화장품 시장, '합리적 사치'와 '스키니피케이션' 트렌드서 기회 찾아야 - 팜뉴스","캐나다 색조화장품 시장, '합리적 사치'와 '스키니피케이션' 트렌드서 기회 찾아야&nbsp;&nbsp;팜뉴스",화장품,2025-06,"캐나다 색조화장품 시장, '합리적 사치'와 '스키니피케이션' 트렌드서 기회 찾아야 - 팜뉴스 캐나다 색조화장품 시장, '합리적 사치'와 '스키니피케이션' 트렌드서 기회 찾아야&nbsp;&nbsp;팜뉴스"
2025-06-19,SKⅡ·키엘 등 유명브랜드로 둔갑한 '맹물' 화장품…79억원 유통 - 연합뉴스,SKⅡ·키엘 등 유명브랜드로 둔갑한 '맹물' 화장품…79억원 유통&nbsp;&nbsp;연합뉴스,화장품,2025-06,SKⅡ·키엘 등 유명브랜드로 둔갑한 '맹물' 화장품…79억원 유통 - 연합뉴스 SKⅡ·키엘 등 유명브랜드로 둔갑한 '맹물' 화장품…79억원 유통&nbsp;&nbsp;연합뉴스
2025-06-19,"휴메딕스, '엘라비에 리투오 더 글로우파티' 개최 - 팜뉴스","휴메딕스, '엘라비에 리투오 더 글로우파티' 개최&nbsp;&nbsp;팜뉴스",화장품,2025-06,"휴메딕스, '엘라비에 리투오 더 글로우파티' 개최 - 팜뉴스 휴메딕스, '엘라비에 리투오 더 글로우파티' 개최&nbsp;&nbsp;팜뉴스"
2025-06-22,"K팝·K드라마에 K뷰티, 한식…NYT ""韓, 어떻게 문화강국 됐나"" - 연합뉴스","K팝·K드라마에 K뷰티, 한식…NYT ""韓, 어떻게 문화강국 됐나""&nbsp;&nbsp;연합뉴스",화장품,2025-06,"K팝·K드라마에 K뷰티, 한식…NYT ""韓, 어떻게 문화강국 됐나"" - 연합뉴스 K팝·K드라마에 K뷰티, 한식…NYT ""韓, 어떻게 문화강국 됐나""&nbsp;&nbsp;연합뉴스"
2025-06-11,"씨앤씨인터내셔널, 하반기 ‘스킨케어·하이브리드·썬케어 트로이카 전략 로드맵’ 공개 - 팜뉴스","씨앤씨인터내셔널, 하반기 ‘스킨케어·하이브리드·썬케어 트로이카 전략 로드맵’ 공개&nbsp;&nbsp;팜뉴스",화장품,2025-06,"씨앤씨인터내셔널, 하반기 ‘스킨케어·하이브리드·썬케어 트로이카 전략 로드맵’ 공개 - 팜뉴스 씨앤씨인터내셔널, 하반기 ‘스킨케어·하이브리드·썬케어 트로이카 전략 로드맵’ 공개&nbsp;&nbsp;팜뉴스"
2025-06-08,[이재명 정부] '실용외교'에 뷰티·관광 '중국특수' 기대감 - 연합뉴스,[이재명 정부] '실용외교'에 뷰티·관광 '중국특수' 기대감&nbsp;&nbsp;연합뉴스,화장품,2025-06,[이재명 정부] '실용외교'에 뷰티·관광 '중국특수' 기대감 - 연합뉴스 [이재명 정부] '실용외교'에 뷰티·관광 '중국특수' 기대감&nbsp;&nbsp;연합뉴스
2025-06-16,성숙기 진입한 호주 스킨케어 시장…‘마스크팩’에서 찾는 K-뷰티의 새로운 기회 - 팜뉴스,성숙기 진입한 호주 스킨케어 시장…‘마스크팩’에서 찾는 K-뷰티의 새로운 기회&nbsp;&nbsp;팜뉴스,화장품,2025-06,성숙기 진입한 호주 스킨케어 시장…‘마스크팩’에서 찾는 K-뷰티의 새로운 기회 - 팜뉴스 성숙기 진입한 호주 스킨케어 시장…‘마스크팩’에서 찾는 K-뷰티의 새로운 기회&nbsp;&nbsp;팜뉴스
2025-06-25,"""자외선차단제 6종, 심사·근거 없이 미백 등 기능성 광고"" - 연합뉴스","""자외선차단제 6종, 심사·근거 없이 미백 등 기능성 광고""&nbsp;&nbsp;연합뉴스",화장품,2025-06,"""자외선차단제 6종, 심사·근거 없이 미백 등 기능성 광고"" - 연합뉴스 ""자외선차단제 6종, 심사·근거 없이 미백 등 기능성 광고""&nbsp;&nbsp;연합뉴스"
2025-06-05,"K-뷰티, 베트남 마스크팩 시장 압도적 선두…성장세 지속 전망 - 팜뉴스","K-뷰티, 베트남 마스크팩 시장 압도적 선두…성장세 지속 전망&nbsp;&nbsp;팜뉴스",화장품,2025-06,"K-뷰티, 베트남 마스크팩 시장 압도적 선두…성장세 지속 전망 - 팜뉴스 K-뷰티, 베트남 마스크팩 시장 압도적 선두…성장세 지속 전망&nbsp;&nbsp;팜뉴스"
2025-06-11,"파마리서치, 병의원 공략 강화...전용 화장품 ‘리쥬란 시너지 부스터’ 리뉴얼 출시 - 팜뉴스","파마리서치, 병의원 공략 강화...전용 화장품 ‘리쥬란 시너지 부스터’ 리뉴얼 출시&nbsp;&nbsp;팜뉴스",화장품,2025-06,"파마리서치, 병의원 공략 강화...전용 화장품 ‘리쥬란 시너지 부스터’ 리뉴얼 출시 - 팜뉴스 파마리서치, 병의원 공략 강화...전용 화장품 ‘리쥬란 시너지 부스터’ 리뉴얼 출시&nbsp;&nbsp;팜뉴스"
2025-06-01,"LG생활건강, ‘CNP 바이 오디-티디’ 다이소에서 통했다...출시 9개월 만에 100만개 돌파 - 팜뉴스","LG생활건강, ‘CNP 바이 오디-티디’ 다이소에서 통했다...출시 9개월 만에 100만개 돌파&nbsp;&nbsp;팜뉴스",화장품,2025-06,"LG생활건강, ‘CNP 바이 오디-티디’ 다이소에서 통했다...출시 9개월 만에 100만개 돌파 - 팜뉴스 LG생활건강, ‘CNP 바이 오디-티디’ 다이소에서 통했다...출시 9개월 만에 100만개 돌파&nbsp;&nbsp;팜뉴스"
2025-06-10,"파마리서치, 리쥬란 정품인증 프로그램 신규 개편 - 팜뉴스","파마리서치, 리쥬란 정품인증 프로그램 신규 개편&nbsp;&nbsp;팜뉴스",화장품,2025-06,"파마리서치, 리쥬란 정품인증 프로그램 신규 개편 - 팜뉴스 파마리서치, 리쥬란 정품인증 프로그램 신규 개편&nbsp;&nbsp;팜뉴스"
2025-06-20,"""이게 한국 거야?""…미국 이어 유럽서도 폭풍 질주 중인 K뷰티 - 네이트","""이게 한국 거야?""…미국 이어 유럽서도 폭풍 질주 중인 K뷰티&nbsp;&nbsp;네이트",화장품,2025-06,"""이게 한국 거야?""…미국 이어 유럽서도 폭풍 질주 중인 K뷰티 - 네이트 ""이게 한국 거야?""…미국 이어 유럽서도 폭풍 질주 중인 K뷰티&nbsp;&nbsp;네이트"
2025-06-23,"LG생활건강, LG전자 '프라엘' 양수…""뷰티테크 사업 고도화"" - 연합뉴스","LG생활건강, LG전자 '프라엘' 양수…""뷰티테크 사업 고도화""&nbsp;&nbsp;연합뉴스",화장품,2025-06,"LG생활건강, LG전자 '프라엘' 양수…""뷰티테크 사업 고도화"" - 연합뉴스 LG생활건강, LG전자 '프라엘' 양수…""뷰티테크 사업 고도화""&nbsp;&nbsp;연합뉴스"
2025-06-23,"애경산업, 루나 하이퍼 플루이드 파운데이션 출시 - 팜뉴스","애경산업, 루나 하이퍼 플루이드 파운데이션 출시&nbsp;&nbsp;팜뉴스",화장품,2025-06,"애경산업, 루나 하이퍼 플루이드 파운데이션 출시 - 팜뉴스 애경산업, 루나 하이퍼 플루이드 파운데이션 출시&nbsp;&nbsp;팜뉴스"
2025-06-03,"코스맥스, 中 소비 개선·사상최대 실적에 주가 고공행진 - 한국경제","코스맥스, 中 소비 개선·사상최대 실적에 주가 고공행진&nbsp;&nbsp;한국경제",화장품,2025-06,"코스맥스, 中 소비 개선·사상최대 실적에 주가 고공행진 - 한국경제 코스맥스, 中 소비 개선·사상최대 실적에 주가 고공행진&nbsp;&nbsp;한국경제"
2025-06-02,"패션업계, 화장품부터 엔터까지...미래 먹거리 찾기 안간힘 - 뉴스웨이","패션업계, 화장품부터 엔터까지...미래 먹거리 찾기 안간힘&nbsp;&nbsp;뉴스웨이",화장품,2025-06,"패션업계, 화장품부터 엔터까지...미래 먹거리 찾기 안간힘 - 뉴스웨이 패션업계, 화장품부터 엔터까지...미래 먹거리 찾기 안간힘&nbsp;&nbsp;뉴스웨이"
2025-06-30,"애경산업, 2080 덴티리프 구취케어 치약 출시 - 팜뉴스","애경산업, 2080 덴티리프 구취케어 치약 출시&nbsp;&nbsp;팜뉴스",화장품,2025-06,"애경산업, 2080 덴티리프 구취케어 치약 출시 - 팜뉴스 애경산업, 2080 덴티리프 구취케어 치약 출시&nbsp;&nbsp;팜뉴스"
2025-06-19,"싸게 산 명품 화장품, 알고보니 ‘맹물’ 짝퉁 화장품 - 매일경제","싸게 산 명품 화장품, 알고보니 ‘맹물’ 짝퉁 화장품&nbsp;&nbsp;매일경제",화장품,2025-06,"싸게 산 명품 화장품, 알고보니 ‘맹물’ 짝퉁 화장품 - 매일경제 싸게 산 명품 화장품, 알고보니 ‘맹물’ 짝퉁 화장품&nbsp;&nbsp;매일경제"
2025-06-19,"루나, 日 공략 강화...도쿄에 단독 팝업스토어 운영 - 팜뉴스","루나, 日 공략 강화...도쿄에 단독 팝업스토어 운영&nbsp;&nbsp;팜뉴스",화장품,2025-06,"루나, 日 공략 강화...도쿄에 단독 팝업스토어 운영 - 팜뉴스 루나, 日 공략 강화...도쿄에 단독 팝업스토어 운영&nbsp;&nbsp;팜뉴스"
2025-06-26,"대명화학, 국내 첫 뷰티 아웃렛 ‘오프뷰티’ 런칭 - 어패럴뉴스","대명화학, 국내 첫 뷰티 아웃렛 ‘오프뷰티’ 런칭&nbsp;&nbsp;어패럴뉴스",화장품,2025-06,"대명화학, 국내 첫 뷰티 아웃렛 ‘오프뷰티’ 런칭 - 어패럴뉴스 대명화학, 국내 첫 뷰티 아웃렛 ‘오프뷰티’ 런칭&nbsp;&nbsp;어패럴뉴스"
2025-06-22,[주린이]애경산업 인수전서 발 뺀 동국제약·호반…가격과 성장성 모두 '의문부호' - 뉴스웨이브,[주린이]애경산업 인수전서 발 뺀 동국제약·호반…가격과 성장성 모두 '의문부호'&nbsp;&nbsp;뉴스웨이브,화장품,2025-06,[주린이]애경산업 인수전서 발 뺀 동국제약·호반…가격과 성장성 모두 '의문부호' - 뉴스웨이브 [주린이]애경산업 인수전서 발 뺀 동국제약·호반…가격과 성장성 모두 '의문부호'&nbsp;&nbsp;뉴스웨이브
2025-06-11,"""화장품만 있는 줄 알았지?"" 남자 위한 올리브영 생겼다[르포] - 네이트","""화장품만 있는 줄 알았지?"" 남자 위한 올리브영 생겼다[르포]&nbsp;&nbsp;네이트",화장품,2025-06,"""화장품만 있는 줄 알았지?"" 남자 위한 올리브영 생겼다[르포] - 네이트 ""화장품만 있는 줄 알았지?"" 남자 위한 올리브영 생겼다[르포]&nbsp;&nbsp;네이트"
2025-06-03,"고물가에 '듀프 열풍'…유통업계, 발빠른 대응 - 네이트","고물가에 '듀프 열풍'…유통업계, 발빠른 대응&nbsp;&nbsp;네이트",화장품,2025-06,"고물가에 '듀프 열풍'…유통업계, 발빠른 대응 - 네이트 고물가에 '듀프 열풍'…유통업계, 발빠른 대응&nbsp;&nbsp;네이트"
2025-06-24,"우리은행, 우리원뱅킹 앱에 MTS 서비스 탑재 - 오피니언뉴스","우리은행, 우리원뱅킹 앱에 MTS 서비스 탑재&nbsp;&nbsp;오피니언뉴스",은행,2025-06,"우리은행, 우리원뱅킹 앱에 MTS 서비스 탑재 - 오피니언뉴스 우리은행, 우리원뱅킹 앱에 MTS 서비스 탑재&nbsp;&nbsp;오피니언뉴스"
2025-06-10,"주식과 채권의 수익구조, 투자 필수 개념 완전 정리! - KB Think","주식과 채권의 수익구조, 투자 필수 개념 완전 정리!&nbsp;&nbsp;KB Think",은행,2025-06,"주식과 채권의 수익구조, 투자 필수 개념 완전 정리! - KB Think 주식과 채권의 수익구조, 투자 필수 개념 완전 정리!&nbsp;&nbsp;KB Think"
2025-06-24,"'우리WON뱅킹' 앱에서도 주식거래…""12월에는 해외주식도"" - v.daum.net","'우리WON뱅킹' 앱에서도 주식거래…""12월에는 해외주식도""&nbsp;&nbsp;v.daum.net",은행,2025-06,"'우리WON뱅킹' 앱에서도 주식거래…""12월에는 해외주식도"" - v.daum.net '우리WON뱅킹' 앱에서도 주식거래…""12월에는 해외주식도""&nbsp;&nbsp;v.daum.net"
2025-06-23,[美 이란 공격] 이스라엘 주식시장은 사상 최고치…통화가치도 ↑ - 연합뉴스,[美 이란 공격] 이스라엘 주식시장은 사상 최고치…통화가치도 ↑&nbsp;&nbsp;연합뉴스,은행,2025-06,[美 이란 공격] 이스라엘 주식시장은 사상 최고치…통화가치도 ↑ - 연합뉴스 [美 이란 공격] 이스라엘 주식시장은 사상 최고치…통화가치도 ↑&nbsp;&nbsp;연합뉴스
2025-06-18,"NH투자증권, 글로벌 투자은행 에버코어와 IPO 전략적 제휴 체결 - 더밸류뉴스","NH투자증권, 글로벌 투자은행 에버코어와 IPO 전략적 제휴 체결&nbsp;&nbsp;더밸류뉴스",은행,2025-06,"NH투자증권, 글로벌 투자은행 에버코어와 IPO 전략적 제휴 체결 - 더밸류뉴스 NH투자증권, 글로벌 투자은행 에버코어와 IPO 전략적 제휴 체결&nbsp;&nbsp;더밸류뉴스"
2025-06-30,코스피 5000보다 중요한 건 주식 안 해도 되는 사회 - 오마이뉴스,코스피 5000보다 중요한 건 주식 안 해도 되는 사회&nbsp;&nbsp;오마이뉴스,은행,2025-06,코스피 5000보다 중요한 건 주식 안 해도 되는 사회 - 오마이뉴스 코스피 5000보다 중요한 건 주식 안 해도 되는 사회&nbsp;&nbsp;오마이뉴스
2025-06-23,지주사 주가 상승에도···‘주식 담보’ 희비 갈린 최태원·이웅열 - 시사저널e,지주사 주가 상승에도···‘주식 담보’ 희비 갈린 최태원·이웅열&nbsp;&nbsp;시사저널e,은행,2025-06,지주사 주가 상승에도···‘주식 담보’ 희비 갈린 최태원·이웅열 - 시사저널e 지주사 주가 상승에도···‘주식 담보’ 희비 갈린 최태원·이웅열&nbsp;&nbsp;시사저널e
2025-06-19,"코스피 3000 돌파, 지금이니? 주식 초보를 위한 ‘국장 투자’ 가이드 - 뉴닉","코스피 3000 돌파, 지금이니? 주식 초보를 위한 ‘국장 투자’ 가이드&nbsp;&nbsp;뉴닉",은행,2025-06,"코스피 3000 돌파, 지금이니? 주식 초보를 위한 ‘국장 투자’ 가이드 - 뉴닉 코스피 3000 돌파, 지금이니? 주식 초보를 위한 ‘국장 투자’ 가이드&nbsp;&nbsp;뉴닉"
2025-06-24,"우리은행 ‘우리WON뱅킹’ 앱, 주식거래 연계 서비스 탑재 - 뉴스퀘스트","우리은행 ‘우리WON뱅킹’ 앱, 주식거래 연계 서비스 탑재&nbsp;&nbsp;뉴스퀘스트",은행,2025-06,"우리은행 ‘우리WON뱅킹’ 앱, 주식거래 연계 서비스 탑재 - 뉴스퀘스트 우리은행 ‘우리WON뱅킹’ 앱, 주식거래 연계 서비스 탑재&nbsp;&nbsp;뉴스퀘스트"
2025-06-21,‘돈나무 언니’도 서클 주식 쓸어 담았다 - 뉴스1,‘돈나무 언니’도 서클 주식 쓸어 담았다&nbsp;&nbsp;뉴스1,은행,2025-06,‘돈나무 언니’도 서클 주식 쓸어 담았다 - 뉴스1 ‘돈나무 언니’도 서클 주식 쓸어 담았다&nbsp;&nbsp;뉴스1
2025-06-25,"“은행 앱에서 주식·코인까지”…저금리 시대, 투자 입문자 품기 경쟁 - 뉴스투데이","“은행 앱에서 주식·코인까지”…저금리 시대, 투자 입문자 품기 경쟁&nbsp;&nbsp;뉴스투데이",은행,2025-06,"“은행 앱에서 주식·코인까지”…저금리 시대, 투자 입문자 품기 경쟁 - 뉴스투데이 “은행 앱에서 주식·코인까지”…저금리 시대, 투자 입문자 품기 경쟁&nbsp;&nbsp;뉴스투데이"
2025-06-04,새 정부 상법 개정 기대감에 주식시장 환호 - 세상을 바꾸는 시민언론 민들레,새 정부 상법 개정 기대감에 주식시장 환호&nbsp;&nbsp;세상을 바꾸는 시민언론 민들레,은행,2025-06,새 정부 상법 개정 기대감에 주식시장 환호 - 세상을 바꾸는 시민언론 민들레 새 정부 상법 개정 기대감에 주식시장 환호&nbsp;&nbsp;세상을 바꾸는 시민언론 민들레
2025-06-27,한국은행의 경고에도… 춤추는 ‘스테이블코인 관련주’ [뉴스톡 웰스톡] - 뉴스웰,한국은행의 경고에도… 춤추는 ‘스테이블코인 관련주’ [뉴스톡 웰스톡]&nbsp;&nbsp;뉴스웰,은행,2025-06,한국은행의 경고에도… 춤추는 ‘스테이블코인 관련주’ [뉴스톡 웰스톡] - 뉴스웰 한국은행의 경고에도… 춤추는 ‘스테이블코인 관련주’ [뉴스톡 웰스톡]&nbsp;&nbsp;뉴스웰
2025-06-20,금융株가 다시 '국민 주식'이 되려면 - 한국경제,금융株가 다시 '국민 주식'이 되려면&nbsp;&nbsp;한국경제,은행,2025-06,금융株가 다시 '국민 주식'이 되려면 - 한국경제 금융株가 다시 '국민 주식'이 되려면&nbsp;&nbsp;한국경제
2025-06-04,"한국투자증권 앱, 미국 주식 소수점 투자 기능 확대 - KPI뉴스","한국투자증권 앱, 미국 주식 소수점 투자 기능 확대&nbsp;&nbsp;KPI뉴스",은행,2025-06,"한국투자증권 앱, 미국 주식 소수점 투자 기능 확대 - KPI뉴스 한국투자증권 앱, 미국 주식 소수점 투자 기능 확대&nbsp;&nbsp;KPI뉴스"
2025-06-25,"IBK증권, 아이원뱅크 통한 신규계좌 개설 혜택 확대 - DFT 대한금융신문","IBK증권, 아이원뱅크 통한 신규계좌 개설 혜택 확대&nbsp;&nbsp;DFT 대한금융신문",은행,2025-06,"IBK증권, 아이원뱅크 통한 신규계좌 개설 혜택 확대 - DFT 대한금융신문 IBK증권, 아이원뱅크 통한 신규계좌 개설 혜택 확대&nbsp;&nbsp;DFT 대한금융신문"
2025-06-24,"우리WON뱅킹, MTS 연계 서비스 오픈...""은행 앱에서 주식 거래도 가능"" - v.daum.net","우리WON뱅킹, MTS 연계 서비스 오픈...""은행 앱에서 주식 거래도 가능""&nbsp;&nbsp;v.daum.net",은행,2025-06,"우리WON뱅킹, MTS 연계 서비스 오픈...""은행 앱에서 주식 거래도 가능"" - v.daum.net 우리WON뱅킹, MTS 연계 서비스 오픈...""은행 앱에서 주식 거래도 가능""&nbsp;&nbsp;v.daum.net"
2025-06-28,내일부터 외국환업무취급기관 '김치본드' 투자 허용 - 연합뉴스,내일부터 외국환업무취급기관 '김치본드' 투자 허용&nbsp;&nbsp;연합뉴스,은행,2025-06,내일부터 외국환업무취급기관 '김치본드' 투자 허용 - 연합뉴스 내일부터 외국환업무취급기관 '김치본드' 투자 허용&nbsp;&nbsp;연합뉴스
2025-06-08,은행 예금금리 3년만에 최저…이번주 KB·기업銀 최대 0.25%p↓ - 연합뉴스,은행 예금금리 3년만에 최저…이번주 KB·기업銀 최대 0.25%p↓&nbsp;&nbsp;연합뉴스,은행,2025-06,은행 예금금리 3년만에 최저…이번주 KB·기업銀 최대 0.25%p↓ - 연합뉴스 은행 예금금리 3년만에 최저…이번주 KB·기업銀 최대 0.25%p↓&nbsp;&nbsp;연합뉴스
2025-06-15,“내가 대통령 숨은 수혜주”···코스피 보다 3배 더 오른 월배당 ETF는 [매일 돈이 보이는 습관 M+] - 매일경제,“내가 대통령 숨은 수혜주”···코스피 보다 3배 더 오른 월배당 ETF는 [매일 돈이 보이는 습관 M+]&nbsp;&nbsp;매일경제,은행,2025-06,“내가 대통령 숨은 수혜주”···코스피 보다 3배 더 오른 월배당 ETF는 [매일 돈이 보이는 습관 M+] - 매일경제 “내가 대통령 숨은 수혜주”···코스피 보다 3배 더 오른 월배당 ETF는 [매일 돈이 보이는 습관 M+]&nbsp;&nbsp;매일경제
2025-06-29,‘1700% 성과급 폭탄’ 터뜨린 SK하이닉스… ‘돈벼락 잔치’ 언제까지 갈까 [AI 프리즘*주식투자자 뉴스] - 서울경제,‘1700% 성과급 폭탄’ 터뜨린 SK하이닉스… ‘돈벼락 잔치’ 언제까지 갈까 [AI 프리즘*주식투자자 뉴스]&nbsp;&nbsp;서울경제,은행,2025-06,‘1700% 성과급 폭탄’ 터뜨린 SK하이닉스… ‘돈벼락 잔치’ 언제까지 갈까 [AI 프리즘*주식투자자 뉴스] - 서울경제 ‘1700% 성과급 폭탄’ 터뜨린 SK하이닉스… ‘돈벼락 잔치’ 언제까지 갈까 [AI 프리즘*주식투자자 뉴스]&nbsp;&nbsp;서울경제
2025-06-17,민주당 집권=집값 상승?…'부동산+주식' 다시 불붙는 '영끌' - 오피니언뉴스,민주당 집권=집값 상승?…'부동산+주식' 다시 불붙는 '영끌'&nbsp;&nbsp;오피니언뉴스,은행,2025-06,민주당 집권=집값 상승?…'부동산+주식' 다시 불붙는 '영끌' - 오피니언뉴스 민주당 집권=집값 상승?…'부동산+주식' 다시 불붙는 '영끌'&nbsp;&nbsp;오피니언뉴스
2025-06-26,스테이블코인 관련주 투자열기…“테마주 성격 강해” 과열 경고음 - 한겨레,스테이블코인 관련주 투자열기…“테마주 성격 강해” 과열 경고음&nbsp;&nbsp;한겨레,은행,2025-06,스테이블코인 관련주 투자열기…“테마주 성격 강해” 과열 경고음 - 한겨레 스테이블코인 관련주 투자열기…“테마주 성격 강해” 과열 경고음&nbsp;&nbsp;한겨레
2025-06-23,"[창간13주년 찐한국] ➂ NH금융·IBK, ‘수익구조 재편’ 본격화 - 스트레이트뉴스","[창간13주년 찐한국] ➂ NH금융·IBK, ‘수익구조 재편’ 본격화&nbsp;&nbsp;스트레이트뉴스",은행,2025-06,"[창간13주년 찐한국] ➂ NH금융·IBK, ‘수익구조 재편’ 본격화 - 스트레이트뉴스 [창간13주년 찐한국] ➂ NH금융·IBK, ‘수익구조 재편’ 본격화&nbsp;&nbsp;스트레이트뉴스"
2025-06-12,"하나증권 ""해외주식전용 통장으로 거래하고 미국주식 받아가세요"" - 한국경제","하나증권 ""해외주식전용 통장으로 거래하고 미국주식 받아가세요""&nbsp;&nbsp;한국경제",은행,2025-06,"하나증권 ""해외주식전용 통장으로 거래하고 미국주식 받아가세요"" - 한국경제 하나증권 ""해외주식전용 통장으로 거래하고 미국주식 받아가세요""&nbsp;&nbsp;한국경제"
2025-06-26,"4년 기다렸는데… 카카오뱅크, 우리사주 탈출 눈앞서 ‘주르륵’ - 조선비즈 - Chosunbiz","4년 기다렸는데… 카카오뱅크, 우리사주 탈출 눈앞서 ‘주르륵’ - 조선비즈&nbsp;&nbsp;Chosunbiz",은행,2025-06,"4년 기다렸는데… 카카오뱅크, 우리사주 탈출 눈앞서 ‘주르륵’ - 조선비즈 - Chosunbiz 4년 기다렸는데… 카카오뱅크, 우리사주 탈출 눈앞서 ‘주르륵’ - 조선비즈&nbsp;&nbsp;Chosunbiz"
2025-06-25,"""국내 은행주, 일본 견주면 추가 상승여력 있다"" - 뉴스프리존","""국내 은행주, 일본 견주면 추가 상승여력 있다""&nbsp;&nbsp;뉴스프리존",은행,2025-06,"""국내 은행주, 일본 견주면 추가 상승여력 있다"" - 뉴스프리존 ""국내 은행주, 일본 견주면 추가 상승여력 있다""&nbsp;&nbsp;뉴스프리존"
2025-06-25,"KB증권, PRIME CLUB 국내주식 투자 콘서트 연다 - 팝콘뉴스","KB증권, PRIME CLUB 국내주식 투자 콘서트 연다&nbsp;&nbsp;팝콘뉴스",은행,2025-06,"KB증권, PRIME CLUB 국내주식 투자 콘서트 연다 - 팝콘뉴스 KB증권, PRIME CLUB 국내주식 투자 콘서트 연다&nbsp;&nbsp;팝콘뉴스"
2025-06-19,"스테이블코인株, 새 정부 증시 주인공 '우뚝' - 한국경제","스테이블코인株, 새 정부 증시 주인공 '우뚝'&nbsp;&nbsp;한국경제",은행,2025-06,"스테이블코인株, 새 정부 증시 주인공 '우뚝' - 한국경제 스테이블코인株, 새 정부 증시 주인공 '우뚝'&nbsp;&nbsp;한국경제"
2025-06-24,'우리WON뱅킹'서 주식거래까지 한 번에…MTS 연계 서비스 오픈 - 뉴스드림,'우리WON뱅킹'서 주식거래까지 한 번에…MTS 연계 서비스 오픈&nbsp;&nbsp;뉴스드림,은행,2025-06,'우리WON뱅킹'서 주식거래까지 한 번에…MTS 연계 서비스 오픈 - 뉴스드림 '우리WON뱅킹'서 주식거래까지 한 번에…MTS 연계 서비스 오픈&nbsp;&nbsp;뉴스드림
2025-06-24,"우리투자증권, '우리WON뱅킹' 주식거래 서비스 오픈 기념 이벤트 - 팝콘뉴스","우리투자증권, '우리WON뱅킹' 주식거래 서비스 오픈 기념 이벤트&nbsp;&nbsp;팝콘뉴스",은행,2025-06,"우리투자증권, '우리WON뱅킹' 주식거래 서비스 오픈 기념 이벤트 - 팝콘뉴스 우리투자증권, '우리WON뱅킹' 주식거래 서비스 오픈 기념 이벤트&nbsp;&nbsp;팝콘뉴스"
2025-06-30,"스테이블코인 발행사 '써클', 이달 서학개미 순매수 1위...장기 전망은 ""글쎄"" - 오피니언뉴스","스테이블코인 발행사 '써클', 이달 서학개미 순매수 1위...장기 전망은 ""글쎄""&nbsp;&nbsp;오피니언뉴스",은행,2025-06,"스테이블코인 발행사 '써클', 이달 서학개미 순매수 1위...장기 전망은 ""글쎄"" - 오피니언뉴스 스테이블코인 발행사 '써클', 이달 서학개미 순매수 1위...장기 전망은 ""글쎄""&nbsp;&nbsp;오피니언뉴스"
2025-06-10,하나은행 “하나더넥스트를 만나면 인생 2막이 더욱 즐거워집니다” - 뉴스퀘스트,하나은행 “하나더넥스트를 만나면 인생 2막이 더욱 즐거워집니다”&nbsp;&nbsp;뉴스퀘스트,은행,2025-06,하나은행 “하나더넥스트를 만나면 인생 2막이 더욱 즐거워집니다” - 뉴스퀘스트 하나은행 “하나더넥스트를 만나면 인생 2막이 더욱 즐거워집니다”&nbsp;&nbsp;뉴스퀘스트
2025-06-18,"[단독] 美 스테이블코인 USDC 발행사 서클, 한국은행 만났다 - 뉴스웨이","[단독] 美 스테이블코인 USDC 발행사 서클, 한국은행 만났다&nbsp;&nbsp;뉴스웨이",은행,2025-06,"[단독] 美 스테이블코인 USDC 발행사 서클, 한국은행 만났다 - 뉴스웨이 [단독] 美 스테이블코인 USDC 발행사 서클, 한국은행 만났다&nbsp;&nbsp;뉴스웨이"
2025-06-25,"금융위, 상상인플러스저축은행 적기시정조치 결정..유니온은 유예 - 파이낸셜뉴스","금융위, 상상인플러스저축은행 적기시정조치 결정..유니온은 유예&nbsp;&nbsp;파이낸셜뉴스",은행,2025-06,"금융위, 상상인플러스저축은행 적기시정조치 결정..유니온은 유예 - 파이낸셜뉴스 금융위, 상상인플러스저축은행 적기시정조치 결정..유니온은 유예&nbsp;&nbsp;파이낸셜뉴스"
2025-06-13,"하나은행, 폐지폐 활용 굿즈 ‘돈나와라 머니클락’ 증정 이벤트 진행 - 필드뉴스","하나은행, 폐지폐 활용 굿즈 ‘돈나와라 머니클락’ 증정 이벤트 진행&nbsp;&nbsp;필드뉴스",은행,2025-06,"하나은행, 폐지폐 활용 굿즈 ‘돈나와라 머니클락’ 증정 이벤트 진행 - 필드뉴스 하나은행, 폐지폐 활용 굿즈 ‘돈나와라 머니클락’ 증정 이벤트 진행&nbsp;&nbsp;필드뉴스"
2025-06-19,"신한은행, 외국인 투자자 전담 조직 'FDI 파트너스' 출범 - 뉴스퀘스트","신한은행, 외국인 투자자 전담 조직 'FDI 파트너스' 출범&nbsp;&nbsp;뉴스퀘스트",은행,2025-06,"신한은행, 외국인 투자자 전담 조직 'FDI 파트너스' 출범 - 뉴스퀘스트 신한은행, 외국인 투자자 전담 조직 'FDI 파트너스' 출범&nbsp;&nbsp;뉴스퀘스트"
2025-06-24,스테이블 코인 관련 주식 서클 폭등... 상장 20일만에 748% 올라 - 뉴스프리존,스테이블 코인 관련 주식 서클 폭등... 상장 20일만에 748% 올라&nbsp;&nbsp;뉴스프리존,은행,2025-06,스테이블 코인 관련 주식 서클 폭등... 상장 20일만에 748% 올라 - 뉴스프리존 스테이블 코인 관련 주식 서클 폭등... 상장 20일만에 748% 올라&nbsp;&nbsp;뉴스프리존
2025-06-30,"시청자 평점 ‘반 토막’…오징어게임3, 화제성만큼은… [지금뉴스] - KBS 뉴스","시청자 평점 ‘반 토막’…오징어게임3, 화제성만큼은… [지금뉴스]&nbsp;&nbsp;KBS 뉴스",게임,2025-06,"시청자 평점 ‘반 토막’…오징어게임3, 화제성만큼은… [지금뉴스] - KBS 뉴스 시청자 평점 ‘반 토막’…오징어게임3, 화제성만큼은… [지금뉴스]&nbsp;&nbsp;KBS 뉴스"
2025-06-27,[카드뉴스] '오징어게임 시즌3' 속 추억의 골목놀이 5 - 이투데이,[카드뉴스] '오징어게임 시즌3' 속 추억의 골목놀이 5&nbsp;&nbsp;이투데이,게임,2025-06,[카드뉴스] '오징어게임 시즌3' 속 추억의 골목놀이 5 - 이투데이 [카드뉴스] '오징어게임 시즌3' 속 추억의 골목놀이 5&nbsp;&nbsp;이투데이
2025-06-04,"[이재명 정부] 게임업계, 산업 진흥·규제 해소 기대감 - 연합뉴스","[이재명 정부] 게임업계, 산업 진흥·규제 해소 기대감&nbsp;&nbsp;연합뉴스",게임,2025-06,"[이재명 정부] 게임업계, 산업 진흥·규제 해소 기대감 - 연합뉴스 [이재명 정부] 게임업계, 산업 진흥·규제 해소 기대감&nbsp;&nbsp;연합뉴스"
2025-06-09,「Nintendo Switch 2 카탈로그」 디지털 버전 공개 | News | 한국닌텐도주식회사 - nintendo.com,「Nintendo Switch 2 카탈로그」 디지털 버전 공개 | News | 한국닌텐도주식회사&nbsp;&nbsp;nintendo.com,게임,2025-06,「Nintendo Switch 2 카탈로그」 디지털 버전 공개 | News | 한국닌텐도주식회사 - nintendo.com 「Nintendo Switch 2 카탈로그」 디지털 버전 공개 | News | 한국닌텐도주식회사&nbsp;&nbsp;nintendo.com
2025-06-19,메타버스 망한거 아니었어?…코로나때 주가 회복한 이 주식 [양지윤의 니가가라 나스닥] - 한국경제,메타버스 망한거 아니었어?…코로나때 주가 회복한 이 주식 [양지윤의 니가가라 나스닥]&nbsp;&nbsp;한국경제,게임,2025-06,메타버스 망한거 아니었어?…코로나때 주가 회복한 이 주식 [양지윤의 니가가라 나스닥] - 한국경제 메타버스 망한거 아니었어?…코로나때 주가 회복한 이 주식 [양지윤의 니가가라 나스닥]&nbsp;&nbsp;한국경제
2025-06-26,심리 게임 들어간 서울 집값…이번엔 달라야 [뉴스룸에서] - 한겨레,심리 게임 들어간 서울 집값…이번엔 달라야 [뉴스룸에서]&nbsp;&nbsp;한겨레,게임,2025-06,심리 게임 들어간 서울 집값…이번엔 달라야 [뉴스룸에서] - 한겨레 심리 게임 들어간 서울 집값…이번엔 달라야 [뉴스룸에서]&nbsp;&nbsp;한겨레
2025-06-23,[Q&AI] 카카오페이 주가 급등... 원인 및 단기 전망은 - 지디넷코리아,[Q&amp;AI] 카카오페이 주가 급등... 원인 및 단기 전망은&nbsp;&nbsp;지디넷코리아,게임,2025-06,[Q&AI] 카카오페이 주가 급등... 원인 및 단기 전망은 - 지디넷코리아 [Q&amp;AI] 카카오페이 주가 급등... 원인 및 단기 전망은&nbsp;&nbsp;지디넷코리아
2025-06-11,"‘고추대차’ 한의사, 주식 리딩방 이끌며 사기행각 - 뉴스프리존","‘고추대차’ 한의사, 주식 리딩방 이끌며 사기행각&nbsp;&nbsp;뉴스프리존",게임,2025-06,"‘고추대차’ 한의사, 주식 리딩방 이끌며 사기행각 - 뉴스프리존 ‘고추대차’ 한의사, 주식 리딩방 이끌며 사기행각&nbsp;&nbsp;뉴스프리존"
2025-06-21,‘돈나무 언니’도 서클 주식 쓸어 담았다 - 뉴스1,‘돈나무 언니’도 서클 주식 쓸어 담았다&nbsp;&nbsp;뉴스1,게임,2025-06,‘돈나무 언니’도 서클 주식 쓸어 담았다 - 뉴스1 ‘돈나무 언니’도 서클 주식 쓸어 담았다&nbsp;&nbsp;뉴스1
2025-06-19,13살 아들의 모의투자를 보며 배운 것 - 오마이뉴스,13살 아들의 모의투자를 보며 배운 것&nbsp;&nbsp;오마이뉴스,게임,2025-06,13살 아들의 모의투자를 보며 배운 것 - 오마이뉴스 13살 아들의 모의투자를 보며 배운 것&nbsp;&nbsp;오마이뉴스
2025-06-19,"삼정KPMG, 2025 게임 산업 10대 트렌드 제시 - 네이트","삼정KPMG, 2025 게임 산업 10대 트렌드 제시&nbsp;&nbsp;네이트",게임,2025-06,"삼정KPMG, 2025 게임 산업 10대 트렌드 제시 - 네이트 삼정KPMG, 2025 게임 산업 10대 트렌드 제시&nbsp;&nbsp;네이트"
2025-06-12,"게임스톱, 비트코인 더 산다…2조원 상당 자금 조달 - 디지털투데이","게임스톱, 비트코인 더 산다…2조원 상당 자금 조달&nbsp;&nbsp;디지털투데이",게임,2025-06,"게임스톱, 비트코인 더 산다…2조원 상당 자금 조달 - 디지털투데이 게임스톱, 비트코인 더 산다…2조원 상당 자금 조달&nbsp;&nbsp;디지털투데이"
2025-06-20,"카카오게임즈, '크로노 오디세이' 글로벌 비공개 베타테스트 - 연합뉴스","카카오게임즈, '크로노 오디세이' 글로벌 비공개 베타테스트&nbsp;&nbsp;연합뉴스",게임,2025-06,"카카오게임즈, '크로노 오디세이' 글로벌 비공개 베타테스트 - 연합뉴스 카카오게임즈, '크로노 오디세이' 글로벌 비공개 베타테스트&nbsp;&nbsp;연합뉴스"
2025-06-04,'누가 왕이 될 상인가'…'게임체인저' 유리기판 각축전 불꽃 - 뉴스1,'누가 왕이 될 상인가'…'게임체인저' 유리기판 각축전 불꽃&nbsp;&nbsp;뉴스1,게임,2025-06,'누가 왕이 될 상인가'…'게임체인저' 유리기판 각축전 불꽃 - 뉴스1 '누가 왕이 될 상인가'…'게임체인저' 유리기판 각축전 불꽃&nbsp;&nbsp;뉴스1
2025-06-08,'위믹스 상폐' 결정에…위메이드가 찾은 활로는 - 한국경제,'위믹스 상폐' 결정에…위메이드가 찾은 활로는&nbsp;&nbsp;한국경제,게임,2025-06,'위믹스 상폐' 결정에…위메이드가 찾은 활로는 - 한국경제 '위믹스 상폐' 결정에…위메이드가 찾은 활로는&nbsp;&nbsp;한국경제
2025-06-14,[게임위드인] 차세대 MMO 잠재력 보여준 '크로노 오디세이' 베타 - 연합뉴스,[게임위드인] 차세대 MMO 잠재력 보여준 '크로노 오디세이' 베타&nbsp;&nbsp;연합뉴스,게임,2025-06,[게임위드인] 차세대 MMO 잠재력 보여준 '크로노 오디세이' 베타 - 연합뉴스 [게임위드인] 차세대 MMO 잠재력 보여준 '크로노 오디세이' 베타&nbsp;&nbsp;연합뉴스
2025-06-13,'가혹한 상속세'에 꺾인 넥슨…결국 中 자본에 넘어가나 - 한국경제,'가혹한 상속세'에 꺾인 넥슨…결국 中 자본에 넘어가나&nbsp;&nbsp;한국경제,게임,2025-06,'가혹한 상속세'에 꺾인 넥슨…결국 中 자본에 넘어가나 - 한국경제 '가혹한 상속세'에 꺾인 넥슨…결국 中 자본에 넘어가나&nbsp;&nbsp;한국경제
2025-06-23,"'리메멘토' 블랙스톰, 직원 다수에 권고사직 - 연합뉴스","'리메멘토' 블랙스톰, 직원 다수에 권고사직&nbsp;&nbsp;연합뉴스",게임,2025-06,"'리메멘토' 블랙스톰, 직원 다수에 권고사직 - 연합뉴스 '리메멘토' 블랙스톰, 직원 다수에 권고사직&nbsp;&nbsp;연합뉴스"
2025-06-05,"'광주 런닝맨' 시민들이 폭도?…역사 왜곡 게임 ""삭제 추진"" - 한국경제","'광주 런닝맨' 시민들이 폭도?…역사 왜곡 게임 ""삭제 추진""&nbsp;&nbsp;한국경제",게임,2025-06,"'광주 런닝맨' 시민들이 폭도?…역사 왜곡 게임 ""삭제 추진"" - 한국경제 '광주 런닝맨' 시민들이 폭도?…역사 왜곡 게임 ""삭제 추진""&nbsp;&nbsp;한국경제"
2025-06-30,'나도 주인공 돼 볼까'…오징어게임 팝업 광화문 행사 - 연합뉴스,'나도 주인공 돼 볼까'…오징어게임 팝업 광화문 행사&nbsp;&nbsp;연합뉴스,게임,2025-06,'나도 주인공 돼 볼까'…오징어게임 팝업 광화문 행사 - 연합뉴스 '나도 주인공 돼 볼까'…오징어게임 팝업 광화문 행사&nbsp;&nbsp;연합뉴스
2025-06-07,"‘메이플스토리’ 여름 쇼케이스, 속 시원한 결과물 내놨다 ‘호응 폭발’ - 경향게임스","‘메이플스토리’ 여름 쇼케이스, 속 시원한 결과물 내놨다 ‘호응 폭발’&nbsp;&nbsp;경향게임스",게임,2025-06,"‘메이플스토리’ 여름 쇼케이스, 속 시원한 결과물 내놨다 ‘호응 폭발’ - 경향게임스 ‘메이플스토리’ 여름 쇼케이스, 속 시원한 결과물 내놨다 ‘호응 폭발’&nbsp;&nbsp;경향게임스"
2025-06-04,"김숙 ""주식 600만 원→20만 원…이후 2년간 게임 중독"" (유퀴즈) - iMBC 연예","김숙 ""주식 600만 원→20만 원…이후 2년간 게임 중독"" (유퀴즈)&nbsp;&nbsp;iMBC 연예",게임,2025-06,"김숙 ""주식 600만 원→20만 원…이후 2년간 게임 중독"" (유퀴즈) - iMBC 연예 김숙 ""주식 600만 원→20만 원…이후 2년간 게임 중독"" (유퀴즈)&nbsp;&nbsp;iMBC 연예"
2025-06-17,‘블소 히어로즈’ 쇼케이스 영상 공개 … 글로벌 시장 공략 가속화 - 경향게임스,‘블소 히어로즈’ 쇼케이스 영상 공개 … 글로벌 시장 공략 가속화&nbsp;&nbsp;경향게임스,게임,2025-06,‘블소 히어로즈’ 쇼케이스 영상 공개 … 글로벌 시장 공략 가속화 - 경향게임스 ‘블소 히어로즈’ 쇼케이스 영상 공개 … 글로벌 시장 공략 가속화&nbsp;&nbsp;경향게임스
2025-06-24,"크래프톤, 日애니메이션 기업 품는다…7000억 규모 - 한국경제","크래프톤, 日애니메이션 기업 품는다…7000억 규모&nbsp;&nbsp;한국경제",게임,2025-06,"크래프톤, 日애니메이션 기업 품는다…7000억 규모 - 한국경제 크래프톤, 日애니메이션 기업 품는다…7000억 규모&nbsp;&nbsp;한국경제"
2025-06-04,"솔라나 밈코인 봉크, 첫 공식 게임 '봉크 아레나' 출시 - 디지털투데이","솔라나 밈코인 봉크, 첫 공식 게임 '봉크 아레나' 출시&nbsp;&nbsp;디지털투데이",게임,2025-06,"솔라나 밈코인 봉크, 첫 공식 게임 '봉크 아레나' 출시 - 디지털투데이 솔라나 밈코인 봉크, 첫 공식 게임 '봉크 아레나' 출시&nbsp;&nbsp;디지털투데이"
2025-06-25,2차 전지부터 로봇까지…‘연쇄 주가조작’ 일당 기소 - 한겨레,2차 전지부터 로봇까지…‘연쇄 주가조작’ 일당 기소&nbsp;&nbsp;한겨레,로봇,2025-06,2차 전지부터 로봇까지…‘연쇄 주가조작’ 일당 기소 - 한겨레 2차 전지부터 로봇까지…‘연쇄 주가조작’ 일당 기소&nbsp;&nbsp;한겨레
2025-06-20,"""손정의, 미국 애리조나에 1조달러 규모 AI·로봇단지 구상"" - 연합뉴스","""손정의, 미국 애리조나에 1조달러 규모 AI·로봇단지 구상""&nbsp;&nbsp;연합뉴스",로봇,2025-06,"""손정의, 미국 애리조나에 1조달러 규모 AI·로봇단지 구상"" - 연합뉴스 ""손정의, 미국 애리조나에 1조달러 규모 AI·로봇단지 구상""&nbsp;&nbsp;연합뉴스"
2025-06-09,테슬라 옵티머스가 주가 상승 요인이 될 수 있을까? (feat. 중국 휴머노이드 로봇 관련주) - 네이버 프리미엄콘텐츠,테슬라 옵티머스가 주가 상승 요인이 될 수 있을까? (feat. 중국 휴머노이드 로봇 관련주)&nbsp;&nbsp;네이버 프리미엄콘텐츠,로봇,2025-06,테슬라 옵티머스가 주가 상승 요인이 될 수 있을까? (feat. 중국 휴머노이드 로봇 관련주) - 네이버 프리미엄콘텐츠 테슬라 옵티머스가 주가 상승 요인이 될 수 있을까? (feat. 중국 휴머노이드 로봇 관련주)&nbsp;&nbsp;네이버 프리미엄콘텐츠
2025-06-18,"로봇 손·팔 만드는 스타트업에 '뭉칫돈'…""영업이익률 10% 찍는다"" 화장발 받는 ‘ODM 빅2’ [AI 프리즘*스타트업 창업자 뉴스] - 서울경제","로봇 손·팔 만드는 스타트업에 '뭉칫돈'…""영업이익률 10% 찍는다"" 화장발 받는 ‘ODM 빅2’ [AI 프리즘*스타트업 창업자 뉴스]&nbsp;&nbsp;서울경제",로봇,2025-06,"로봇 손·팔 만드는 스타트업에 '뭉칫돈'…""영업이익률 10% 찍는다"" 화장발 받는 ‘ODM 빅2’ [AI 프리즘*스타트업 창업자 뉴스] - 서울경제 로봇 손·팔 만드는 스타트업에 '뭉칫돈'…""영업이익률 10% 찍는다"" 화장발 받는 ‘ODM 빅2’ [AI 프리즘*스타트업 창업자 뉴스]&nbsp;&nbsp;서울경제"
2025-06-01,"휴머노이드 로봇의 부상, 노동력 시장에 뛰어들다 - 미래경제뉴스","휴머노이드 로봇의 부상, 노동력 시장에 뛰어들다&nbsp;&nbsp;미래경제뉴스",로봇,2025-06,"휴머노이드 로봇의 부상, 노동력 시장에 뛰어들다 - 미래경제뉴스 휴머노이드 로봇의 부상, 노동력 시장에 뛰어들다&nbsp;&nbsp;미래경제뉴스"
2025-06-27,“지구 역사상 가장 큰 기회” 올해 놓치면 후회할 로봇ETF 5종 - 중앙일보,“지구 역사상 가장 큰 기회” 올해 놓치면 후회할 로봇ETF 5종&nbsp;&nbsp;중앙일보,로봇,2025-06,“지구 역사상 가장 큰 기회” 올해 놓치면 후회할 로봇ETF 5종 - 중앙일보 “지구 역사상 가장 큰 기회” 올해 놓치면 후회할 로봇ETF 5종&nbsp;&nbsp;중앙일보
2025-06-11,“쉬지 않고 정확히 택배 분류”…물류센터에서 일하는 인간형 로봇 [잇슈 SNS] - KBS 뉴스,“쉬지 않고 정확히 택배 분류”…물류센터에서 일하는 인간형 로봇 [잇슈 SNS]&nbsp;&nbsp;KBS 뉴스,로봇,2025-06,“쉬지 않고 정확히 택배 분류”…물류센터에서 일하는 인간형 로봇 [잇슈 SNS] - KBS 뉴스 “쉬지 않고 정확히 택배 분류”…물류센터에서 일하는 인간형 로봇 [잇슈 SNS]&nbsp;&nbsp;KBS 뉴스
2025-06-30,이 정도 거래량 맞아?…천하제일 단타대회 펼쳐진 테마주는 - 매일경제 마켓,이 정도 거래량 맞아?…천하제일 단타대회 펼쳐진 테마주는&nbsp;&nbsp;매일경제 마켓,로봇,2025-06,이 정도 거래량 맞아?…천하제일 단타대회 펼쳐진 테마주는 - 매일경제 마켓 이 정도 거래량 맞아?…천하제일 단타대회 펼쳐진 테마주는&nbsp;&nbsp;매일경제 마켓
2025-06-17,"모건스탠리 ""中, 로봇시장 지배적 지위 공고…연평균 23% 성장"" - 연합뉴스","모건스탠리 ""中, 로봇시장 지배적 지위 공고…연평균 23% 성장""&nbsp;&nbsp;연합뉴스",로봇,2025-06,"모건스탠리 ""中, 로봇시장 지배적 지위 공고…연평균 23% 성장"" - 연합뉴스 모건스탠리 ""中, 로봇시장 지배적 지위 공고…연평균 23% 성장""&nbsp;&nbsp;연합뉴스"
2025-06-29,외로움 달래는 '반려로봇' 뜬다…유통가도 주목 - 연합뉴스,외로움 달래는 '반려로봇' 뜬다…유통가도 주목&nbsp;&nbsp;연합뉴스,로봇,2025-06,외로움 달래는 '반려로봇' 뜬다…유통가도 주목 - 연합뉴스 외로움 달래는 '반려로봇' 뜬다…유통가도 주목&nbsp;&nbsp;연합뉴스
2025-06-26,"中유니트리 CEO ""가정용 로봇, 기술혁신보다 안전성 더 중요"" - 연합뉴스","中유니트리 CEO ""가정용 로봇, 기술혁신보다 안전성 더 중요""&nbsp;&nbsp;연합뉴스",로봇,2025-06,"中유니트리 CEO ""가정용 로봇, 기술혁신보다 안전성 더 중요"" - 연합뉴스 中유니트리 CEO ""가정용 로봇, 기술혁신보다 안전성 더 중요""&nbsp;&nbsp;연합뉴스"
2025-06-12,"메타, 로봇·자율주행차 기술 개발 위한 AI '월드 모델' 공개 - 연합뉴스","메타, 로봇·자율주행차 기술 개발 위한 AI '월드 모델' 공개&nbsp;&nbsp;연합뉴스",로봇,2025-06,"메타, 로봇·자율주행차 기술 개발 위한 AI '월드 모델' 공개 - 연합뉴스 메타, 로봇·자율주행차 기술 개발 위한 AI '월드 모델' 공개&nbsp;&nbsp;연합뉴스"
2025-06-12,세계 경제 '급소' 확인한 중국…머스크 로봇도 희토류 영향권 - 연합뉴스,세계 경제 '급소' 확인한 중국…머스크 로봇도 희토류 영향권&nbsp;&nbsp;연합뉴스,로봇,2025-06,세계 경제 '급소' 확인한 중국…머스크 로봇도 희토류 영향권 - 연합뉴스 세계 경제 '급소' 확인한 중국…머스크 로봇도 희토류 영향권&nbsp;&nbsp;연합뉴스
2025-06-13,中 베이징에 세계 최초 '휴머노이드 로봇 전문점' 생긴다 - 연합뉴스,中 베이징에 세계 최초 '휴머노이드 로봇 전문점' 생긴다&nbsp;&nbsp;연합뉴스,로봇,2025-06,中 베이징에 세계 최초 '휴머노이드 로봇 전문점' 생긴다 - 연합뉴스 中 베이징에 세계 최초 '휴머노이드 로봇 전문점' 생긴다&nbsp;&nbsp;연합뉴스
2025-06-08,테슬라 휴머노이드 로봇 옵티머스 책임자 회사 떠난다 - 연합뉴스,테슬라 휴머노이드 로봇 옵티머스 책임자 회사 떠난다&nbsp;&nbsp;연합뉴스,로봇,2025-06,테슬라 휴머노이드 로봇 옵티머스 책임자 회사 떠난다 - 연합뉴스 테슬라 휴머노이드 로봇 옵티머스 책임자 회사 떠난다&nbsp;&nbsp;연합뉴스
2025-06-18,인사하는 휴머노이드 로봇 아메타 - 연합뉴스,인사하는 휴머노이드 로봇 아메타&nbsp;&nbsp;연합뉴스,로봇,2025-06,인사하는 휴머노이드 로봇 아메타 - 연합뉴스 인사하는 휴머노이드 로봇 아메타&nbsp;&nbsp;연합뉴스
2025-06-11,"中연구팀, 인간처럼 물건 움켜쥐는 로봇손 개발 - 연합뉴스","中연구팀, 인간처럼 물건 움켜쥐는 로봇손 개발&nbsp;&nbsp;연합뉴스",로봇,2025-06,"中연구팀, 인간처럼 물건 움켜쥐는 로봇손 개발 - 연합뉴스 中연구팀, 인간처럼 물건 움켜쥐는 로봇손 개발&nbsp;&nbsp;연합뉴스"
2025-06-25,"HD현대로보틱스, 글로벌 3대 로봇 전시회서 자동화 기술력 공개 - 연합뉴스","HD현대로보틱스, 글로벌 3대 로봇 전시회서 자동화 기술력 공개&nbsp;&nbsp;연합뉴스",로봇,2025-06,"HD현대로보틱스, 글로벌 3대 로봇 전시회서 자동화 기술력 공개 - 연합뉴스 HD현대로보틱스, 글로벌 3대 로봇 전시회서 자동화 기술력 공개&nbsp;&nbsp;연합뉴스"
2025-06-12,"강릉시, 국내 최대 로봇경진대회 '국제로봇콘테스트' 유치 - 연합뉴스","강릉시, 국내 최대 로봇경진대회 '국제로봇콘테스트' 유치&nbsp;&nbsp;연합뉴스",로봇,2025-06,"강릉시, 국내 최대 로봇경진대회 '국제로봇콘테스트' 유치 - 연합뉴스 강릉시, 국내 최대 로봇경진대회 '국제로봇콘테스트' 유치&nbsp;&nbsp;연합뉴스"
2025-06-11,"""세계 1위 드론 업체 中 DJI, 로봇청소기 이달 출시"" - 연합뉴스","""세계 1위 드론 업체 中 DJI, 로봇청소기 이달 출시""&nbsp;&nbsp;연합뉴스",로봇,2025-06,"""세계 1위 드론 업체 中 DJI, 로봇청소기 이달 출시"" - 연합뉴스 ""세계 1위 드론 업체 中 DJI, 로봇청소기 이달 출시""&nbsp;&nbsp;연합뉴스"
2025-06-29,귀여운 강아지 로봇 - 연합뉴스,귀여운 강아지 로봇&nbsp;&nbsp;연합뉴스,로봇,2025-06,귀여운 강아지 로봇 - 연합뉴스 귀여운 강아지 로봇&nbsp;&nbsp;연합뉴스
2025-06-23,껍데기만 간호 로봇…경남 노인병원 3곳에 '빈 깡통' 납품 논란 - 연합뉴스,껍데기만 간호 로봇…경남 노인병원 3곳에 '빈 깡통' 납품 논란&nbsp;&nbsp;연합뉴스,로봇,2025-06,껍데기만 간호 로봇…경남 노인병원 3곳에 '빈 깡통' 납품 논란 - 연합뉴스 껍데기만 간호 로봇…경남 노인병원 3곳에 '빈 깡통' 납품 논란&nbsp;&nbsp;연합뉴스
2025-06-18,AI·로봇 빛 볼 때 디플레 짙어졌다…'두 얼굴'의 中경제 - 한국경제,AI·로봇 빛 볼 때 디플레 짙어졌다…'두 얼굴'의 中경제&nbsp;&nbsp;한국경제,로봇,2025-06,AI·로봇 빛 볼 때 디플레 짙어졌다…'두 얼굴'의 中경제 - 한국경제 AI·로봇 빛 볼 때 디플레 짙어졌다…'두 얼굴'의 中경제&nbsp;&nbsp;한국경제
2025-06-30,로봇이 공사장에?…건설현장에 부는 '스마트 바람' - 연합뉴스,로봇이 공사장에?…건설현장에 부는 '스마트 바람'&nbsp;&nbsp;연합뉴스,로봇,2025-06,로봇이 공사장에?…건설현장에 부는 '스마트 바람' - 연합뉴스 로봇이 공사장에?…건설현장에 부는 '스마트 바람'&nbsp;&nbsp;연합뉴스
2025-06-21,"길이 2㎝…中연구소, 모기 크기 정찰 드론 개발 - 연합뉴스","길이 2㎝…中연구소, 모기 크기 정찰 드론 개발&nbsp;&nbsp;연합뉴스",로봇,2025-06,"길이 2㎝…中연구소, 모기 크기 정찰 드론 개발 - 연합뉴스 길이 2㎝…中연구소, 모기 크기 정찰 드론 개발&nbsp;&nbsp;연합뉴스"
2025-06-03,"""머스크, xAI 4000억 규모 주식 매각 추진…기업가치 155조"" - 유니콘팩토리","""머스크, xAI 4000억 규모 주식 매각 추진…기업가치 155조""&nbsp;&nbsp;유니콘팩토리",로봇,2025-06,"""머스크, xAI 4000억 규모 주식 매각 추진…기업가치 155조"" - 유니콘팩토리 ""머스크, xAI 4000억 규모 주식 매각 추진…기업가치 155조""&nbsp;&nbsp;유니콘팩토리"
2025-06-13,'로봇'에 힘주는 삼성전자···볼리도 이르면 이달 출시 - 뉴스웨이,'로봇'에 힘주는 삼성전자···볼리도 이르면 이달 출시&nbsp;&nbsp;뉴스웨이,로봇,2025-06,'로봇'에 힘주는 삼성전자···볼리도 이르면 이달 출시 - 뉴스웨이 '로봇'에 힘주는 삼성전자···볼리도 이르면 이달 출시&nbsp;&nbsp;뉴스웨이
2025-06-29,‘1700% 성과급 폭탄’ 터뜨린 SK하이닉스… ‘돈벼락 잔치’ 언제까지 갈까 [AI 프리즘*주식투자자 뉴스] - 서울경제,‘1700% 성과급 폭탄’ 터뜨린 SK하이닉스… ‘돈벼락 잔치’ 언제까지 갈까 [AI 프리즘*주식투자자 뉴스]&nbsp;&nbsp;서울경제,로봇,2025-06,‘1700% 성과급 폭탄’ 터뜨린 SK하이닉스… ‘돈벼락 잔치’ 언제까지 갈까 [AI 프리즘*주식투자자 뉴스] - 서울경제 ‘1700% 성과급 폭탄’ 터뜨린 SK하이닉스… ‘돈벼락 잔치’ 언제까지 갈까 [AI 프리즘*주식투자자 뉴스]&nbsp;&nbsp;서울경제
2025-06-09,"AI 로봇 '효돌' 양양서 호응…""할머니 약 드실 시간이에요"" - 연합뉴스","AI 로봇 '효돌' 양양서 호응…""할머니 약 드실 시간이에요""&nbsp;&nbsp;연합뉴스",로봇,2025-06,"AI 로봇 '효돌' 양양서 호응…""할머니 약 드실 시간이에요"" - 연합뉴스 AI 로봇 '효돌' 양양서 호응…""할머니 약 드실 시간이에요""&nbsp;&nbsp;연합뉴스"
2025-06-01,[제주형 자율학교] ② 블록 로봇 만들며 저절로 코딩 배우는 안덕초 - 연합뉴스,[제주형 자율학교] ② 블록 로봇 만들며 저절로 코딩 배우는 안덕초&nbsp;&nbsp;연합뉴스,로봇,2025-06,[제주형 자율학교] ② 블록 로봇 만들며 저절로 코딩 배우는 안덕초 - 연합뉴스 [제주형 자율학교] ② 블록 로봇 만들며 저절로 코딩 배우는 안덕초&nbsp;&nbsp;연합뉴스
2025-06-17,"LG CNS, 6조 가치 美 휴머노이드AI 기업 손잡았다 - 한국경제","LG CNS, 6조 가치 美 휴머노이드AI 기업 손잡았다&nbsp;&nbsp;한국경제",로봇,2025-06,"LG CNS, 6조 가치 美 휴머노이드AI 기업 손잡았다 - 한국경제 LG CNS, 6조 가치 美 휴머노이드AI 기업 손잡았다&nbsp;&nbsp;한국경제"
2025-06-26,"AI 도입 '기회'로 본 獨노조…""지루한 작업은 로봇에 맡기자"" - 한국경제","AI 도입 '기회'로 본 獨노조…""지루한 작업은 로봇에 맡기자""&nbsp;&nbsp;한국경제",로봇,2025-06,"AI 도입 '기회'로 본 獨노조…""지루한 작업은 로봇에 맡기자"" - 한국경제 AI 도입 '기회'로 본 獨노조…""지루한 작업은 로봇에 맡기자""&nbsp;&nbsp;한국경제"
2025-06-08,주가 5만6000원→7000원…빽다방이 손 안 뗀 이유 '반전' [윤현주의 主食이 주식] - 한국경제,주가 5만6000원→7000원…빽다방이 손 안 뗀 이유 '반전' [윤현주의 主食이 주식]&nbsp;&nbsp;한국경제,로봇,2025-06,주가 5만6000원→7000원…빽다방이 손 안 뗀 이유 '반전' [윤현주의 主食이 주식] - 한국경제 주가 5만6000원→7000원…빽다방이 손 안 뗀 이유 '반전' [윤현주의 主食이 주식]&nbsp;&nbsp;한국경제
2025-06-26,'노동 대전환' 빠진 AI 혁명은 재앙…'고용 없는 성장' 마주할 수도 - 한국경제,'노동 대전환' 빠진 AI 혁명은 재앙…'고용 없는 성장' 마주할 수도&nbsp;&nbsp;한국경제,로봇,2025-06,'노동 대전환' 빠진 AI 혁명은 재앙…'고용 없는 성장' 마주할 수도 - 한국경제 '노동 대전환' 빠진 AI 혁명은 재앙…'고용 없는 성장' 마주할 수도&nbsp;&nbsp;한국경제
2025-06-30,"미래에셋증권, 로보어드바이저 적용 ISA·주식계좌·종합저축으로 확대 - DFT 대한금융신문","미래에셋증권, 로보어드바이저 적용 ISA·주식계좌·종합저축으로 확대&nbsp;&nbsp;DFT 대한금융신문",로봇,2025-06,"미래에셋증권, 로보어드바이저 적용 ISA·주식계좌·종합저축으로 확대 - DFT 대한금융신문 미래에셋증권, 로보어드바이저 적용 ISA·주식계좌·종합저축으로 확대&nbsp;&nbsp;DFT 대한금융신문"
2025-06-12,불 꺼져도 돌아가는 공장 ‘다크팩토리’...사람 자리를 차지한 로봇과 AI [지식용어] - 시선뉴스,불 꺼져도 돌아가는 공장 ‘다크팩토리’...사람 자리를 차지한 로봇과 AI [지식용어]&nbsp;&nbsp;시선뉴스,로봇,2025-06,불 꺼져도 돌아가는 공장 ‘다크팩토리’...사람 자리를 차지한 로봇과 AI [지식용어] - 시선뉴스 불 꺼져도 돌아가는 공장 ‘다크팩토리’...사람 자리를 차지한 로봇과 AI [지식용어]&nbsp;&nbsp;시선뉴스
2025-06-17,"엔비디아·삼성, 기업가치 45억 달러 ‘스킬드AI’에 3500만 달러 투자 - Benzinga","엔비디아·삼성, 기업가치 45억 달러 ‘스킬드AI’에 3500만 달러 투자&nbsp;&nbsp;Benzinga",로봇,2025-06,"엔비디아·삼성, 기업가치 45억 달러 ‘스킬드AI’에 3500만 달러 투자 - Benzinga 엔비디아·삼성, 기업가치 45억 달러 ‘스킬드AI’에 3500만 달러 투자&nbsp;&nbsp;Benzinga"
2025-06-20,"현대모비스, 로봇 액추에이터 기업으로 잠재력 - 파이낸셜뉴스","현대모비스, 로봇 액추에이터 기업으로 잠재력&nbsp;&nbsp;파이낸셜뉴스",로봇,2025-06,"현대모비스, 로봇 액추에이터 기업으로 잠재력 - 파이낸셜뉴스 현대모비스, 로봇 액추에이터 기업으로 잠재력&nbsp;&nbsp;파이낸셜뉴스"
2025-06-06,"""아바타 로봇·플라잉핸드 드론…인간 한계 넘는 '피지컬 AI' 온다"" - 한국경제","""아바타 로봇·플라잉핸드 드론…인간 한계 넘는 '피지컬 AI' 온다""&nbsp;&nbsp;한국경제",로봇,2025-06,"""아바타 로봇·플라잉핸드 드론…인간 한계 넘는 '피지컬 AI' 온다"" - 한국경제 ""아바타 로봇·플라잉핸드 드론…인간 한계 넘는 '피지컬 AI' 온다""&nbsp;&nbsp;한국경제"
2025-06-09,"KAIST, 세계 로봇 학술대회 1위…대만·중국 제쳐 - 한국경제","KAIST, 세계 로봇 학술대회 1위…대만·중국 제쳐&nbsp;&nbsp;한국경제",로봇,2025-06,"KAIST, 세계 로봇 학술대회 1위…대만·중국 제쳐 - 한국경제 KAIST, 세계 로봇 학술대회 1위…대만·중국 제쳐&nbsp;&nbsp;한국경제"
2025-06-08,테슬라 휴머노이드 로봇 '옵티머스' 책임자 회사 떠난다 - 네이트,테슬라 휴머노이드 로봇 '옵티머스' 책임자 회사 떠난다&nbsp;&nbsp;네이트,로봇,2025-06,테슬라 휴머노이드 로봇 '옵티머스' 책임자 회사 떠난다 - 네이트 테슬라 휴머노이드 로봇 '옵티머스' 책임자 회사 떠난다&nbsp;&nbsp;네이트
2025-06-22,현대백화점 'AI 반려로봇' 팝업스토어 진행 - 네이트,현대백화점 'AI 반려로봇' 팝업스토어 진행&nbsp;&nbsp;네이트,로봇,2025-06,현대백화점 'AI 반려로봇' 팝업스토어 진행 - 네이트 현대백화점 'AI 반려로봇' 팝업스토어 진행&nbsp;&nbsp;네이트
2025-06-07,"유연한 춤사위 VS 20시간 연속작업…옵티머스, 피규어에 맞불 [김기혁의 테슬라월드] - 서울경제","유연한 춤사위 VS 20시간 연속작업…옵티머스, 피규어에 맞불 [김기혁의 테슬라월드]&nbsp;&nbsp;서울경제",로봇,2025-06,"유연한 춤사위 VS 20시간 연속작업…옵티머스, 피규어에 맞불 [김기혁의 테슬라월드] - 서울경제 유연한 춤사위 VS 20시간 연속작업…옵티머스, 피규어에 맞불 [김기혁의 테슬라월드]&nbsp;&nbsp;서울경제"
2025-06-28,코엑스 활보하는 로봇 - 네이트,코엑스 활보하는 로봇&nbsp;&nbsp;네이트,로봇,2025-06,코엑스 활보하는 로봇 - 네이트 코엑스 활보하는 로봇&nbsp;&nbsp;네이트
2025-06-13,"빅웨이브로보틱스, 2025 신용보증기금 '프리아이콘' 선정 - 네이트","빅웨이브로보틱스, 2025 신용보증기금 '프리아이콘' 선정&nbsp;&nbsp;네이트",로봇,2025-06,"빅웨이브로보틱스, 2025 신용보증기금 '프리아이콘' 선정 - 네이트 빅웨이브로보틱스, 2025 신용보증기금 '프리아이콘' 선정&nbsp;&nbsp;네이트"
2025-06-18,"'AI 엑스포' 연 화성시 ""로봇이 미래 먹거리"" - 네이트","'AI 엑스포' 연 화성시 ""로봇이 미래 먹거리""&nbsp;&nbsp;네이트",로봇,2025-06,"'AI 엑스포' 연 화성시 ""로봇이 미래 먹거리"" - 네이트 'AI 엑스포' 연 화성시 ""로봇이 미래 먹거리""&nbsp;&nbsp;네이트"
2025-06-16,"글로벌 '휴머노이드' 휩쓰는 美·中…한국, 'K 연합' 출사표 - 네이트","글로벌 '휴머노이드' 휩쓰는 美·中…한국, 'K 연합' 출사표&nbsp;&nbsp;네이트",로봇,2025-06,"글로벌 '휴머노이드' 휩쓰는 美·中…한국, 'K 연합' 출사표 - 네이트 글로벌 '휴머노이드' 휩쓰는 美·中…한국, 'K 연합' 출사표&nbsp;&nbsp;네이트"
2025-07-29,"‘한국은 조선’, 관세협상 수혜주 뱃고동 울리는 종목들 [뉴스톡 웰스톡] - 뉴스웰","‘한국은 조선’, 관세협상 수혜주 뱃고동 울리는 종목들 [뉴스톡 웰스톡]&nbsp;&nbsp;뉴스웰",조선,2025-07,"‘한국은 조선’, 관세협상 수혜주 뱃고동 울리는 종목들 [뉴스톡 웰스톡] - 뉴스웰 ‘한국은 조선’, 관세협상 수혜주 뱃고동 울리는 종목들 [뉴스톡 웰스톡]&nbsp;&nbsp;뉴스웰"
2025-07-28,“조선업 안좋게 봤나” 대한조선 임직원들은 왜 우리사주를 96.7%나 실권했을까 - 조선비즈 - Chosunbiz,“조선업 안좋게 봤나” 대한조선 임직원들은 왜 우리사주를 96.7%나 실권했을까 - 조선비즈&nbsp;&nbsp;Chosunbiz,조선,2025-07,“조선업 안좋게 봤나” 대한조선 임직원들은 왜 우리사주를 96.7%나 실권했을까 - 조선비즈 - Chosunbiz “조선업 안좋게 봤나” 대한조선 임직원들은 왜 우리사주를 96.7%나 실권했을까 - 조선비즈&nbsp;&nbsp;Chosunbiz
2025-07-28,한미 관세협상 핵심키 떠오른 조선관련주 급등…한화오션 7%↑ - 매일경제 마켓,한미 관세협상 핵심키 떠오른 조선관련주 급등…한화오션 7%↑&nbsp;&nbsp;매일경제 마켓,조선,2025-07,한미 관세협상 핵심키 떠오른 조선관련주 급등…한화오션 7%↑ - 매일경제 마켓 한미 관세협상 핵심키 떠오른 조선관련주 급등…한화오션 7%↑&nbsp;&nbsp;매일경제 마켓
2025-07-05,'세계1위' 中조선 자회사 2곳 합병 허가…'조선 공룡' 탄생 임박 - 연합뉴스,'세계1위' 中조선 자회사 2곳 합병 허가…'조선 공룡' 탄생 임박&nbsp;&nbsp;연합뉴스,조선,2025-07,'세계1위' 中조선 자회사 2곳 합병 허가…'조선 공룡' 탄생 임박 - 연합뉴스 '세계1위' 中조선 자회사 2곳 합병 허가…'조선 공룡' 탄생 임박&nbsp;&nbsp;연합뉴스
2025-07-03,"KCC, 16년만에 교환사채 발행 'HD한국조선해양 EB' - v.daum.net","KCC, 16년만에 교환사채 발행 'HD한국조선해양 EB'&nbsp;&nbsp;v.daum.net",조선,2025-07,"KCC, 16년만에 교환사채 발행 'HD한국조선해양 EB' - v.daum.net KCC, 16년만에 교환사채 발행 'HD한국조선해양 EB'&nbsp;&nbsp;v.daum.net"
2025-07-28,"조선내화그룹 이화일, CR홀딩스 주식 팔아 주담대 갚아 - 뉴스드림","조선내화그룹 이화일, CR홀딩스 주식 팔아 주담대 갚아&nbsp;&nbsp;뉴스드림",조선,2025-07,"조선내화그룹 이화일, CR홀딩스 주식 팔아 주담대 갚아 - 뉴스드림 조선내화그룹 이화일, CR홀딩스 주식 팔아 주담대 갚아&nbsp;&nbsp;뉴스드림"
2025-07-17,"'조단위 IPO 대어' 대한조선 ""국내 조선사 중 영업이익률 최고"" - 한국경제","'조단위 IPO 대어' 대한조선 ""국내 조선사 중 영업이익률 최고""&nbsp;&nbsp;한국경제",조선,2025-07,"'조단위 IPO 대어' 대한조선 ""국내 조선사 중 영업이익률 최고"" - 한국경제 '조단위 IPO 대어' 대한조선 ""국내 조선사 중 영업이익률 최고""&nbsp;&nbsp;한국경제"
2025-07-21,"‘몸값 1.9조’ 대한조선, 공모가 상단 5만원 확정… 내달 코스피 상장 - 조선비즈 - Chosunbiz","‘몸값 1.9조’ 대한조선, 공모가 상단 5만원 확정… 내달 코스피 상장 - 조선비즈&nbsp;&nbsp;Chosunbiz",조선,2025-07,"‘몸값 1.9조’ 대한조선, 공모가 상단 5만원 확정… 내달 코스피 상장 - 조선비즈 - Chosunbiz ‘몸값 1.9조’ 대한조선, 공모가 상단 5만원 확정… 내달 코스피 상장 - 조선비즈&nbsp;&nbsp;Chosunbiz"
2025-07-25,[주식 매매 상위 종목 및 환율] 2025년 7월 24일자 - v.daum.net,[주식 매매 상위 종목 및 환율] 2025년 7월 24일자&nbsp;&nbsp;v.daum.net,조선,2025-07,[주식 매매 상위 종목 및 환율] 2025년 7월 24일자 - v.daum.net [주식 매매 상위 종목 및 환율] 2025년 7월 24일자&nbsp;&nbsp;v.daum.net
2025-07-30,"[특징주] ‘어닝 쇼크’ 한화솔루션, 주가 10% 급락 - 조선비즈 - Chosunbiz","[특징주] ‘어닝 쇼크’ 한화솔루션, 주가 10% 급락 - 조선비즈&nbsp;&nbsp;Chosunbiz",조선,2025-07,"[특징주] ‘어닝 쇼크’ 한화솔루션, 주가 10% 급락 - 조선비즈 - Chosunbiz [특징주] ‘어닝 쇼크’ 한화솔루션, 주가 10% 급락 - 조선비즈&nbsp;&nbsp;Chosunbiz"
2025-07-17,[특징주] 골드만삭스 ‘중립’ 의견에… SK하이닉스 약세 - 조선비즈 - Chosunbiz,[특징주] 골드만삭스 ‘중립’ 의견에… SK하이닉스 약세 - 조선비즈&nbsp;&nbsp;Chosunbiz,조선,2025-07,[특징주] 골드만삭스 ‘중립’ 의견에… SK하이닉스 약세 - 조선비즈 - Chosunbiz [특징주] 골드만삭스 ‘중립’ 의견에… SK하이닉스 약세 - 조선비즈&nbsp;&nbsp;Chosunbiz
2025-07-08,"부자들의 습관… ""주식 분석할 때 주가 대신 시가총액 본다"" - 조선일보","부자들의 습관… ""주식 분석할 때 주가 대신 시가총액 본다""&nbsp;&nbsp;조선일보",조선,2025-07,"부자들의 습관… ""주식 분석할 때 주가 대신 시가총액 본다"" - 조선일보 부자들의 습관… ""주식 분석할 때 주가 대신 시가총액 본다""&nbsp;&nbsp;조선일보"
2025-07-13,"코스피 공매도 잔고, 9조원… 거래 재개 이후 최고치 - 조선비즈 - Chosunbiz","코스피 공매도 잔고, 9조원… 거래 재개 이후 최고치 - 조선비즈&nbsp;&nbsp;Chosunbiz",조선,2025-07,"코스피 공매도 잔고, 9조원… 거래 재개 이후 최고치 - 조선비즈 - Chosunbiz 코스피 공매도 잔고, 9조원… 거래 재개 이후 최고치 - 조선비즈&nbsp;&nbsp;Chosunbiz"
2025-07-03,삼성전자 주가 깨어나나…사흘 연속으로 올라 - 조선일보,삼성전자 주가 깨어나나…사흘 연속으로 올라&nbsp;&nbsp;조선일보,조선,2025-07,삼성전자 주가 깨어나나…사흘 연속으로 올라 - 조선일보 삼성전자 주가 깨어나나…사흘 연속으로 올라&nbsp;&nbsp;조선일보
2025-07-07,"""부동산 매수 10년 뒤엔 대부분 올라"" ""앞으론 주식시장 성장세 가파를 것"" - 조선일보","""부동산 매수 10년 뒤엔 대부분 올라"" ""앞으론 주식시장 성장세 가파를 것""&nbsp;&nbsp;조선일보",조선,2025-07,"""부동산 매수 10년 뒤엔 대부분 올라"" ""앞으론 주식시장 성장세 가파를 것"" - 조선일보 ""부동산 매수 10년 뒤엔 대부분 올라"" ""앞으론 주식시장 성장세 가파를 것""&nbsp;&nbsp;조선일보"
2025-07-09,"[단독] 금융 당국, 증시 사기 혐의 방시혁 하이브 의장 검찰 고발 방침 - 조선일보","[단독] 금융 당국, 증시 사기 혐의 방시혁 하이브 의장 검찰 고발 방침&nbsp;&nbsp;조선일보",조선,2025-07,"[단독] 금융 당국, 증시 사기 혐의 방시혁 하이브 의장 검찰 고발 방침 - 조선일보 [단독] 금융 당국, 증시 사기 혐의 방시혁 하이브 의장 검찰 고발 방침&nbsp;&nbsp;조선일보"
2025-07-15,"삼성증권, 신규·휴면 고객 대상 미국 주식 수수료 혜택 - 조선비즈 - Chosunbiz","삼성증권, 신규·휴면 고객 대상 미국 주식 수수료 혜택 - 조선비즈&nbsp;&nbsp;Chosunbiz",조선,2025-07,"삼성증권, 신규·휴면 고객 대상 미국 주식 수수료 혜택 - 조선비즈 - Chosunbiz 삼성증권, 신규·휴면 고객 대상 미국 주식 수수료 혜택 - 조선비즈&nbsp;&nbsp;Chosunbiz"
2025-07-10,"카카오, SK스퀘어 지분 블록딜 추진… 최대 4200억원 규모 - 조선비즈 - Chosunbiz","카카오, SK스퀘어 지분 블록딜 추진… 최대 4200억원 규모 - 조선비즈&nbsp;&nbsp;Chosunbiz",조선,2025-07,"카카오, SK스퀘어 지분 블록딜 추진… 최대 4200억원 규모 - 조선비즈 - Chosunbiz 카카오, SK스퀘어 지분 블록딜 추진… 최대 4200억원 규모 - 조선비즈&nbsp;&nbsp;Chosunbiz"
2025-07-04,"[특징주] 정부, 고객 위약금 면제 결론에 SK텔레콤 약세 - 조선비즈 - Chosunbiz","[특징주] 정부, 고객 위약금 면제 결론에 SK텔레콤 약세 - 조선비즈&nbsp;&nbsp;Chosunbiz",조선,2025-07,"[특징주] 정부, 고객 위약금 면제 결론에 SK텔레콤 약세 - 조선비즈 - Chosunbiz [특징주] 정부, 고객 위약금 면제 결론에 SK텔레콤 약세 - 조선비즈&nbsp;&nbsp;Chosunbiz"
2025-07-02,"[특징주] 의류제조업체 온타이드, 최대주주 경영권 매각에 ‘上’ - 조선비즈 - Chosunbiz","[특징주] 의류제조업체 온타이드, 최대주주 경영권 매각에 ‘上’ - 조선비즈&nbsp;&nbsp;Chosunbiz",조선,2025-07,"[특징주] 의류제조업체 온타이드, 최대주주 경영권 매각에 ‘上’ - 조선비즈 - Chosunbiz [특징주] 의류제조업체 온타이드, 최대주주 경영권 매각에 ‘上’ - 조선비즈&nbsp;&nbsp;Chosunbiz"
2025-07-17,"우린 어쩌라고... 젠슨 황, 엔비디아 주식 추가 매각 - 조선일보","우린 어쩌라고... 젠슨 황, 엔비디아 주식 추가 매각&nbsp;&nbsp;조선일보",조선,2025-07,"우린 어쩌라고... 젠슨 황, 엔비디아 주식 추가 매각 - 조선일보 우린 어쩌라고... 젠슨 황, 엔비디아 주식 추가 매각&nbsp;&nbsp;조선일보"
2025-07-23,"대한조선, 일반 청약에 17조8000억 몰렸다…경쟁률 238대 1 - 한국경제","대한조선, 일반 청약에 17조8000억 몰렸다…경쟁률 238대 1&nbsp;&nbsp;한국경제",조선,2025-07,"대한조선, 일반 청약에 17조8000억 몰렸다…경쟁률 238대 1 - 한국경제 대한조선, 일반 청약에 17조8000억 몰렸다…경쟁률 238대 1&nbsp;&nbsp;한국경제"
2025-07-05,조선업계 '공룡' 탄생 임박…'세계1위' 中조선 자회사 2곳 합병 허가 - 한국경제,조선업계 '공룡' 탄생 임박…'세계1위' 中조선 자회사 2곳 합병 허가&nbsp;&nbsp;한국경제,조선,2025-07,조선업계 '공룡' 탄생 임박…'세계1위' 中조선 자회사 2곳 합병 허가 - 한국경제 조선업계 '공룡' 탄생 임박…'세계1위' 中조선 자회사 2곳 합병 허가&nbsp;&nbsp;한국경제
2025-07-08,"벤처 회수 숨통 튼다… 거래소, VC 보호예수 기준 완화 추진 - 조선비즈 - Chosunbiz","벤처 회수 숨통 튼다… 거래소, VC 보호예수 기준 완화 추진 - 조선비즈&nbsp;&nbsp;Chosunbiz",조선,2025-07,"벤처 회수 숨통 튼다… 거래소, VC 보호예수 기준 완화 추진 - 조선비즈 - Chosunbiz 벤처 회수 숨통 튼다… 거래소, VC 보호예수 기준 완화 추진 - 조선비즈&nbsp;&nbsp;Chosunbiz"
2025-07-22,"[특징주] 아이비젼웍스, ‘특허 출원’ 소식에 상한가 직행 - 조선비즈 - Chosunbiz","[특징주] 아이비젼웍스, ‘특허 출원’ 소식에 상한가 직행 - 조선비즈&nbsp;&nbsp;Chosunbiz",조선,2025-07,"[특징주] 아이비젼웍스, ‘특허 출원’ 소식에 상한가 직행 - 조선비즈 - Chosunbiz [특징주] 아이비젼웍스, ‘특허 출원’ 소식에 상한가 직행 - 조선비즈&nbsp;&nbsp;Chosunbiz"
2025-07-17,'지금 사두면 돈 번다'…개미들 주목해야 할 종목 [K증시 고지점령 中] - 한국경제,'지금 사두면 돈 번다'…개미들 주목해야 할 종목 [K증시 고지점령 中]&nbsp;&nbsp;한국경제,조선,2025-07,'지금 사두면 돈 번다'…개미들 주목해야 할 종목 [K증시 고지점령 中] - 한국경제 '지금 사두면 돈 번다'…개미들 주목해야 할 종목 [K증시 고지점령 中]&nbsp;&nbsp;한국경제
2025-07-28,"[특징주] 삼성전자, ‘22.8조원’ 파운드리 계약에 3%대 강세 - 조선비즈 - Chosunbiz","[특징주] 삼성전자, ‘22.8조원’ 파운드리 계약에 3%대 강세 - 조선비즈&nbsp;&nbsp;Chosunbiz",조선,2025-07,"[특징주] 삼성전자, ‘22.8조원’ 파운드리 계약에 3%대 강세 - 조선비즈 - Chosunbiz [특징주] 삼성전자, ‘22.8조원’ 파운드리 계약에 3%대 강세 - 조선비즈&nbsp;&nbsp;Chosunbiz"
2025-07-13,‘6만전자’ 방어한 삼성전자… 7만전자 벽 뚫을까 - 조선비즈 - Chosunbiz,‘6만전자’ 방어한 삼성전자… 7만전자 벽 뚫을까 - 조선비즈&nbsp;&nbsp;Chosunbiz,조선,2025-07,‘6만전자’ 방어한 삼성전자… 7만전자 벽 뚫을까 - 조선비즈 - Chosunbiz ‘6만전자’ 방어한 삼성전자… 7만전자 벽 뚫을까 - 조선비즈&nbsp;&nbsp;Chosunbiz
2025-07-09,"웅진식품 대주주 대만 투자사, 장외개미 주식 매수 재도전 - 조선비즈 - Chosunbiz","웅진식품 대주주 대만 투자사, 장외개미 주식 매수 재도전 - 조선비즈&nbsp;&nbsp;Chosunbiz",조선,2025-07,"웅진식품 대주주 대만 투자사, 장외개미 주식 매수 재도전 - 조선비즈 - Chosunbiz 웅진식품 대주주 대만 투자사, 장외개미 주식 매수 재도전 - 조선비즈&nbsp;&nbsp;Chosunbiz"
2025-07-18,재테크 분위기 급변 “부동산보다 주식으로 간다” - 세상을 바꾸는 시민언론 민들레,재테크 분위기 급변 “부동산보다 주식으로 간다”&nbsp;&nbsp;세상을 바꾸는 시민언론 민들레,조선,2025-07,재테크 분위기 급변 “부동산보다 주식으로 간다” - 세상을 바꾸는 시민언론 민들레 재테크 분위기 급변 “부동산보다 주식으로 간다”&nbsp;&nbsp;세상을 바꾸는 시민언론 민들레
2025-07-04,"“트럼프 순자산 13.5조원 추정… 암호화폐가 급증 견인"" - 조선비즈 - Chosunbiz","“트럼프 순자산 13.5조원 추정… 암호화폐가 급증 견인"" - 조선비즈&nbsp;&nbsp;Chosunbiz",조선,2025-07,"“트럼프 순자산 13.5조원 추정… 암호화폐가 급증 견인"" - 조선비즈 - Chosunbiz “트럼프 순자산 13.5조원 추정… 암호화폐가 급증 견인"" - 조선비즈&nbsp;&nbsp;Chosunbiz"
2025-07-30,과거 담뱃값 올랐을 때 보니… “KT&G 주가 우상향” - 조선비즈 - Chosunbiz,과거 담뱃값 올랐을 때 보니… “KT&amp;G 주가 우상향” - 조선비즈&nbsp;&nbsp;Chosunbiz,조선,2025-07,과거 담뱃값 올랐을 때 보니… “KT&G 주가 우상향” - 조선비즈 - Chosunbiz 과거 담뱃값 올랐을 때 보니… “KT&amp;G 주가 우상향” - 조선비즈&nbsp;&nbsp;Chosunbiz
2025-07-11,[현장+] “BTS 컴백하는데”…방시혁 오너 리스크에 흔들리는 하이브 - 조선비즈 - Chosunbiz,[현장+] “BTS 컴백하는데”…방시혁 오너 리스크에 흔들리는 하이브 - 조선비즈&nbsp;&nbsp;Chosunbiz,조선,2025-07,[현장+] “BTS 컴백하는데”…방시혁 오너 리스크에 흔들리는 하이브 - 조선비즈 - Chosunbiz [현장+] “BTS 컴백하는데”…방시혁 오너 리스크에 흔들리는 하이브 - 조선비즈&nbsp;&nbsp;Chosunbiz
2025-07-04,"메리츠증권, 지점 운용형 랩 잔고 1조원 돌파 - 조선비즈 - Chosunbiz","메리츠증권, 지점 운용형 랩 잔고 1조원 돌파 - 조선비즈&nbsp;&nbsp;Chosunbiz",조선,2025-07,"메리츠증권, 지점 운용형 랩 잔고 1조원 돌파 - 조선비즈 - Chosunbiz 메리츠증권, 지점 운용형 랩 잔고 1조원 돌파 - 조선비즈&nbsp;&nbsp;Chosunbiz"
2025-07-09,러닝화 주가 왜 빠지나 봤더니… 아저씨들이 신기 시작했다 - 조선비즈 - Chosunbiz,러닝화 주가 왜 빠지나 봤더니… 아저씨들이 신기 시작했다 - 조선비즈&nbsp;&nbsp;Chosunbiz,조선,2025-07,러닝화 주가 왜 빠지나 봤더니… 아저씨들이 신기 시작했다 - 조선비즈 - Chosunbiz 러닝화 주가 왜 빠지나 봤더니… 아저씨들이 신기 시작했다 - 조선비즈&nbsp;&nbsp;Chosunbiz
2025-07-06,"中, '조선 공룡' 띄워 1위 굳히기···亞 조선 3강 '덩치 경쟁' 가속 - 네이트","中, '조선 공룡' 띄워 1위 굳히기···亞 조선 3강 '덩치 경쟁' 가속&nbsp;&nbsp;네이트",조선,2025-07,"中, '조선 공룡' 띄워 1위 굳히기···亞 조선 3강 '덩치 경쟁' 가속 - 네이트 中, '조선 공룡' 띄워 1위 굳히기···亞 조선 3강 '덩치 경쟁' 가속&nbsp;&nbsp;네이트"
2025-07-31,‘최고 35%’ 배당소득 분리 과세도 도입 - 조선일보,‘최고 35%’ 배당소득 분리 과세도 도입&nbsp;&nbsp;조선일보,조선,2025-07,‘최고 35%’ 배당소득 분리 과세도 도입 - 조선일보 ‘최고 35%’ 배당소득 분리 과세도 도입&nbsp;&nbsp;조선일보
2025-07-29,"더 세진 상법, 노란봉투법 밀어붙이는 與...유럽상의 ""한국서 철수할 수도"" 경고 - 조선일보","더 세진 상법, 노란봉투법 밀어붙이는 與...유럽상의 ""한국서 철수할 수도"" 경고&nbsp;&nbsp;조선일보",조선,2025-07,"더 세진 상법, 노란봉투법 밀어붙이는 與...유럽상의 ""한국서 철수할 수도"" 경고 - 조선일보 더 세진 상법, 노란봉투법 밀어붙이는 與...유럽상의 ""한국서 철수할 수도"" 경고&nbsp;&nbsp;조선일보"
2025-07-23,방시혁에 적용된 ‘사기적 부정거래’ 혐의… 법조계는 “자본시장법보다 ‘형법상 사기’ 따져야” - 조선비즈 - Chosunbiz,방시혁에 적용된 ‘사기적 부정거래’ 혐의… 법조계는 “자본시장법보다 ‘형법상 사기’ 따져야” - 조선비즈&nbsp;&nbsp;Chosunbiz,조선,2025-07,방시혁에 적용된 ‘사기적 부정거래’ 혐의… 법조계는 “자본시장법보다 ‘형법상 사기’ 따져야” - 조선비즈 - Chosunbiz 방시혁에 적용된 ‘사기적 부정거래’ 혐의… 법조계는 “자본시장법보다 ‘형법상 사기’ 따져야” - 조선비즈&nbsp;&nbsp;Chosunbiz
2025-07-12,서학개미 9천억원 샀다…스테이블코인 ′광풍′ - 연합뉴스TV,서학개미 9천억원 샀다…스테이블코인 ′광풍′&nbsp;&nbsp;연합뉴스TV,스테이블코인,2025-07,서학개미 9천억원 샀다…스테이블코인 ′광풍′ - 연합뉴스TV 서학개미 9천억원 샀다…스테이블코인 ′광풍′&nbsp;&nbsp;연합뉴스TV
2025-07-16,'서클' 주가 급락…美 하원 스테이블코인 법안 절차투표 무산 - 연합인포맥스,'서클' 주가 급락…美 하원 스테이블코인 법안 절차투표 무산&nbsp;&nbsp;연합인포맥스,스테이블코인,2025-07,'서클' 주가 급락…美 하원 스테이블코인 법안 절차투표 무산 - 연합인포맥스 '서클' 주가 급락…美 하원 스테이블코인 법안 절차투표 무산&nbsp;&nbsp;연합인포맥스
2025-07-15,‘대세’ 떠오른 스테이블코인… 서클·블랙록 등 투심 빨아들일까[유중호의 미국 주식 플렉스] - 문화일보,‘대세’ 떠오른 스테이블코인… 서클·블랙록 등 투심 빨아들일까[유중호의 미국 주식 플렉스]&nbsp;&nbsp;문화일보,스테이블코인,2025-07,‘대세’ 떠오른 스테이블코인… 서클·블랙록 등 투심 빨아들일까[유중호의 미국 주식 플렉스] - 문화일보 ‘대세’ 떠오른 스테이블코인… 서클·블랙록 등 투심 빨아들일까[유중호의 미국 주식 플렉스]&nbsp;&nbsp;문화일보
2025-07-14,"""불과 3주 만에 1억이 6300만원 됐다""…개미들 '비명' [종목+] - 한국경제","""불과 3주 만에 1억이 6300만원 됐다""…개미들 '비명' [종목+]&nbsp;&nbsp;한국경제",스테이블코인,2025-07,"""불과 3주 만에 1억이 6300만원 됐다""…개미들 '비명' [종목+] - 한국경제 ""불과 3주 만에 1억이 6300만원 됐다""…개미들 '비명' [종목+]&nbsp;&nbsp;한국경제"
2025-07-18,"미 하원서, 암호화폐 3법 통과…스테이블코인 관련주 급등 - 한겨레","미 하원서, 암호화폐 3법 통과…스테이블코인 관련주 급등&nbsp;&nbsp;한겨레",스테이블코인,2025-07,"미 하원서, 암호화폐 3법 통과…스테이블코인 관련주 급등 - 한겨레 미 하원서, 암호화폐 3법 통과…스테이블코인 관련주 급등&nbsp;&nbsp;한겨레"
2025-07-24,"트럼프가 추진하는 스테이블코인, 금융 혁신? 디지털 허상? - 조선일보","트럼프가 추진하는 스테이블코인, 금융 혁신? 디지털 허상?&nbsp;&nbsp;조선일보",스테이블코인,2025-07,"트럼프가 추진하는 스테이블코인, 금융 혁신? 디지털 허상? - 조선일보 트럼프가 추진하는 스테이블코인, 금융 혁신? 디지털 허상?&nbsp;&nbsp;조선일보"
2025-07-15,'美 크립토 위크 시작'...中 독주체제 'CBDC 불허' · '스테이블코인 허용' - 오피니언뉴스,'美 크립토 위크 시작'...中 독주체제 'CBDC 불허' · '스테이블코인 허용'&nbsp;&nbsp;오피니언뉴스,스테이블코인,2025-07,'美 크립토 위크 시작'...中 독주체제 'CBDC 불허' · '스테이블코인 허용' - 오피니언뉴스 '美 크립토 위크 시작'...中 독주체제 'CBDC 불허' · '스테이블코인 허용'&nbsp;&nbsp;오피니언뉴스
2025-07-13,원화 스테이블코인 기대…카카오·네이버페이 선불충전금 증가 - 연합뉴스,원화 스테이블코인 기대…카카오·네이버페이 선불충전금 증가&nbsp;&nbsp;연합뉴스,스테이블코인,2025-07,원화 스테이블코인 기대…카카오·네이버페이 선불충전금 증가 - 연합뉴스 원화 스테이블코인 기대…카카오·네이버페이 선불충전금 증가&nbsp;&nbsp;연합뉴스
2025-07-25,"다시 불붙은 스테이블 코인 관련주…카카오페이, 10%대 급등 [핫종목] - 뉴스1","다시 불붙은 스테이블 코인 관련주…카카오페이, 10%대 급등 [핫종목]&nbsp;&nbsp;뉴스1",스테이블코인,2025-07,"다시 불붙은 스테이블 코인 관련주…카카오페이, 10%대 급등 [핫종목] - 뉴스1 다시 불붙은 스테이블 코인 관련주…카카오페이, 10%대 급등 [핫종목]&nbsp;&nbsp;뉴스1"
2025-07-08,요즘 뜨거운 스테이블코인…ETF로 본다면 - 블루밍비트,요즘 뜨거운 스테이블코인…ETF로 본다면&nbsp;&nbsp;블루밍비트,스테이블코인,2025-07,요즘 뜨거운 스테이블코인…ETF로 본다면 - 블루밍비트 요즘 뜨거운 스테이블코인…ETF로 본다면&nbsp;&nbsp;블루밍비트
2025-07-21,트럼프가 스테이블코인을 밀어붙이는 ‘진짜 목적’ [‘스테이블코인 법제화’ 뉴스 해설] - 뉴닉,트럼프가 스테이블코인을 밀어붙이는 ‘진짜 목적’ [‘스테이블코인 법제화’ 뉴스 해설]&nbsp;&nbsp;뉴닉,스테이블코인,2025-07,트럼프가 스테이블코인을 밀어붙이는 ‘진짜 목적’ [‘스테이블코인 법제화’ 뉴스 해설] - 뉴닉 트럼프가 스테이블코인을 밀어붙이는 ‘진짜 목적’ [‘스테이블코인 법제화’ 뉴스 해설]&nbsp;&nbsp;뉴닉
2025-07-09,"미즈호, 서클 목표가 85달러로 비관적 전망… “USDC 중기 성장 전망 과대평가” - 초이스스탁","미즈호, 서클 목표가 85달러로 비관적 전망… “USDC 중기 성장 전망 과대평가”&nbsp;&nbsp;초이스스탁",스테이블코인,2025-07,"미즈호, 서클 목표가 85달러로 비관적 전망… “USDC 중기 성장 전망 과대평가” - 초이스스탁 미즈호, 서클 목표가 85달러로 비관적 전망… “USDC 중기 성장 전망 과대평가”&nbsp;&nbsp;초이스스탁"
2025-07-08,"[생생한 주식쇼 생쇼] DSC인베스트먼트 (241520) 업비트 지분 보유 부각…목표가 7,900원 - 매일경제 마켓","[생생한 주식쇼 생쇼] DSC인베스트먼트 (241520) 업비트 지분 보유 부각…목표가 7,900원&nbsp;&nbsp;매일경제 마켓",스테이블코인,2025-07,"[생생한 주식쇼 생쇼] DSC인베스트먼트 (241520) 업비트 지분 보유 부각…목표가 7,900원 - 매일경제 마켓 [생생한 주식쇼 생쇼] DSC인베스트먼트 (241520) 업비트 지분 보유 부각…목표가 7,900원&nbsp;&nbsp;매일경제 마켓"
2025-07-15,증권사도 스테이블코인 합류…NH·신한 이어 한투 상표권 검토 - 연합인포맥스,증권사도 스테이블코인 합류…NH·신한 이어 한투 상표권 검토&nbsp;&nbsp;연합인포맥스,스테이블코인,2025-07,증권사도 스테이블코인 합류…NH·신한 이어 한투 상표권 검토 - 연합인포맥스 증권사도 스테이블코인 합류…NH·신한 이어 한투 상표권 검토&nbsp;&nbsp;연합인포맥스
2025-07-19,"금융硏 ""美 스테이블코인 제도화, 달러화 영향력 확대"" - 연합뉴스","금융硏 ""美 스테이블코인 제도화, 달러화 영향력 확대""&nbsp;&nbsp;연합뉴스",스테이블코인,2025-07,"금융硏 ""美 스테이블코인 제도화, 달러화 영향력 확대"" - 연합뉴스 금융硏 ""美 스테이블코인 제도화, 달러화 영향력 확대""&nbsp;&nbsp;연합뉴스"
2025-07-11,'스테이블코인 1호' 관심 폭발…한 달새 430% 폭등했다 [조아라의 차이나스톡] - 한국경제,'스테이블코인 1호' 관심 폭발…한 달새 430% 폭등했다 [조아라의 차이나스톡]&nbsp;&nbsp;한국경제,스테이블코인,2025-07,'스테이블코인 1호' 관심 폭발…한 달새 430% 폭등했다 [조아라의 차이나스톡] - 한국경제 '스테이블코인 1호' 관심 폭발…한 달새 430% 폭등했다 [조아라의 차이나스톡]&nbsp;&nbsp;한국경제
2025-07-09,코인 불장에도 안 뛰더니…3년래 최고치 찍은 두나무·빗썸 주가 - 뉴스1,코인 불장에도 안 뛰더니…3년래 최고치 찍은 두나무·빗썸 주가&nbsp;&nbsp;뉴스1,스테이블코인,2025-07,코인 불장에도 안 뛰더니…3년래 최고치 찍은 두나무·빗썸 주가 - 뉴스1 코인 불장에도 안 뛰더니…3년래 최고치 찍은 두나무·빗썸 주가&nbsp;&nbsp;뉴스1
2025-07-04,"리플, 은행 인가 신청… ‘제도권 스테이블코인’ 승부수 - 조선일보","리플, 은행 인가 신청… ‘제도권 스테이블코인’ 승부수&nbsp;&nbsp;조선일보",스테이블코인,2025-07,"리플, 은행 인가 신청… ‘제도권 스테이블코인’ 승부수 - 조선일보 리플, 은행 인가 신청… ‘제도권 스테이블코인’ 승부수&nbsp;&nbsp;조선일보"
2025-07-18,'지니어스 법안' 美 하원 통과…스테이블코인株 '들썩' - 한국경제,'지니어스 법안' 美 하원 통과…스테이블코인株 '들썩'&nbsp;&nbsp;한국경제,스테이블코인,2025-07,'지니어스 법안' 美 하원 통과…스테이블코인株 '들썩' - 한국경제 '지니어스 법안' 美 하원 통과…스테이블코인株 '들썩'&nbsp;&nbsp;한국경제
2025-07-17,"[단독] 메리츠증권, '디지털 자산' 신사업 드라이브…전담 부서 신설 - 뉴스1","[단독] 메리츠증권, '디지털 자산' 신사업 드라이브…전담 부서 신설&nbsp;&nbsp;뉴스1",스테이블코인,2025-07,"[단독] 메리츠증권, '디지털 자산' 신사업 드라이브…전담 부서 신설 - 뉴스1 [단독] 메리츠증권, '디지털 자산' 신사업 드라이브…전담 부서 신설&nbsp;&nbsp;뉴스1"
2025-07-03,“현금 쟁여뒀다 7~9월 사라” 미국주식 V자 반등 할 종목들 [2025 중앙재테크박람회④] - 중앙일보,“현금 쟁여뒀다 7~9월 사라” 미국주식 V자 반등 할 종목들 [2025 중앙재테크박람회④]&nbsp;&nbsp;중앙일보,스테이블코인,2025-07,“현금 쟁여뒀다 7~9월 사라” 미국주식 V자 반등 할 종목들 [2025 중앙재테크박람회④] - 중앙일보 “현금 쟁여뒀다 7~9월 사라” 미국주식 V자 반등 할 종목들 [2025 중앙재테크박람회④]&nbsp;&nbsp;중앙일보
2025-07-27,‘이더리움 관련주’ 찾아라…서학개미 몰린 비트마인·샤프링크 뭐길래 - 매일경제,‘이더리움 관련주’ 찾아라…서학개미 몰린 비트마인·샤프링크 뭐길래&nbsp;&nbsp;매일경제,스테이블코인,2025-07,‘이더리움 관련주’ 찾아라…서학개미 몰린 비트마인·샤프링크 뭐길래 - 매일경제 ‘이더리움 관련주’ 찾아라…서학개미 몰린 비트마인·샤프링크 뭐길래&nbsp;&nbsp;매일경제
2025-07-23,"보험사, 변액보험에 스테이블코인 눈독 - 프라임경제","보험사, 변액보험에 스테이블코인 눈독&nbsp;&nbsp;프라임경제",스테이블코인,2025-07,"보험사, 변액보험에 스테이블코인 눈독 - 프라임경제 보험사, 변액보험에 스테이블코인 눈독&nbsp;&nbsp;프라임경제"
2025-07-03,"'31→177달러'…롤러코스터 탄 서클, 월가 전망은 [양지윤의 니가가라 나스닥] - 한국경제","'31→177달러'…롤러코스터 탄 서클, 월가 전망은 [양지윤의 니가가라 나스닥]&nbsp;&nbsp;한국경제",스테이블코인,2025-07,"'31→177달러'…롤러코스터 탄 서클, 월가 전망은 [양지윤의 니가가라 나스닥] - 한국경제 '31→177달러'…롤러코스터 탄 서클, 월가 전망은 [양지윤의 니가가라 나스닥]&nbsp;&nbsp;한국경제"
2025-07-14,"씨티, 서클 주가 30% 상승 여력 전망하며 스테이블코인 핵심 종목으로 지지 - Benzinga","씨티, 서클 주가 30% 상승 여력 전망하며 스테이블코인 핵심 종목으로 지지&nbsp;&nbsp;Benzinga",스테이블코인,2025-07,"씨티, 서클 주가 30% 상승 여력 전망하며 스테이블코인 핵심 종목으로 지지 - Benzinga 씨티, 서클 주가 30% 상승 여력 전망하며 스테이블코인 핵심 종목으로 지지&nbsp;&nbsp;Benzinga"
2025-07-04,美 하원 '암호화폐 주간' 공식 지정…스테이블코인·CBDC 법안 처리 전망 - 디지털투데이,美 하원 '암호화폐 주간' 공식 지정…스테이블코인·CBDC 법안 처리 전망&nbsp;&nbsp;디지털투데이,스테이블코인,2025-07,美 하원 '암호화폐 주간' 공식 지정…스테이블코인·CBDC 법안 처리 전망 - 디지털투데이 美 하원 '암호화폐 주간' 공식 지정…스테이블코인·CBDC 법안 처리 전망&nbsp;&nbsp;디지털투데이
2025-07-23,"NHN KCP, 월드페이와 맞손...'애플·삼성·구글 페이' 스테이블코인 생태계 합류 전망 - 파이낸셜뉴스","NHN KCP, 월드페이와 맞손...'애플·삼성·구글 페이' 스테이블코인 생태계 합류 전망&nbsp;&nbsp;파이낸셜뉴스",스테이블코인,2025-07,"NHN KCP, 월드페이와 맞손...'애플·삼성·구글 페이' 스테이블코인 생태계 합류 전망 - 파이낸셜뉴스 NHN KCP, 월드페이와 맞손...'애플·삼성·구글 페이' 스테이블코인 생태계 합류 전망&nbsp;&nbsp;파이낸셜뉴스"
2025-07-07,"NH투자증권, 투자 정보 플랫폼 '시킹알파'와 독점 제휴 - 매일경제TV","NH투자증권, 투자 정보 플랫폼 '시킹알파'와 독점 제휴&nbsp;&nbsp;매일경제TV",스테이블코인,2025-07,"NH투자증권, 투자 정보 플랫폼 '시킹알파'와 독점 제휴 - 매일경제TV NH투자증권, 투자 정보 플랫폼 '시킹알파'와 독점 제휴&nbsp;&nbsp;매일경제TV"
2025-07-28,마음속에 꼭꼭 담아둘 ‘텐배거’ 종목 - 매일경제,마음속에 꼭꼭 담아둘 ‘텐배거’ 종목&nbsp;&nbsp;매일경제,스테이블코인,2025-07,마음속에 꼭꼭 담아둘 ‘텐배거’ 종목 - 매일경제 마음속에 꼭꼭 담아둘 ‘텐배거’ 종목&nbsp;&nbsp;매일경제
2025-07-02,코인판 게임경제 '후끈'…게임사들 '스테이블코인' 전쟁 - 한국경제,코인판 게임경제 '후끈'…게임사들 '스테이블코인' 전쟁&nbsp;&nbsp;한국경제,스테이블코인,2025-07,코인판 게임경제 '후끈'…게임사들 '스테이블코인' 전쟁 - 한국경제 코인판 게임경제 '후끈'…게임사들 '스테이블코인' 전쟁&nbsp;&nbsp;한국경제
2025-07-23,"美 투자은행, 서클 투자의견 '중립→매도' 의견 제시… 목표가 하향 - 블록체인투데이","美 투자은행, 서클 투자의견 '중립→매도' 의견 제시… 목표가 하향&nbsp;&nbsp;블록체인투데이",스테이블코인,2025-07,"美 투자은행, 서클 투자의견 '중립→매도' 의견 제시… 목표가 하향 - 블록체인투데이 美 투자은행, 서클 투자의견 '중립→매도' 의견 제시… 목표가 하향&nbsp;&nbsp;블록체인투데이"
2025-07-17,"신한은행, SOL뱅크에 가상자산 전용페이지 오픈 - 필드뉴스","신한은행, SOL뱅크에 가상자산 전용페이지 오픈&nbsp;&nbsp;필드뉴스",스테이블코인,2025-07,"신한은행, SOL뱅크에 가상자산 전용페이지 오픈 - 필드뉴스 신한은행, SOL뱅크에 가상자산 전용페이지 오픈&nbsp;&nbsp;필드뉴스"
2025-07-23,"13조 경제 마중물 ‘소비쿠폰 수혜주’, 코로나가 답? [뉴스톡 웰스톡] - 뉴스웰","13조 경제 마중물 ‘소비쿠폰 수혜주’, 코로나가 답? [뉴스톡 웰스톡]&nbsp;&nbsp;뉴스웰",스테이블코인,2025-07,"13조 경제 마중물 ‘소비쿠폰 수혜주’, 코로나가 답? [뉴스톡 웰스톡] - 뉴스웰 13조 경제 마중물 ‘소비쿠폰 수혜주’, 코로나가 답? [뉴스톡 웰스톡]&nbsp;&nbsp;뉴스웰"
2025-07-30,비트마인 10억달러 자사주 매입에도 9% 폭락 - 뉴스1,비트마인 10억달러 자사주 매입에도 9% 폭락&nbsp;&nbsp;뉴스1,스테이블코인,2025-07,비트마인 10억달러 자사주 매입에도 9% 폭락 - 뉴스1 비트마인 10억달러 자사주 매입에도 9% 폭락&nbsp;&nbsp;뉴스1
2025-07-23,서클 인터넷 주가 8.23% 폭락...월가서 '매도' 의견 제시 - 글로벌이코노믹,서클 인터넷 주가 8.23% 폭락...월가서 '매도' 의견 제시&nbsp;&nbsp;글로벌이코노믹,스테이블코인,2025-07,서클 인터넷 주가 8.23% 폭락...월가서 '매도' 의견 제시 - 글로벌이코노믹 서클 인터넷 주가 8.23% 폭락...월가서 '매도' 의견 제시&nbsp;&nbsp;글로벌이코노믹
2025-07-07,"유엔도 진심인 IT 토크노믹스…""스테이블코인 선점하라"" - 한국경제","유엔도 진심인 IT 토크노믹스…""스테이블코인 선점하라""&nbsp;&nbsp;한국경제",스테이블코인,2025-07,"유엔도 진심인 IT 토크노믹스…""스테이블코인 선점하라"" - 한국경제 유엔도 진심인 IT 토크노믹스…""스테이블코인 선점하라""&nbsp;&nbsp;한국경제"
2025-07-22,"ETH 암호화폐 뉴스: 캐시 우드의 ARK, ETH 국고 베팅 대규모 매수 비트마인 이머전(BMNR) - CoinDesk","ETH 암호화폐 뉴스: 캐시 우드의 ARK, ETH 국고 베팅 대규모 매수 비트마인 이머전(BMNR)&nbsp;&nbsp;CoinDesk",스테이블코인,2025-07,"ETH 암호화폐 뉴스: 캐시 우드의 ARK, ETH 국고 베팅 대규모 매수 비트마인 이머전(BMNR) - CoinDesk ETH 암호화폐 뉴스: 캐시 우드의 ARK, ETH 국고 베팅 대규모 매수 비트마인 이머전(BMNR)&nbsp;&nbsp;CoinDesk"
2025-07-14,"코스피 3200 시대, 이재명정부 ‘탈플라스틱’에 투자? [뉴스톡 웰스톡] - 뉴스웰","코스피 3200 시대, 이재명정부 ‘탈플라스틱’에 투자? [뉴스톡 웰스톡]&nbsp;&nbsp;뉴스웰",스테이블코인,2025-07,"코스피 3200 시대, 이재명정부 ‘탈플라스틱’에 투자? [뉴스톡 웰스톡] - 뉴스웰 코스피 3200 시대, 이재명정부 ‘탈플라스틱’에 투자? [뉴스톡 웰스톡]&nbsp;&nbsp;뉴스웰"
2025-07-01,"[스테이블 코인 전쟁](2) 한국은행, CBDC 2단계 실험 중단 - 뉴스프리존","[스테이블 코인 전쟁](2) 한국은행, CBDC 2단계 실험 중단&nbsp;&nbsp;뉴스프리존",스테이블코인,2025-07,"[스테이블 코인 전쟁](2) 한국은행, CBDC 2단계 실험 중단 - 뉴스프리존 [스테이블 코인 전쟁](2) 한국은행, CBDC 2단계 실험 중단&nbsp;&nbsp;뉴스프리존"
2025-07-24,"에스씨엠생명과학처럼… 9조 유상증자 기업들, 상한가 칠까 [뉴스톡 웰스톡] - 뉴스웰","에스씨엠생명과학처럼… 9조 유상증자 기업들, 상한가 칠까 [뉴스톡 웰스톡]&nbsp;&nbsp;뉴스웰",스테이블코인,2025-07,"에스씨엠생명과학처럼… 9조 유상증자 기업들, 상한가 칠까 [뉴스톡 웰스톡] - 뉴스웰 에스씨엠생명과학처럼… 9조 유상증자 기업들, 상한가 칠까 [뉴스톡 웰스톡]&nbsp;&nbsp;뉴스웰"
2025-07-08,"서클 인터넷, 지난 한 달간 주가 80% 급등한 이유는? - Benzinga","서클 인터넷, 지난 한 달간 주가 80% 급등한 이유는?&nbsp;&nbsp;Benzinga",스테이블코인,2025-07,"서클 인터넷, 지난 한 달간 주가 80% 급등한 이유는? - Benzinga 서클 인터넷, 지난 한 달간 주가 80% 급등한 이유는?&nbsp;&nbsp;Benzinga"
2025-07-04,6.1조 흥행 AI 빅데이터 분석 플랫폼 ‘뉴엔에이아이’ 코스닥 상장 - 뉴스웰,6.1조 흥행 AI 빅데이터 분석 플랫폼 ‘뉴엔에이아이’ 코스닥 상장&nbsp;&nbsp;뉴스웰,스테이블코인,2025-07,6.1조 흥행 AI 빅데이터 분석 플랫폼 ‘뉴엔에이아이’ 코스닥 상장 - 뉴스웰 6.1조 흥행 AI 빅데이터 분석 플랫폼 ‘뉴엔에이아이’ 코스닥 상장&nbsp;&nbsp;뉴스웰
2025-07-18,리플 20% 폭등·스테이블코인주 '들썩'…'지니어스 법안' 美 하원 통과 - 네이트,리플 20% 폭등·스테이블코인주 '들썩'…'지니어스 법안' 美 하원 통과&nbsp;&nbsp;네이트,스테이블코인,2025-07,리플 20% 폭등·스테이블코인주 '들썩'…'지니어스 법안' 美 하원 통과 - 네이트 리플 20% 폭등·스테이블코인주 '들썩'…'지니어스 법안' 美 하원 통과&nbsp;&nbsp;네이트
2025-07-03,"로빈후드, 주가 사상 첫 100달러 돌파…암호화폐 확장 전략 주효 - 디지털투데이","로빈후드, 주가 사상 첫 100달러 돌파…암호화폐 확장 전략 주효&nbsp;&nbsp;디지털투데이",스테이블코인,2025-07,"로빈후드, 주가 사상 첫 100달러 돌파…암호화폐 확장 전략 주효 - 디지털투데이 로빈후드, 주가 사상 첫 100달러 돌파…암호화폐 확장 전략 주효&nbsp;&nbsp;디지털투데이"
2025-07-24,"'M7 사랑' 서학개미, 확 달라졌다…한달새 가장 많이 담은 주식 보니 - 네이트","'M7 사랑' 서학개미, 확 달라졌다…한달새 가장 많이 담은 주식 보니&nbsp;&nbsp;네이트",스테이블코인,2025-07,"'M7 사랑' 서학개미, 확 달라졌다…한달새 가장 많이 담은 주식 보니 - 네이트 'M7 사랑' 서학개미, 확 달라졌다…한달새 가장 많이 담은 주식 보니&nbsp;&nbsp;네이트"
2025-07-31,비트마인은 왜 이더리움을 선택했나…'5%의 연금술' 전략 주목 - 디지털투데이,비트마인은 왜 이더리움을 선택했나…'5%의 연금술' 전략 주목&nbsp;&nbsp;디지털투데이,스테이블코인,2025-07,비트마인은 왜 이더리움을 선택했나…'5%의 연금술' 전략 주목 - 디지털투데이 비트마인은 왜 이더리움을 선택했나…'5%의 연금술' 전략 주목&nbsp;&nbsp;디지털투데이
2025-07-23,'알래스카 LNG 사업' 투자하는 日…한국도 참여 '고심' - 연합뉴스,'알래스카 LNG 사업' 투자하는 日…한국도 참여 '고심'&nbsp;&nbsp;연합뉴스,LNG,2025-07,'알래스카 LNG 사업' 투자하는 日…한국도 참여 '고심' - 연합뉴스 '알래스카 LNG 사업' 투자하는 日…한국도 참여 '고심'&nbsp;&nbsp;연합뉴스
2025-07-08,알래스카 LNG의 개발과 그 난관 - 뉴스타운,알래스카 LNG의 개발과 그 난관&nbsp;&nbsp;뉴스타운,LNG,2025-07,알래스카 LNG의 개발과 그 난관 - 뉴스타운 알래스카 LNG의 개발과 그 난관&nbsp;&nbsp;뉴스타운
2025-07-16,"SK이노베이션, '5조 조달' LNG 유동화 우협에 메리츠 선정 - 연합인포맥스","SK이노베이션, '5조 조달' LNG 유동화 우협에 메리츠 선정&nbsp;&nbsp;연합인포맥스",LNG,2025-07,"SK이노베이션, '5조 조달' LNG 유동화 우협에 메리츠 선정 - 연합인포맥스 SK이노베이션, '5조 조달' LNG 유동화 우협에 메리츠 선정&nbsp;&nbsp;연합인포맥스"
2025-07-15,에너지 시황 - 천연가스 가격 상승 원인은? - Investing.com 한국어,에너지 시황 - 천연가스 가격 상승 원인은?&nbsp;&nbsp;Investing.com 한국어,LNG,2025-07,에너지 시황 - 천연가스 가격 상승 원인은? - Investing.com 한국어 에너지 시황 - 천연가스 가격 상승 원인은?&nbsp;&nbsp;Investing.com 한국어
2025-07-23,"동양철관, 알래스카 LNG 기대감·일본 관세 협상 타결에 구조적 재평가 움직임 - 한국경제","동양철관, 알래스카 LNG 기대감·일본 관세 협상 타결에 구조적 재평가 움직임&nbsp;&nbsp;한국경제",LNG,2025-07,"동양철관, 알래스카 LNG 기대감·일본 관세 협상 타결에 구조적 재평가 움직임 - 한국경제 동양철관, 알래스카 LNG 기대감·일본 관세 협상 타결에 구조적 재평가 움직임&nbsp;&nbsp;한국경제"
2025-07-16,"메리츠증권, '5조 규모' SK이노 LNG유동화 딜 우협 선정 - 한국금융신문","메리츠증권, '5조 규모' SK이노 LNG유동화 딜 우협 선정&nbsp;&nbsp;한국금융신문",LNG,2025-07,"메리츠증권, '5조 규모' SK이노 LNG유동화 딜 우협 선정 - 한국금융신문 메리츠증권, '5조 규모' SK이노 LNG유동화 딜 우협 선정&nbsp;&nbsp;한국금융신문"
2025-07-29,"‘한국은 조선’, 관세협상 수혜주 뱃고동 울리는 종목들 [뉴스톡 웰스톡] - 뉴스웰","‘한국은 조선’, 관세협상 수혜주 뱃고동 울리는 종목들 [뉴스톡 웰스톡]&nbsp;&nbsp;뉴스웰",LNG,2025-07,"‘한국은 조선’, 관세협상 수혜주 뱃고동 울리는 종목들 [뉴스톡 웰스톡] - 뉴스웰 ‘한국은 조선’, 관세협상 수혜주 뱃고동 울리는 종목들 [뉴스톡 웰스톡]&nbsp;&nbsp;뉴스웰"
2025-07-23,[그래픽] 미국 알래스카 LNG 가스관 사업 위치 - 연합뉴스,[그래픽] 미국 알래스카 LNG 가스관 사업 위치&nbsp;&nbsp;연합뉴스,LNG,2025-07,[그래픽] 미국 알래스카 LNG 가스관 사업 위치 - 연합뉴스 [그래픽] 미국 알래스카 LNG 가스관 사업 위치&nbsp;&nbsp;연합뉴스
2025-07-25,미국 쌈짓돈? 공수표?…일본 약속한 759조 대미 투자기금 실체 ‘아리송’ - 한겨레,미국 쌈짓돈? 공수표?…일본 약속한 759조 대미 투자기금 실체 ‘아리송’&nbsp;&nbsp;한겨레,LNG,2025-07,미국 쌈짓돈? 공수표?…일본 약속한 759조 대미 투자기금 실체 ‘아리송’ - 한겨레 미국 쌈짓돈? 공수표?…일본 약속한 759조 대미 투자기금 실체 ‘아리송’&nbsp;&nbsp;한겨레
2025-07-31,SK이노 자금조달 이렇다..남은 건 SK온 실적증명 [이슈체크] - MTN 머니투데이방송,SK이노 자금조달 이렇다..남은 건 SK온 실적증명 [이슈체크]&nbsp;&nbsp;MTN 머니투데이방송,LNG,2025-07,SK이노 자금조달 이렇다..남은 건 SK온 실적증명 [이슈체크] - MTN 머니투데이방송 SK이노 자금조달 이렇다..남은 건 SK온 실적증명 [이슈체크]&nbsp;&nbsp;MTN 머니투데이방송
2025-07-31,"메리츠증권, 신사업·전통 IB 동시 강화…차세대 금융사로 도약 - 리버티코리아포스트","메리츠증권, 신사업·전통 IB 동시 강화…차세대 금융사로 도약&nbsp;&nbsp;리버티코리아포스트",LNG,2025-07,"메리츠증권, 신사업·전통 IB 동시 강화…차세대 금융사로 도약 - 리버티코리아포스트 메리츠증권, 신사업·전통 IB 동시 강화…차세대 금융사로 도약&nbsp;&nbsp;리버티코리아포스트"
2025-07-14,"삼성중공업, 해양플랜트·상선 쌍끌이…FLNG '독주' - 네이트","삼성중공업, 해양플랜트·상선 쌍끌이…FLNG '독주'&nbsp;&nbsp;네이트",LNG,2025-07,"삼성중공업, 해양플랜트·상선 쌍끌이…FLNG '독주' - 네이트 삼성중공업, 해양플랜트·상선 쌍끌이…FLNG '독주'&nbsp;&nbsp;네이트"
2025-07-03,"통영 LNG발전소 인근 누런 거품…어민 ""해양생태계 악영향"" 우려 - 연합뉴스","통영 LNG발전소 인근 누런 거품…어민 ""해양생태계 악영향"" 우려&nbsp;&nbsp;연합뉴스",LNG,2025-07,"통영 LNG발전소 인근 누런 거품…어민 ""해양생태계 악영향"" 우려 - 연합뉴스 통영 LNG발전소 인근 누런 거품…어민 ""해양생태계 악영향"" 우려&nbsp;&nbsp;연합뉴스"
2025-07-24,"""한일 경제공동체, EU급 키워야""…LNG·반도체·그린 이노베이션 '새 활로' - 네이트","""한일 경제공동체, EU급 키워야""…LNG·반도체·그린 이노베이션 '새 활로'&nbsp;&nbsp;네이트",LNG,2025-07,"""한일 경제공동체, EU급 키워야""…LNG·반도체·그린 이노베이션 '새 활로' - 네이트 ""한일 경제공동체, EU급 키워야""…LNG·반도체·그린 이노베이션 '새 활로'&nbsp;&nbsp;네이트"
2025-07-21,"SK이노 E&S, LNG 발전소 2곳 유동화 속도…경영권은 그대로 - 연합뉴스","SK이노 E&amp;S, LNG 발전소 2곳 유동화 속도…경영권은 그대로&nbsp;&nbsp;연합뉴스",LNG,2025-07,"SK이노 E&S, LNG 발전소 2곳 유동화 속도…경영권은 그대로 - 연합뉴스 SK이노 E&amp;S, LNG 발전소 2곳 유동화 속도…경영권은 그대로&nbsp;&nbsp;연합뉴스"
2025-07-01,"포스코이앤씨, 1.5조원 규모 태국 LNG 터미널 공사 수주 - 연합뉴스","포스코이앤씨, 1.5조원 규모 태국 LNG 터미널 공사 수주&nbsp;&nbsp;연합뉴스",LNG,2025-07,"포스코이앤씨, 1.5조원 규모 태국 LNG 터미널 공사 수주 - 연합뉴스 포스코이앤씨, 1.5조원 규모 태국 LNG 터미널 공사 수주&nbsp;&nbsp;연합뉴스"
2025-07-07,"SK이노 E&S, GS와 합작한 보령LNG터미널 지분 유동화 착수 - 연합뉴스","SK이노 E&amp;S, GS와 합작한 보령LNG터미널 지분 유동화 착수&nbsp;&nbsp;연합뉴스",LNG,2025-07,"SK이노 E&S, GS와 합작한 보령LNG터미널 지분 유동화 착수 - 연합뉴스 SK이노 E&amp;S, GS와 합작한 보령LNG터미널 지분 유동화 착수&nbsp;&nbsp;연합뉴스"
2025-07-17,[특징주] 골드만삭스 ‘중립’ 의견에… SK하이닉스 약세 - 조선비즈 - Chosunbiz,[특징주] 골드만삭스 ‘중립’ 의견에… SK하이닉스 약세 - 조선비즈&nbsp;&nbsp;Chosunbiz,HBM,2025-07,[특징주] 골드만삭스 ‘중립’ 의견에… SK하이닉스 약세 - 조선비즈 - Chosunbiz [특징주] 골드만삭스 ‘중립’ 의견에… SK하이닉스 약세 - 조선비즈&nbsp;&nbsp;Chosunbiz
2025-07-24,연간적자에서 역대최고 실적으로…SK하이닉스 밀어올린 HBM 파워 - 연합뉴스,연간적자에서 역대최고 실적으로…SK하이닉스 밀어올린 HBM 파워&nbsp;&nbsp;연합뉴스,HBM,2025-07,연간적자에서 역대최고 실적으로…SK하이닉스 밀어올린 HBM 파워 - 연합뉴스 연간적자에서 역대최고 실적으로…SK하이닉스 밀어올린 HBM 파워&nbsp;&nbsp;연합뉴스
2025-07-27,'부도 회사' 떠안고 1억으로 창업…640억 '주식 부자' 됐다 [윤현주의 主食이 주식] - 한국경제,'부도 회사' 떠안고 1억으로 창업…640억 '주식 부자' 됐다 [윤현주의 主食이 주식]&nbsp;&nbsp;한국경제,HBM,2025-07,'부도 회사' 떠안고 1억으로 창업…640억 '주식 부자' 됐다 [윤현주의 主食이 주식] - 한국경제 '부도 회사' 떠안고 1억으로 창업…640억 '주식 부자' 됐다 [윤현주의 主食이 주식]&nbsp;&nbsp;한국경제
2025-07-17,"SK하이닉스 주가폭락 촉발한 골드만…""내년에 처음으로 HBM 가격 하락"" - 연합인포맥스","SK하이닉스 주가폭락 촉발한 골드만…""내년에 처음으로 HBM 가격 하락""&nbsp;&nbsp;연합인포맥스",HBM,2025-07,"SK하이닉스 주가폭락 촉발한 골드만…""내년에 처음으로 HBM 가격 하락"" - 연합인포맥스 SK하이닉스 주가폭락 촉발한 골드만…""내년에 처음으로 HBM 가격 하락""&nbsp;&nbsp;연합인포맥스"
2025-07-15,"엔비디아 젠슨 황 ""중국용 'H20' 판매 재개"", 삼성전자 HBM 수혜 예상 - 비즈니스포스트","엔비디아 젠슨 황 ""중국용 'H20' 판매 재개"", 삼성전자 HBM 수혜 예상&nbsp;&nbsp;비즈니스포스트",HBM,2025-07,"엔비디아 젠슨 황 ""중국용 'H20' 판매 재개"", 삼성전자 HBM 수혜 예상 - 비즈니스포스트 엔비디아 젠슨 황 ""중국용 'H20' 판매 재개"", 삼성전자 HBM 수혜 예상&nbsp;&nbsp;비즈니스포스트"
2025-07-17,"SK하이닉스 9% 급락, 제가 투자하지 않는 이유. (삼성전자나 마이크론?) - 네이버 프리미엄콘텐츠","SK하이닉스 9% 급락, 제가 투자하지 않는 이유. (삼성전자나 마이크론?)&nbsp;&nbsp;네이버 프리미엄콘텐츠",HBM,2025-07,"SK하이닉스 9% 급락, 제가 투자하지 않는 이유. (삼성전자나 마이크론?) - 네이버 프리미엄콘텐츠 SK하이닉스 9% 급락, 제가 투자하지 않는 이유. (삼성전자나 마이크론?)&nbsp;&nbsp;네이버 프리미엄콘텐츠"
2025-07-17,“HBM 가격 조정 임박”…엇갈린 삼전ㆍSK하닉 주가(종합) - 이데일리,“HBM 가격 조정 임박”…엇갈린 삼전ㆍSK하닉 주가(종합)&nbsp;&nbsp;이데일리,HBM,2025-07,“HBM 가격 조정 임박”…엇갈린 삼전ㆍSK하닉 주가(종합) - 이데일리 “HBM 가격 조정 임박”…엇갈린 삼전ㆍSK하닉 주가(종합)&nbsp;&nbsp;이데일리
2025-07-11,"[특징주] SK하이닉스, HBM 날개 달고 첫 ‘30만닉스’ - 조선비즈 - Chosunbiz","[특징주] SK하이닉스, HBM 날개 달고 첫 ‘30만닉스’ - 조선비즈&nbsp;&nbsp;Chosunbiz",HBM,2025-07,"[특징주] SK하이닉스, HBM 날개 달고 첫 ‘30만닉스’ - 조선비즈 - Chosunbiz [특징주] SK하이닉스, HBM 날개 달고 첫 ‘30만닉스’ - 조선비즈&nbsp;&nbsp;Chosunbiz"
2025-07-18,"NH투자 ""SK하이닉스, HBM 물량 확정까진 주가 노이즈 계속"" - 연합뉴스","NH투자 ""SK하이닉스, HBM 물량 확정까진 주가 노이즈 계속""&nbsp;&nbsp;연합뉴스",HBM,2025-07,"NH투자 ""SK하이닉스, HBM 물량 확정까진 주가 노이즈 계속"" - 연합뉴스 NH투자 ""SK하이닉스, HBM 물량 확정까진 주가 노이즈 계속""&nbsp;&nbsp;연합뉴스"
2025-07-18,"""지금이 바닥""…큰손들 삼성전자 쓸어담더니 '연중 최고치' [종목+] - 한국경제","""지금이 바닥""…큰손들 삼성전자 쓸어담더니 '연중 최고치' [종목+]&nbsp;&nbsp;한국경제",HBM,2025-07,"""지금이 바닥""…큰손들 삼성전자 쓸어담더니 '연중 최고치' [종목+] - 한국경제 ""지금이 바닥""…큰손들 삼성전자 쓸어담더니 '연중 최고치' [종목+]&nbsp;&nbsp;한국경제"
2025-07-19,"삼성전자 7월 31일 실적발표, HBM 납품으로 주가 상승 전환하나 - 네이버 프리미엄콘텐츠","삼성전자 7월 31일 실적발표, HBM 납품으로 주가 상승 전환하나&nbsp;&nbsp;네이버 프리미엄콘텐츠",HBM,2025-07,"삼성전자 7월 31일 실적발표, HBM 납품으로 주가 상승 전환하나 - 네이버 프리미엄콘텐츠 삼성전자 7월 31일 실적발표, HBM 납품으로 주가 상승 전환하나&nbsp;&nbsp;네이버 프리미엄콘텐츠"
2025-07-17,"[특징주] 상승행진 끝나나…SK하이닉스, 장초반 6%대 하락세 - 연합뉴스","[특징주] 상승행진 끝나나…SK하이닉스, 장초반 6%대 하락세&nbsp;&nbsp;연합뉴스",HBM,2025-07,"[특징주] 상승행진 끝나나…SK하이닉스, 장초반 6%대 하락세 - 연합뉴스 [특징주] 상승행진 끝나나…SK하이닉스, 장초반 6%대 하락세&nbsp;&nbsp;연합뉴스"
2025-07-20,삼성전자 외인 보유율 50%대 넘었다…SK하이닉스 ‘빚투’도 급증 - 조선비즈 - Chosunbiz,삼성전자 외인 보유율 50%대 넘었다…SK하이닉스 ‘빚투’도 급증 - 조선비즈&nbsp;&nbsp;Chosunbiz,HBM,2025-07,삼성전자 외인 보유율 50%대 넘었다…SK하이닉스 ‘빚투’도 급증 - 조선비즈 - Chosunbiz 삼성전자 외인 보유율 50%대 넘었다…SK하이닉스 ‘빚투’도 급증 - 조선비즈&nbsp;&nbsp;Chosunbiz
2025-07-24,"""이래도 팔래?""…'역대급 실적' SK하이닉스, 파격 전망 나왔다 [분석+] - 한국경제","""이래도 팔래?""…'역대급 실적' SK하이닉스, 파격 전망 나왔다 [분석+]&nbsp;&nbsp;한국경제",HBM,2025-07,"""이래도 팔래?""…'역대급 실적' SK하이닉스, 파격 전망 나왔다 [분석+] - 한국경제 ""이래도 팔래?""…'역대급 실적' SK하이닉스, 파격 전망 나왔다 [분석+]&nbsp;&nbsp;한국경제"
2025-07-22,"""AI 반도체 ETF, SK하이닉스 포함 종목 수익률 약진"" - 연합뉴스","""AI 반도체 ETF, SK하이닉스 포함 종목 수익률 약진""&nbsp;&nbsp;연합뉴스",HBM,2025-07,"""AI 반도체 ETF, SK하이닉스 포함 종목 수익률 약진"" - 연합뉴스 ""AI 반도체 ETF, SK하이닉스 포함 종목 수익률 약진""&nbsp;&nbsp;연합뉴스"
2025-07-14,"‘HBM 큰손’으로 떠오른 주문형 반도체… 삼성전자·SK하이닉스·마이크론, 물량 경쟁 본격화 - 조선비즈 - Chosunbiz","‘HBM 큰손’으로 떠오른 주문형 반도체… 삼성전자·SK하이닉스·마이크론, 물량 경쟁 본격화 - 조선비즈&nbsp;&nbsp;Chosunbiz",HBM,2025-07,"‘HBM 큰손’으로 떠오른 주문형 반도체… 삼성전자·SK하이닉스·마이크론, 물량 경쟁 본격화 - 조선비즈 - Chosunbiz ‘HBM 큰손’으로 떠오른 주문형 반도체… 삼성전자·SK하이닉스·마이크론, 물량 경쟁 본격화 - 조선비즈&nbsp;&nbsp;Chosunbiz"
2025-07-18,외국인 '1조' 담은 이유가…삼성전자 반전에 개미들 '환호' [종목+] - 한국경제,외국인 '1조' 담은 이유가…삼성전자 반전에 개미들 '환호' [종목+]&nbsp;&nbsp;한국경제,HBM,2025-07,외국인 '1조' 담은 이유가…삼성전자 반전에 개미들 '환호' [종목+] - 한국경제 외국인 '1조' 담은 이유가…삼성전자 반전에 개미들 '환호' [종목+]&nbsp;&nbsp;한국경제
2025-07-27,"""적수가 없다""…'HBM 1위' SK하이닉스, 연간 D램 왕좌도 눈앞 - 연합뉴스","""적수가 없다""…'HBM 1위' SK하이닉스, 연간 D램 왕좌도 눈앞&nbsp;&nbsp;연합뉴스",HBM,2025-07,"""적수가 없다""…'HBM 1위' SK하이닉스, 연간 D램 왕좌도 눈앞 - 연합뉴스 ""적수가 없다""…'HBM 1위' SK하이닉스, 연간 D램 왕좌도 눈앞&nbsp;&nbsp;연합뉴스"
2025-07-29,“지금 들어가도 될까?”…센터장들이 꼽은 '코스피 5000 대장주'[코스피5000 시대] - 한경매거진&북,“지금 들어가도 될까?”…센터장들이 꼽은 '코스피 5000 대장주'[코스피5000 시대]&nbsp;&nbsp;한경매거진&북,HBM,2025-07,“지금 들어가도 될까?”…센터장들이 꼽은 '코스피 5000 대장주'[코스피5000 시대] - 한경매거진&북 “지금 들어가도 될까?”…센터장들이 꼽은 '코스피 5000 대장주'[코스피5000 시대]&nbsp;&nbsp;한경매거진&북
2025-07-17,"골드만삭스, SK하이닉스 투자의견 '중립'으로 하향조정 - 연합뉴스","골드만삭스, SK하이닉스 투자의견 '중립'으로 하향조정&nbsp;&nbsp;연합뉴스",HBM,2025-07,"골드만삭스, SK하이닉스 투자의견 '중립'으로 하향조정 - 연합뉴스 골드만삭스, SK하이닉스 투자의견 '중립'으로 하향조정&nbsp;&nbsp;연합뉴스"
2025-07-14,LG도 뛰어든 HBM 하이브리드 본더한미반도체·한화세미텍과 경쟁 예고 - 중소기업신문,LG도 뛰어든 HBM 하이브리드 본더한미반도체·한화세미텍과 경쟁 예고&nbsp;&nbsp;중소기업신문,HBM,2025-07,LG도 뛰어든 HBM 하이브리드 본더한미반도체·한화세미텍과 경쟁 예고 - 중소기업신문 LG도 뛰어든 HBM 하이브리드 본더한미반도체·한화세미텍과 경쟁 예고&nbsp;&nbsp;중소기업신문
2025-07-28,한화 vs 한미 '하이브리드 TC본더' 격돌…차세대 HBM 장비戰 가열 - ebn.co.kr,한화 vs 한미 '하이브리드 TC본더' 격돌…차세대 HBM 장비戰 가열&nbsp;&nbsp;ebn.co.kr,HBM,2025-07,한화 vs 한미 '하이브리드 TC본더' 격돌…차세대 HBM 장비戰 가열 - ebn.co.kr 한화 vs 한미 '하이브리드 TC본더' 격돌…차세대 HBM 장비戰 가열&nbsp;&nbsp;ebn.co.kr
2025-07-06,코스피 달리는데 '대장주' 삼성전자는?…시총 비중 9년만에 최저 - 매일경제 마켓,코스피 달리는데 '대장주' 삼성전자는?…시총 비중 9년만에 최저&nbsp;&nbsp;매일경제 마켓,HBM,2025-07,코스피 달리는데 '대장주' 삼성전자는?…시총 비중 9년만에 최저 - 매일경제 마켓 코스피 달리는데 '대장주' 삼성전자는?…시총 비중 9년만에 최저&nbsp;&nbsp;매일경제 마켓
2025-07-08,"삼성전자, 오늘 2분기 잠정실적 발표…반도체 부진 지속 - 연합뉴스","삼성전자, 오늘 2분기 잠정실적 발표…반도체 부진 지속&nbsp;&nbsp;연합뉴스",HBM,2025-07,"삼성전자, 오늘 2분기 잠정실적 발표…반도체 부진 지속 - 연합뉴스 삼성전자, 오늘 2분기 잠정실적 발표…반도체 부진 지속&nbsp;&nbsp;연합뉴스"
2025-07-13,'30만닉스' 찍은 SK하이닉스…더 날아오를까 - 한국경제,'30만닉스' 찍은 SK하이닉스…더 날아오를까&nbsp;&nbsp;한국경제,HBM,2025-07,'30만닉스' 찍은 SK하이닉스…더 날아오를까 - 한국경제 '30만닉스' 찍은 SK하이닉스…더 날아오를까&nbsp;&nbsp;한국경제
2025-07-07,‘3000피’ 못 따라잡는 삼성전자… 9년 만에 시총 비중 최저 - 조선비즈 - Chosunbiz,‘3000피’ 못 따라잡는 삼성전자… 9년 만에 시총 비중 최저 - 조선비즈&nbsp;&nbsp;Chosunbiz,HBM,2025-07,‘3000피’ 못 따라잡는 삼성전자… 9년 만에 시총 비중 최저 - 조선비즈 - Chosunbiz ‘3000피’ 못 따라잡는 삼성전자… 9년 만에 시총 비중 최저 - 조선비즈&nbsp;&nbsp;Chosunbiz
2025-07-03,"외인, 6000억 싹쓸이…""삼성전자 더 간다"" - 한국경제","외인, 6000억 싹쓸이…""삼성전자 더 간다""&nbsp;&nbsp;한국경제",HBM,2025-07,"외인, 6000억 싹쓸이…""삼성전자 더 간다"" - 한국경제 외인, 6000억 싹쓸이…""삼성전자 더 간다""&nbsp;&nbsp;한국경제"
2025-07-08,"'실적 쇼크' 삼성전자, 주가 향배는… 증권가 ""2분기가 저점"" - 한국경제","'실적 쇼크' 삼성전자, 주가 향배는… 증권가 ""2분기가 저점""&nbsp;&nbsp;한국경제",HBM,2025-07,"'실적 쇼크' 삼성전자, 주가 향배는… 증권가 ""2분기가 저점"" - 한국경제 '실적 쇼크' 삼성전자, 주가 향배는… 증권가 ""2분기가 저점""&nbsp;&nbsp;한국경제"
2025-07-21,"""드디어 '8만전자' 가나"" 두근두근…'파격 전망' 나왔다 [선한결의 이기업 왜이래] - 한국경제","""드디어 '8만전자' 가나"" 두근두근…'파격 전망' 나왔다 [선한결의 이기업 왜이래]&nbsp;&nbsp;한국경제",HBM,2025-07,"""드디어 '8만전자' 가나"" 두근두근…'파격 전망' 나왔다 [선한결의 이기업 왜이래] - 한국경제 ""드디어 '8만전자' 가나"" 두근두근…'파격 전망' 나왔다 [선한결의 이기업 왜이래]&nbsp;&nbsp;한국경제"
2025-07-16,한화 이어 LG까지…HBM 하이브리드 본딩 시장 '지각변동' - 네이트,한화 이어 LG까지…HBM 하이브리드 본딩 시장 '지각변동'&nbsp;&nbsp;네이트,HBM,2025-07,한화 이어 LG까지…HBM 하이브리드 본딩 시장 '지각변동' - 네이트 한화 이어 LG까지…HBM 하이브리드 본딩 시장 '지각변동'&nbsp;&nbsp;네이트
2025-07-14,한화에 LG도 참전···HBM용 '하이브리드 본더'가 뭐길래 - 뉴스웨이,한화에 LG도 참전···HBM용 '하이브리드 본더'가 뭐길래&nbsp;&nbsp;뉴스웨이,HBM,2025-07,한화에 LG도 참전···HBM용 '하이브리드 본더'가 뭐길래 - 뉴스웨이 한화에 LG도 참전···HBM용 '하이브리드 본더'가 뭐길래&nbsp;&nbsp;뉴스웨이
2025-07-30,"한화비전, 실적 발표 앞두고 '최고가'…누가 담았나 보니 [종목+] - 한국경제","한화비전, 실적 발표 앞두고 '최고가'…누가 담았나 보니 [종목+]&nbsp;&nbsp;한국경제",HBM,2025-07,"한화비전, 실적 발표 앞두고 '최고가'…누가 담았나 보니 [종목+] - 한국경제 한화비전, 실적 발표 앞두고 '최고가'…누가 담았나 보니 [종목+]&nbsp;&nbsp;한국경제"
2025-07-18,"시총 19.3조 증발 하이닉스…""구조적 위기 아니다"" - 네이트","시총 19.3조 증발 하이닉스…""구조적 위기 아니다""&nbsp;&nbsp;네이트",HBM,2025-07,"시총 19.3조 증발 하이닉스…""구조적 위기 아니다"" - 네이트 시총 19.3조 증발 하이닉스…""구조적 위기 아니다""&nbsp;&nbsp;네이트"
2025-07-09,삼성전자가 자사주 소각하는데 왜 생명·화재가 ‘들썩’ - 조선비즈 - Chosunbiz,삼성전자가 자사주 소각하는데 왜 생명·화재가 ‘들썩’ - 조선비즈&nbsp;&nbsp;Chosunbiz,HBM,2025-07,삼성전자가 자사주 소각하는데 왜 생명·화재가 ‘들썩’ - 조선비즈 - Chosunbiz 삼성전자가 자사주 소각하는데 왜 생명·화재가 ‘들썩’ - 조선비즈&nbsp;&nbsp;Chosunbiz
2025-07-24,"[컨콜] SK하이닉스 “청주 M15X 공장, 올 4분기 가동…내년 차세대 HBM 양산” - 뉴스퀘스트","[컨콜] SK하이닉스 “청주 M15X 공장, 올 4분기 가동…내년 차세대 HBM 양산”&nbsp;&nbsp;뉴스퀘스트",HBM,2025-07,"[컨콜] SK하이닉스 “청주 M15X 공장, 올 4분기 가동…내년 차세대 HBM 양산” - 뉴스퀘스트 [컨콜] SK하이닉스 “청주 M15X 공장, 올 4분기 가동…내년 차세대 HBM 양산”&nbsp;&nbsp;뉴스퀘스트"
2025-07-04,"SK하이닉스, 아마존·구글도 HBM 공급 '싹쓸이' - 한국경제","SK하이닉스, 아마존·구글도 HBM 공급 '싹쓸이'&nbsp;&nbsp;한국경제",HBM,2025-07,"SK하이닉스, 아마존·구글도 HBM 공급 '싹쓸이' - 한국경제 SK하이닉스, 아마존·구글도 HBM 공급 '싹쓸이'&nbsp;&nbsp;한국경제"
2025-07-31,"SK하이닉스, HBM 점유율 62%…마이크론 21%·삼성 17% - 네이트","SK하이닉스, HBM 점유율 62%…마이크론 21%·삼성 17%&nbsp;&nbsp;네이트",HBM,2025-07,"SK하이닉스, HBM 점유율 62%…마이크론 21%·삼성 17% - 네이트 SK하이닉스, HBM 점유율 62%…마이크론 21%·삼성 17%&nbsp;&nbsp;네이트"
2025-07-08,'이 종목' 덕봤다…국민연금 주식평가액 35.6조원↑ - 네이트,'이 종목' 덕봤다…국민연금 주식평가액 35.6조원↑&nbsp;&nbsp;네이트,HBM,2025-07,'이 종목' 덕봤다…국민연금 주식평가액 35.6조원↑ - 네이트 '이 종목' 덕봤다…국민연금 주식평가액 35.6조원↑&nbsp;&nbsp;네이트
2025-07-10,화장품 ETF인데 수익률 차이 13%P…OO이 갈랐다[ETF vs ETF] - 머니투데이 - 머니투데이,화장품 ETF인데 수익률 차이 13%P…OO이 갈랐다[ETF vs ETF] - 머니투데이&nbsp;&nbsp;머니투데이,화장품,2025-07,화장품 ETF인데 수익률 차이 13%P…OO이 갈랐다[ETF vs ETF] - 머니투데이 - 머니투데이 화장품 ETF인데 수익률 차이 13%P…OO이 갈랐다[ETF vs ETF] - 머니투데이&nbsp;&nbsp;머니투데이
2025-07-16,"[특징주] 한국화장품, 한중 관계 개선 기대감에 18%대 급등 - 조선비즈 - Chosunbiz","[특징주] 한국화장품, 한중 관계 개선 기대감에 18%대 급등 - 조선비즈&nbsp;&nbsp;Chosunbiz",화장품,2025-07,"[특징주] 한국화장품, 한중 관계 개선 기대감에 18%대 급등 - 조선비즈 - Chosunbiz [특징주] 한국화장품, 한중 관계 개선 기대감에 18%대 급등 - 조선비즈&nbsp;&nbsp;Chosunbiz"
2025-07-01,"[금융가 사람들] ""조선·방산 다음은 화장품""…신한자산운용 남아란 매니저 - 연합인포맥스","[금융가 사람들] ""조선·방산 다음은 화장품""…신한자산운용 남아란 매니저&nbsp;&nbsp;연합인포맥스",화장품,2025-07,"[금융가 사람들] ""조선·방산 다음은 화장품""…신한자산운용 남아란 매니저 - 연합인포맥스 [금융가 사람들] ""조선·방산 다음은 화장품""…신한자산운용 남아란 매니저&nbsp;&nbsp;연합인포맥스"
2025-07-29,"폰드그룹, 화장품업체 올그레이스 인수…""사업 다각화 차원""(종합) - 연합뉴스","폰드그룹, 화장품업체 올그레이스 인수…""사업 다각화 차원""(종합)&nbsp;&nbsp;연합뉴스",화장품,2025-07,"폰드그룹, 화장품업체 올그레이스 인수…""사업 다각화 차원""(종합) - 연합뉴스 폰드그룹, 화장품업체 올그레이스 인수…""사업 다각화 차원""(종합)&nbsp;&nbsp;연합뉴스"
2025-07-22,"[주식] 휴메딕스, 52주 신고가 경신...26%↑ - 히트뉴스","[주식] 휴메딕스, 52주 신고가 경신...26%↑&nbsp;&nbsp;히트뉴스",화장품,2025-07,"[주식] 휴메딕스, 52주 신고가 경신...26%↑ - 히트뉴스 [주식] 휴메딕스, 52주 신고가 경신...26%↑&nbsp;&nbsp;히트뉴스"
2025-07-29,"K뷰티, 미국 시장의 트렌드 세터로 부상...대형 리테일러들 유치 경쟁 - 팜뉴스","K뷰티, 미국 시장의 트렌드 세터로 부상...대형 리테일러들 유치 경쟁&nbsp;&nbsp;팜뉴스",화장품,2025-07,"K뷰티, 미국 시장의 트렌드 세터로 부상...대형 리테일러들 유치 경쟁 - 팜뉴스 K뷰티, 미국 시장의 트렌드 세터로 부상...대형 리테일러들 유치 경쟁&nbsp;&nbsp;팜뉴스"
2025-07-18,"국민연금, 상반기에도 'K-뷰티' 담았다 - 뉴스톱","국민연금, 상반기에도 'K-뷰티' 담았다&nbsp;&nbsp;뉴스톱",화장품,2025-07,"국민연금, 상반기에도 'K-뷰티' 담았다 - 뉴스톱 국민연금, 상반기에도 'K-뷰티' 담았다&nbsp;&nbsp;뉴스톱"
2025-07-10,"[단독] 화장품 CEO 조민, 일냈다…국내 완판 이어 태국 진출 - v.daum.net","[단독] 화장품 CEO 조민, 일냈다…국내 완판 이어 태국 진출&nbsp;&nbsp;v.daum.net",화장품,2025-07,"[단독] 화장품 CEO 조민, 일냈다…국내 완판 이어 태국 진출 - v.daum.net [단독] 화장품 CEO 조민, 일냈다…국내 완판 이어 태국 진출&nbsp;&nbsp;v.daum.net"
2025-07-18,"""러 K뷰티 판매량 줄었지만 판매액 늘어…고급화 추세"" - 연합뉴스","""러 K뷰티 판매량 줄었지만 판매액 늘어…고급화 추세""&nbsp;&nbsp;연합뉴스",화장품,2025-07,"""러 K뷰티 판매량 줄었지만 판매액 늘어…고급화 추세"" - 연합뉴스 ""러 K뷰티 판매량 줄었지만 판매액 늘어…고급화 추세""&nbsp;&nbsp;연합뉴스"
2025-07-03,"씨앤씨인터내셔널, 中 상하이 법인 수주 급증...'고속 성장 본격화' - 팜뉴스","씨앤씨인터내셔널, 中 상하이 법인 수주 급증...'고속 성장 본격화'&nbsp;&nbsp;팜뉴스",화장품,2025-07,"씨앤씨인터내셔널, 中 상하이 법인 수주 급증...'고속 성장 본격화' - 팜뉴스 씨앤씨인터내셔널, 中 상하이 법인 수주 급증...'고속 성장 본격화'&nbsp;&nbsp;팜뉴스"
2025-07-24,"쏟아지는 화장품社 매물, M&A 업계 단비 될까 - 뉴스톱","쏟아지는 화장품社 매물, M&amp;A 업계 단비 될까&nbsp;&nbsp;뉴스톱",화장품,2025-07,"쏟아지는 화장품社 매물, M&A 업계 단비 될까 - 뉴스톱 쏟아지는 화장품社 매물, M&amp;A 업계 단비 될까&nbsp;&nbsp;뉴스톱"
2025-07-08,'포장부터 사은품까지'…ESG 실천으로 달라진 마케팅 풍경 - 히트뉴스,'포장부터 사은품까지'…ESG 실천으로 달라진 마케팅 풍경&nbsp;&nbsp;히트뉴스,화장품,2025-07,'포장부터 사은품까지'…ESG 실천으로 달라진 마케팅 풍경 - 히트뉴스 '포장부터 사은품까지'…ESG 실천으로 달라진 마케팅 풍경&nbsp;&nbsp;히트뉴스
2025-07-09,"“K-뷰티, 인도에서 통한다”...급성장 배경과 남은 과제는 - 팜뉴스","“K-뷰티, 인도에서 통한다”...급성장 배경과 남은 과제는&nbsp;&nbsp;팜뉴스",화장품,2025-07,"“K-뷰티, 인도에서 통한다”...급성장 배경과 남은 과제는 - 팜뉴스 “K-뷰티, 인도에서 통한다”...급성장 배경과 남은 과제는&nbsp;&nbsp;팜뉴스"
2025-07-01,"태광산업, 화장품·에너지 등 조단위 투자…사업구조 재편 나서 - 연합뉴스","태광산업, 화장품·에너지 등 조단위 투자…사업구조 재편 나서&nbsp;&nbsp;연합뉴스",화장품,2025-07,"태광산업, 화장품·에너지 등 조단위 투자…사업구조 재편 나서 - 연합뉴스 태광산업, 화장품·에너지 등 조단위 투자…사업구조 재편 나서&nbsp;&nbsp;연합뉴스"
2025-07-22,“K-뷰티 수출 순풍… 한국콜마·코스맥스 실적 최고치” - 팜뉴스,“K-뷰티 수출 순풍… 한국콜마·코스맥스 실적 최고치”&nbsp;&nbsp;팜뉴스,화장품,2025-07,“K-뷰티 수출 순풍… 한국콜마·코스맥스 실적 최고치” - 팜뉴스 “K-뷰티 수출 순풍… 한국콜마·코스맥스 실적 최고치”&nbsp;&nbsp;팜뉴스
2025-07-30,"GS25, 매장에 AI 뷰티 디바이스 설치…퍼스널컬러 진단 - 연합뉴스","GS25, 매장에 AI 뷰티 디바이스 설치…퍼스널컬러 진단&nbsp;&nbsp;연합뉴스",화장품,2025-07,"GS25, 매장에 AI 뷰티 디바이스 설치…퍼스널컬러 진단 - 연합뉴스 GS25, 매장에 AI 뷰티 디바이스 설치…퍼스널컬러 진단&nbsp;&nbsp;연합뉴스"
2025-07-22,"충북 화장품기업 6곳, 북미박람회서 1천190만 달러 수출계약 - 연합뉴스","충북 화장품기업 6곳, 북미박람회서 1천190만 달러 수출계약&nbsp;&nbsp;연합뉴스",화장품,2025-07,"충북 화장품기업 6곳, 북미박람회서 1천190만 달러 수출계약 - 연합뉴스 충북 화장품기업 6곳, 북미박람회서 1천190만 달러 수출계약&nbsp;&nbsp;연합뉴스"
2025-07-10,"코스맥스, 에스티 로더 '최고 품질 파트너' 선정…‘13년 파트너십’ 빛났다 - 팜뉴스","코스맥스, 에스티 로더 '최고 품질 파트너' 선정…‘13년 파트너십’ 빛났다&nbsp;&nbsp;팜뉴스",화장품,2025-07,"코스맥스, 에스티 로더 '최고 품질 파트너' 선정…‘13년 파트너십’ 빛났다 - 팜뉴스 코스맥스, 에스티 로더 '최고 품질 파트너' 선정…‘13년 파트너십’ 빛났다&nbsp;&nbsp;팜뉴스"
2025-07-29,"신세계百, '바캉스 뷰티페어'…화장품 샘플 2만8천여개 배포 - 연합뉴스","신세계百, '바캉스 뷰티페어'…화장품 샘플 2만8천여개 배포&nbsp;&nbsp;연합뉴스",화장품,2025-07,"신세계百, '바캉스 뷰티페어'…화장품 샘플 2만8천여개 배포 - 연합뉴스 신세계百, '바캉스 뷰티페어'…화장품 샘플 2만8천여개 배포&nbsp;&nbsp;연합뉴스"
2025-07-01,"프랑스 스킨케어 시장, 천연 성분과 K-뷰티의 부상 - 팜뉴스","프랑스 스킨케어 시장, 천연 성분과 K-뷰티의 부상&nbsp;&nbsp;팜뉴스",화장품,2025-07,"프랑스 스킨케어 시장, 천연 성분과 K-뷰티의 부상 - 팜뉴스 프랑스 스킨케어 시장, 천연 성분과 K-뷰티의 부상&nbsp;&nbsp;팜뉴스"
2025-07-10,“글로벌 뷰티 산업을 흔드는 관세 폭풍”… 생산·유통 구조 재편 불가피 - 팜뉴스,“글로벌 뷰티 산업을 흔드는 관세 폭풍”… 생산·유통 구조 재편 불가피&nbsp;&nbsp;팜뉴스,화장품,2025-07,“글로벌 뷰티 산업을 흔드는 관세 폭풍”… 생산·유통 구조 재편 불가피 - 팜뉴스 “글로벌 뷰티 산업을 흔드는 관세 폭풍”… 생산·유통 구조 재편 불가피&nbsp;&nbsp;팜뉴스
2025-07-01,"태광산업, 1조5000억원 투자로 사업재편 시동…화장품·에너지 부문 진출 - 필드뉴스","태광산업, 1조5000억원 투자로 사업재편 시동…화장품·에너지 부문 진출&nbsp;&nbsp;필드뉴스",화장품,2025-07,"태광산업, 1조5000억원 투자로 사업재편 시동…화장품·에너지 부문 진출 - 필드뉴스 태광산업, 1조5000억원 투자로 사업재편 시동…화장품·에너지 부문 진출&nbsp;&nbsp;필드뉴스"
2025-07-28,美 MZ 세대 뷰티 소비 뉴노멀 “프리미엄의 기준은 더 이상 ‘가격’이 아니다” - 팜뉴스,美 MZ 세대 뷰티 소비 뉴노멀 “프리미엄의 기준은 더 이상 ‘가격’이 아니다”&nbsp;&nbsp;팜뉴스,화장품,2025-07,美 MZ 세대 뷰티 소비 뉴노멀 “프리미엄의 기준은 더 이상 ‘가격’이 아니다” - 팜뉴스 美 MZ 세대 뷰티 소비 뉴노멀 “프리미엄의 기준은 더 이상 ‘가격’이 아니다”&nbsp;&nbsp;팜뉴스
2025-07-06,[샷!] 외국인이 한국 오면 꼭 하는 이것 - 연합뉴스,[샷!] 외국인이 한국 오면 꼭 하는 이것&nbsp;&nbsp;연합뉴스,화장품,2025-07,[샷!] 외국인이 한국 오면 꼭 하는 이것 - 연합뉴스 [샷!] 외국인이 한국 오면 꼭 하는 이것&nbsp;&nbsp;연합뉴스
2025-07-30,"상상인증권 ""바이오플러스 필러·화장품 안정적 성장, 오버행 이슈는 부담"" - 비즈니스포스트","상상인증권 ""바이오플러스 필러·화장품 안정적 성장, 오버행 이슈는 부담""&nbsp;&nbsp;비즈니스포스트",화장품,2025-07,"상상인증권 ""바이오플러스 필러·화장품 안정적 성장, 오버행 이슈는 부담"" - 비즈니스포스트 상상인증권 ""바이오플러스 필러·화장품 안정적 성장, 오버행 이슈는 부담""&nbsp;&nbsp;비즈니스포스트"
2025-07-15,"해피바스, ‘필쏘굿’ 신규 바디케어 라인 다이소 론칭 - 팜뉴스","해피바스, ‘필쏘굿’ 신규 바디케어 라인 다이소 론칭&nbsp;&nbsp;팜뉴스",화장품,2025-07,"해피바스, ‘필쏘굿’ 신규 바디케어 라인 다이소 론칭 - 팜뉴스 해피바스, ‘필쏘굿’ 신규 바디케어 라인 다이소 론칭&nbsp;&nbsp;팜뉴스"
2025-07-22,"‘미국판 올리브영’ 울타도 러브콜… K뷰티, 美서 보폭 넓힌다 - 조선비즈 - Chosunbiz","‘미국판 올리브영’ 울타도 러브콜… K뷰티, 美서 보폭 넓힌다 - 조선비즈&nbsp;&nbsp;Chosunbiz",화장품,2025-07,"‘미국판 올리브영’ 울타도 러브콜… K뷰티, 美서 보폭 넓힌다 - 조선비즈 - Chosunbiz ‘미국판 올리브영’ 울타도 러브콜… K뷰티, 美서 보폭 넓힌다 - 조선비즈&nbsp;&nbsp;Chosunbiz"
2025-07-14,"""한국은 좁다. 글로벌로 간 K-뷰티""…이퀄베리·아누아·달바·메디큐브·조선미녀 '1등 경쟁 후끈' - 뉴스스페이스","""한국은 좁다. 글로벌로 간 K-뷰티""…이퀄베리·아누아·달바·메디큐브·조선미녀 '1등 경쟁 후끈'&nbsp;&nbsp;뉴스스페이스",화장품,2025-07,"""한국은 좁다. 글로벌로 간 K-뷰티""…이퀄베리·아누아·달바·메디큐브·조선미녀 '1등 경쟁 후끈' - 뉴스스페이스 ""한국은 좁다. 글로벌로 간 K-뷰티""…이퀄베리·아누아·달바·메디큐브·조선미녀 '1등 경쟁 후끈'&nbsp;&nbsp;뉴스스페이스"
2025-07-04,美서 1위 등극 K뷰티…디지털 네이티브 소비자와 클린뷰티 전략이 주효 - 팜뉴스,美서 1위 등극 K뷰티…디지털 네이티브 소비자와 클린뷰티 전략이 주효&nbsp;&nbsp;팜뉴스,화장품,2025-07,美서 1위 등극 K뷰티…디지털 네이티브 소비자와 클린뷰티 전략이 주효 - 팜뉴스 美서 1위 등극 K뷰티…디지털 네이티브 소비자와 클린뷰티 전략이 주효&nbsp;&nbsp;팜뉴스
2025-07-11,"유씨엘, OTC 선크림 및 고기능성 에센스 라인업으로 기술력 입증 - 팜뉴스","유씨엘, OTC 선크림 및 고기능성 에센스 라인업으로 기술력 입증&nbsp;&nbsp;팜뉴스",화장품,2025-07,"유씨엘, OTC 선크림 및 고기능성 에센스 라인업으로 기술력 입증 - 팜뉴스 유씨엘, OTC 선크림 및 고기능성 에센스 라인업으로 기술력 입증&nbsp;&nbsp;팜뉴스"
2025-07-08,가성비 전쟁에 뛰어든 LG생활건강···초저가 화장품 승부수 - 뉴스웨이,가성비 전쟁에 뛰어든 LG생활건강···초저가 화장품 승부수&nbsp;&nbsp;뉴스웨이,화장품,2025-07,가성비 전쟁에 뛰어든 LG생활건강···초저가 화장품 승부수 - 뉴스웨이 가성비 전쟁에 뛰어든 LG생활건강···초저가 화장품 승부수&nbsp;&nbsp;뉴스웨이
2025-07-29,“화장품은 동나고 치킨·과일은 불티”…지원금 어디 썼나 보니 - 매일경제,“화장품은 동나고 치킨·과일은 불티”…지원금 어디 썼나 보니&nbsp;&nbsp;매일경제,화장품,2025-07,“화장품은 동나고 치킨·과일은 불티”…지원금 어디 썼나 보니 - 매일경제 “화장품은 동나고 치킨·과일은 불티”…지원금 어디 썼나 보니&nbsp;&nbsp;매일경제
2025-07-14,마티에 프리미에르 국내 공식 론칭 - 팜뉴스,마티에 프리미에르 국내 공식 론칭&nbsp;&nbsp;팜뉴스,화장품,2025-07,마티에 프리미에르 국내 공식 론칭 - 팜뉴스 마티에 프리미에르 국내 공식 론칭&nbsp;&nbsp;팜뉴스
2025-07-07,"리쥬란 코스메틱, 카카오톡 선물하기 공식 입점 - 팜뉴스","리쥬란 코스메틱, 카카오톡 선물하기 공식 입점&nbsp;&nbsp;팜뉴스",화장품,2025-07,"리쥬란 코스메틱, 카카오톡 선물하기 공식 입점 - 팜뉴스 리쥬란 코스메틱, 카카오톡 선물하기 공식 입점&nbsp;&nbsp;팜뉴스"
2025-07-31,"에이유랩스, 신임 사업총괄에 박기현 전무 영입 - 팜뉴스","에이유랩스, 신임 사업총괄에 박기현 전무 영입&nbsp;&nbsp;팜뉴스",화장품,2025-07,"에이유랩스, 신임 사업총괄에 박기현 전무 영입 - 팜뉴스 에이유랩스, 신임 사업총괄에 박기현 전무 영입&nbsp;&nbsp;팜뉴스"
2025-07-21,"프리메라, ‘비타티놀 바운시 리프트 세럼’ 출시 - 팜뉴스","프리메라, ‘비타티놀 바운시 리프트 세럼’ 출시&nbsp;&nbsp;팜뉴스",화장품,2025-07,"프리메라, ‘비타티놀 바운시 리프트 세럼’ 출시 - 팜뉴스 프리메라, ‘비타티놀 바운시 리프트 세럼’ 출시&nbsp;&nbsp;팜뉴스"
2025-07-01,"파마리서치, PLLA 기반 바이오스티뮬레이터 ‘에버클’ 출시 - 팜뉴스","파마리서치, PLLA 기반 바이오스티뮬레이터 ‘에버클’ 출시&nbsp;&nbsp;팜뉴스",화장품,2025-07,"파마리서치, PLLA 기반 바이오스티뮬레이터 ‘에버클’ 출시 - 팜뉴스 파마리서치, PLLA 기반 바이오스티뮬레이터 ‘에버클’ 출시&nbsp;&nbsp;팜뉴스"
2025-07-30,애경산업 닷솔루션 에이솔루션 트러블 패치 출시 - 팜뉴스,애경산업 닷솔루션 에이솔루션 트러블 패치 출시&nbsp;&nbsp;팜뉴스,화장품,2025-07,애경산업 닷솔루션 에이솔루션 트러블 패치 출시 - 팜뉴스 애경산업 닷솔루션 에이솔루션 트러블 패치 출시&nbsp;&nbsp;팜뉴스
2025-07-28,"울트라브이, 배우 한채아와 함께 울트라콜 신규 캠페인 전개 - 팜뉴스","울트라브이, 배우 한채아와 함께 울트라콜 신규 캠페인 전개&nbsp;&nbsp;팜뉴스",화장품,2025-07,"울트라브이, 배우 한채아와 함께 울트라콜 신규 캠페인 전개 - 팜뉴스 울트라브이, 배우 한채아와 함께 울트라콜 신규 캠페인 전개&nbsp;&nbsp;팜뉴스"
2025-07-07,"애경산업, 블랙포레 루트파워 두피 쿨 앤 딥 클린 탈모증상완화 샴푸 출시 - 팜뉴스","애경산업, 블랙포레 루트파워 두피 쿨 앤 딥 클린 탈모증상완화 샴푸 출시&nbsp;&nbsp;팜뉴스",화장품,2025-07,"애경산업, 블랙포레 루트파워 두피 쿨 앤 딥 클린 탈모증상완화 샴푸 출시 - 팜뉴스 애경산업, 블랙포레 루트파워 두피 쿨 앤 딥 클린 탈모증상완화 샴푸 출시&nbsp;&nbsp;팜뉴스"
2025-07-04,"하이트진로, '승계 지렛대'는 K뷰티? - 뉴스톱","하이트진로, '승계 지렛대'는 K뷰티?&nbsp;&nbsp;뉴스톱",화장품,2025-07,"하이트진로, '승계 지렛대'는 K뷰티? - 뉴스톱 하이트진로, '승계 지렛대'는 K뷰티?&nbsp;&nbsp;뉴스톱"
2025-07-09,"한국 올리브영×일본 산리오 인기 제품 콜라보, MZ세대의 취향을 저격하다 - 재팬코리아데일리","한국 올리브영×일본 산리오 인기 제품 콜라보, MZ세대의 취향을 저격하다&nbsp;&nbsp;재팬코리아데일리",화장품,2025-07,"한국 올리브영×일본 산리오 인기 제품 콜라보, MZ세대의 취향을 저격하다 - 재팬코리아데일리 한국 올리브영×일본 산리오 인기 제품 콜라보, MZ세대의 취향을 저격하다&nbsp;&nbsp;재팬코리아데일리"
2025-07-29,"4050 패션 이어 뷰티까지…'퀸잇' 라포랩스, 자체 화장품 사업 시동 - 네이트","4050 패션 이어 뷰티까지…'퀸잇' 라포랩스, 자체 화장품 사업 시동&nbsp;&nbsp;네이트",화장품,2025-07,"4050 패션 이어 뷰티까지…'퀸잇' 라포랩스, 자체 화장품 사업 시동 - 네이트 4050 패션 이어 뷰티까지…'퀸잇' 라포랩스, 자체 화장품 사업 시동&nbsp;&nbsp;네이트"
2025-07-21,[단독] K뷰티 뜨자 TPG '잭팟'…화장품 팩키징社 삼화 KKR에 9000억 매각 - 네이트,[단독] K뷰티 뜨자 TPG '잭팟'…화장품 팩키징社 삼화 KKR에 9000억 매각&nbsp;&nbsp;네이트,화장품,2025-07,[단독] K뷰티 뜨자 TPG '잭팟'…화장품 팩키징社 삼화 KKR에 9000억 매각 - 네이트 [단독] K뷰티 뜨자 TPG '잭팟'…화장품 팩키징社 삼화 KKR에 9000억 매각&nbsp;&nbsp;네이트
2025-07-28,"디와이디 ""삼부토건 경영진 모두 정리""···화장품·바이오가 주력 - 네이트","디와이디 ""삼부토건 경영진 모두 정리""···화장품·바이오가 주력&nbsp;&nbsp;네이트",화장품,2025-07,"디와이디 ""삼부토건 경영진 모두 정리""···화장품·바이오가 주력 - 네이트 디와이디 ""삼부토건 경영진 모두 정리""···화장품·바이오가 주력&nbsp;&nbsp;네이트"
2025-07-02,"글로벌 뷰티 무역 전문 전시회 2025 인터참코리아, 2일 코엑스서 개최…전 세계 바이어가 찾는다! - 네이트","글로벌 뷰티 무역 전문 전시회 2025 인터참코리아, 2일 코엑스서 개최…전 세계 바이어가 찾는다!&nbsp;&nbsp;네이트",화장품,2025-07,"글로벌 뷰티 무역 전문 전시회 2025 인터참코리아, 2일 코엑스서 개최…전 세계 바이어가 찾는다! - 네이트 글로벌 뷰티 무역 전문 전시회 2025 인터참코리아, 2일 코엑스서 개최…전 세계 바이어가 찾는다!&nbsp;&nbsp;네이트"
2025-07-17,"프랑스 화장품 강자 ‘시크릿 파리’, 국내 독점 판매 개시 - 하이뉴스","프랑스 화장품 강자 ‘시크릿 파리’, 국내 독점 판매 개시&nbsp;&nbsp;하이뉴스",화장품,2025-07,"프랑스 화장품 강자 ‘시크릿 파리’, 국내 독점 판매 개시 - 하이뉴스 프랑스 화장품 강자 ‘시크릿 파리’, 국내 독점 판매 개시&nbsp;&nbsp;하이뉴스"
2025-08-05,"""지금 사두면 돈 된다""…뭉칫돈 몰리더니 주가 '줄상승' [종목+] - 한국경제","""지금 사두면 돈 된다""…뭉칫돈 몰리더니 주가 '줄상승' [종목+]&nbsp;&nbsp;한국경제",조선,2025-08,"""지금 사두면 돈 된다""…뭉칫돈 몰리더니 주가 '줄상승' [종목+] - 한국경제 ""지금 사두면 돈 된다""…뭉칫돈 몰리더니 주가 '줄상승' [종목+]&nbsp;&nbsp;한국경제"
2025-08-24,조선·원전·방산 팔고 현대·기아차 사는 외국인 왜?...″숨은 수혜주 찾아라″ [한양경제] - 경기일보,조선·원전·방산 팔고 현대·기아차 사는 외국인 왜?...″숨은 수혜주 찾아라″ [한양경제]&nbsp;&nbsp;경기일보,조선,2025-08,조선·원전·방산 팔고 현대·기아차 사는 외국인 왜?...″숨은 수혜주 찾아라″ [한양경제] - 경기일보 조선·원전·방산 팔고 현대·기아차 사는 외국인 왜?...″숨은 수혜주 찾아라″ [한양경제]&nbsp;&nbsp;경기일보
2025-08-17,"""한미 조선협력, MRO위탁·조선소 인수·공동건조 등 방식 가능"" - 연합뉴스","""한미 조선협력, MRO위탁·조선소 인수·공동건조 등 방식 가능""&nbsp;&nbsp;연합뉴스",조선,2025-08,"""한미 조선협력, MRO위탁·조선소 인수·공동건조 등 방식 가능"" - 연합뉴스 ""한미 조선협력, MRO위탁·조선소 인수·공동건조 등 방식 가능""&nbsp;&nbsp;연합뉴스"
2025-08-29,살 주식이 조선·조선기자재株 밖에 없다…HJ중공업 20% 급등 [줍줍 리포트] - 서울경제,살 주식이 조선·조선기자재株 밖에 없다…HJ중공업 20% 급등 [줍줍 리포트]&nbsp;&nbsp;서울경제,조선,2025-08,살 주식이 조선·조선기자재株 밖에 없다…HJ중공업 20% 급등 [줍줍 리포트] - 서울경제 살 주식이 조선·조선기자재株 밖에 없다…HJ중공업 20% 급등 [줍줍 리포트]&nbsp;&nbsp;서울경제
2025-08-02,이게 ‘마스가’ 효과? 중견조선사 대한조선 상장 첫날 85% 급등 - 조선일보,이게 ‘마스가’ 효과? 중견조선사 대한조선 상장 첫날 85% 급등&nbsp;&nbsp;조선일보,조선,2025-08,이게 ‘마스가’ 효과? 중견조선사 대한조선 상장 첫날 85% 급등 - 조선일보 이게 ‘마스가’ 효과? 중견조선사 대한조선 상장 첫날 85% 급등&nbsp;&nbsp;조선일보
2025-08-07,'깜짝실적 끌고 MASGA 밀고' 조선주 쾌속질주…ETF에도 뭉칫돈 - 머니투데이 - 머니투데이,'깜짝실적 끌고 MASGA 밀고' 조선주 쾌속질주…ETF에도 뭉칫돈 - 머니투데이&nbsp;&nbsp;머니투데이,조선,2025-08,'깜짝실적 끌고 MASGA 밀고' 조선주 쾌속질주…ETF에도 뭉칫돈 - 머니투데이 - 머니투데이 '깜짝실적 끌고 MASGA 밀고' 조선주 쾌속질주…ETF에도 뭉칫돈 - 머니투데이&nbsp;&nbsp;머니투데이
2025-08-19,10조 끌어모은 조선주 ‘에스엔시스’ 코스닥 상장 - 뉴스웰,10조 끌어모은 조선주 ‘에스엔시스’ 코스닥 상장&nbsp;&nbsp;뉴스웰,조선,2025-08,10조 끌어모은 조선주 ‘에스엔시스’ 코스닥 상장 - 뉴스웰 10조 끌어모은 조선주 ‘에스엔시스’ 코스닥 상장&nbsp;&nbsp;뉴스웰
2025-08-06,한미간 ‘마스가’ 프로젝트 본격화…조선 관련주 강세 ‘효과 실감’ - 부산일보,한미간 ‘마스가’ 프로젝트 본격화…조선 관련주 강세 ‘효과 실감’&nbsp;&nbsp;부산일보,조선,2025-08,한미간 ‘마스가’ 프로젝트 본격화…조선 관련주 강세 ‘효과 실감’ - 부산일보 한미간 ‘마스가’ 프로젝트 본격화…조선 관련주 강세 ‘효과 실감’&nbsp;&nbsp;부산일보
2025-08-28,"나신평 ""HD현대중·미포조선 합병으로 사업경쟁력 강화"" - 연합인포맥스","나신평 ""HD현대중·미포조선 합병으로 사업경쟁력 강화""&nbsp;&nbsp;연합인포맥스",조선,2025-08,"나신평 ""HD현대중·미포조선 합병으로 사업경쟁력 강화"" - 연합인포맥스 나신평 ""HD현대중·미포조선 합병으로 사업경쟁력 강화""&nbsp;&nbsp;연합인포맥스"
2025-08-26,"한미 정상회담 ""무난하게 종결""…조선·에너지·남북경협주 수혜 기대 - 뉴스1","한미 정상회담 ""무난하게 종결""…조선·에너지·남북경협주 수혜 기대&nbsp;&nbsp;뉴스1",조선,2025-08,"한미 정상회담 ""무난하게 종결""…조선·에너지·남북경협주 수혜 기대 - 뉴스1 한미 정상회담 ""무난하게 종결""…조선·에너지·남북경협주 수혜 기대&nbsp;&nbsp;뉴스1"
2025-08-20,"美 나스닥, AI 붐 거품 우려에 1.5% 하락 - 조선일보","美 나스닥, AI 붐 거품 우려에 1.5% 하락&nbsp;&nbsp;조선일보",조선,2025-08,"美 나스닥, AI 붐 거품 우려에 1.5% 하락 - 조선일보 美 나스닥, AI 붐 거품 우려에 1.5% 하락&nbsp;&nbsp;조선일보"
2025-08-27,[그래픽] HD한국조선해양 사업 재편 - 연합뉴스,[그래픽] HD한국조선해양 사업 재편&nbsp;&nbsp;연합뉴스,조선,2025-08,[그래픽] HD한국조선해양 사업 재편 - 연합뉴스 [그래픽] HD한국조선해양 사업 재편&nbsp;&nbsp;연합뉴스
2025-08-11,수익률 2500% 수퍼개미가 주가 떨어질 때마다 사는 이 주식 - 조선일보,수익률 2500% 수퍼개미가 주가 떨어질 때마다 사는 이 주식&nbsp;&nbsp;조선일보,조선,2025-08,수익률 2500% 수퍼개미가 주가 떨어질 때마다 사는 이 주식 - 조선일보 수익률 2500% 수퍼개미가 주가 떨어질 때마다 사는 이 주식&nbsp;&nbsp;조선일보
2025-08-26,[한미정상회담] 조선·에너지·항공 등 11건 '제조 파트너십' MOU·계약 - 연합뉴스,[한미정상회담] 조선·에너지·항공 등 11건 '제조 파트너십' MOU·계약&nbsp;&nbsp;연합뉴스,조선,2025-08,[한미정상회담] 조선·에너지·항공 등 11건 '제조 파트너십' MOU·계약 - 연합뉴스 [한미정상회담] 조선·에너지·항공 등 11건 '제조 파트너십' MOU·계약&nbsp;&nbsp;연합뉴스
2025-08-14,中 1·2위 조선사 합병에 속도…韓美 '마스가' 염두 뒀나 - 연합뉴스,中 1·2위 조선사 합병에 속도…韓美 '마스가' 염두 뒀나&nbsp;&nbsp;연합뉴스,조선,2025-08,中 1·2위 조선사 합병에 속도…韓美 '마스가' 염두 뒀나 - 연합뉴스 中 1·2위 조선사 합병에 속도…韓美 '마스가' 염두 뒀나&nbsp;&nbsp;연합뉴스
2025-08-08,‘공매도 대기 자금’ 100조 육박… 주가 하락 베팅 늘어 - 조선일보,‘공매도 대기 자금’ 100조 육박… 주가 하락 베팅 늘어&nbsp;&nbsp;조선일보,조선,2025-08,‘공매도 대기 자금’ 100조 육박… 주가 하락 베팅 늘어 - 조선일보 ‘공매도 대기 자금’ 100조 육박… 주가 하락 베팅 늘어&nbsp;&nbsp;조선일보
2025-08-26,"李대통령 ""한국, 조선분야 美의 유일 파트너…원전협력 확대"" - 연합뉴스","李대통령 ""한국, 조선분야 美의 유일 파트너…원전협력 확대""&nbsp;&nbsp;연합뉴스",조선,2025-08,"李대통령 ""한국, 조선분야 美의 유일 파트너…원전협력 확대"" - 연합뉴스 李대통령 ""한국, 조선분야 美의 유일 파트너…원전협력 확대""&nbsp;&nbsp;연합뉴스"
2025-08-07,"""정책 핵심 의원이 미공개 정보 이용해 주식거래 정황"" - 조선일보","""정책 핵심 의원이 미공개 정보 이용해 주식거래 정황""&nbsp;&nbsp;조선일보",조선,2025-08,"""정책 핵심 의원이 미공개 정보 이용해 주식거래 정황"" - 조선일보 ""정책 핵심 의원이 미공개 정보 이용해 주식거래 정황""&nbsp;&nbsp;조선일보"
2025-08-07,"[율곡로] K-조선, 한미동맹의 새 린치핀 될까 - 연합뉴스","[율곡로] K-조선, 한미동맹의 새 린치핀 될까&nbsp;&nbsp;연합뉴스",조선,2025-08,"[율곡로] K-조선, 한미동맹의 새 린치핀 될까 - 연합뉴스 [율곡로] K-조선, 한미동맹의 새 린치핀 될까&nbsp;&nbsp;연합뉴스"
2025-08-25,파월 발언에 美 증시 훨훨 날지만… 투자자들은 불안 - 조선일보,파월 발언에 美 증시 훨훨 날지만… 투자자들은 불안&nbsp;&nbsp;조선일보,조선,2025-08,파월 발언에 美 증시 훨훨 날지만… 투자자들은 불안 - 조선일보 파월 발언에 美 증시 훨훨 날지만… 투자자들은 불안&nbsp;&nbsp;조선일보
2025-08-27,HD현대重·미포 합병에 조선·해양 계열사 들썩 - 한국경제,HD현대重·미포 합병에 조선·해양 계열사 들썩&nbsp;&nbsp;한국경제,조선,2025-08,HD현대重·미포 합병에 조선·해양 계열사 들썩 - 한국경제 HD현대重·미포 합병에 조선·해양 계열사 들썩&nbsp;&nbsp;한국경제
2025-08-08,"찰리 멍거는 절대 하지 않았던, 주식으로 돈 잃는 사람 최악의 실수 - 조선일보","찰리 멍거는 절대 하지 않았던, 주식으로 돈 잃는 사람 최악의 실수&nbsp;&nbsp;조선일보",조선,2025-08,"찰리 멍거는 절대 하지 않았던, 주식으로 돈 잃는 사람 최악의 실수 - 조선일보 찰리 멍거는 절대 하지 않았던, 주식으로 돈 잃는 사람 최악의 실수&nbsp;&nbsp;조선일보"
2025-08-22,시진핑이 무너진다? 중국 증시 폭등의 진짜 이유 - 조선일보,시진핑이 무너진다? 중국 증시 폭등의 진짜 이유&nbsp;&nbsp;조선일보,조선,2025-08,시진핑이 무너진다? 중국 증시 폭등의 진짜 이유 - 조선일보 시진핑이 무너진다? 중국 증시 폭등의 진짜 이유&nbsp;&nbsp;조선일보
2025-08-13,"엔비디아로 쏠쏠히 번 국민연금, 새로 담은 주식들 봤더니… - 조선일보","엔비디아로 쏠쏠히 번 국민연금, 새로 담은 주식들 봤더니…&nbsp;&nbsp;조선일보",조선,2025-08,"엔비디아로 쏠쏠히 번 국민연금, 새로 담은 주식들 봤더니… - 조선일보 엔비디아로 쏠쏠히 번 국민연금, 새로 담은 주식들 봤더니…&nbsp;&nbsp;조선일보"
2025-08-24,"매해 늘던 코스피 ‘액면 주식 수’, 처음 줄었다… 긍정적 신호? - 조선비즈 - Chosunbiz","매해 늘던 코스피 ‘액면 주식 수’, 처음 줄었다… 긍정적 신호? - 조선비즈&nbsp;&nbsp;Chosunbiz",조선,2025-08,"매해 늘던 코스피 ‘액면 주식 수’, 처음 줄었다… 긍정적 신호? - 조선비즈 - Chosunbiz 매해 늘던 코스피 ‘액면 주식 수’, 처음 줄었다… 긍정적 신호? - 조선비즈&nbsp;&nbsp;Chosunbiz"
2025-08-20,"HD한국조선해양, 두산에너빌 베트남 자회사 두산비나 인수 - 연합뉴스","HD한국조선해양, 두산에너빌 베트남 자회사 두산비나 인수&nbsp;&nbsp;연합뉴스",조선,2025-08,"HD한국조선해양, 두산에너빌 베트남 자회사 두산비나 인수 - 연합뉴스 HD한국조선해양, 두산에너빌 베트남 자회사 두산비나 인수&nbsp;&nbsp;연합뉴스"
2025-08-08,"'조선미녀' 구다이글로벌, '4조 몸값' 인정받았다 - 뉴스퀘스트","'조선미녀' 구다이글로벌, '4조 몸값' 인정받았다&nbsp;&nbsp;뉴스퀘스트",조선,2025-08,"'조선미녀' 구다이글로벌, '4조 몸값' 인정받았다 - 뉴스퀘스트 '조선미녀' 구다이글로벌, '4조 몸값' 인정받았다&nbsp;&nbsp;뉴스퀘스트"
2025-08-14,[특징주] 네이버웹툰 따라 웹툰株 급등 - 조선비즈 - Chosunbiz,[특징주] 네이버웹툰 따라 웹툰株 급등 - 조선비즈&nbsp;&nbsp;Chosunbiz,조선,2025-08,[특징주] 네이버웹툰 따라 웹툰株 급등 - 조선비즈 - Chosunbiz [특징주] 네이버웹툰 따라 웹툰株 급등 - 조선비즈&nbsp;&nbsp;Chosunbiz
2025-08-07,고평가 논란… 美서도 스테이블코인 관련株 급락 - 조선일보,고평가 논란… 美서도 스테이블코인 관련株 급락&nbsp;&nbsp;조선일보,조선,2025-08,고평가 논란… 美서도 스테이블코인 관련株 급락 - 조선일보 고평가 논란… 美서도 스테이블코인 관련株 급락&nbsp;&nbsp;조선일보
2025-08-16,"엔비디아 아니다, 전력난·AI 등에 업고 돈 몰리는 주식 - 조선일보","엔비디아 아니다, 전력난·AI 등에 업고 돈 몰리는 주식&nbsp;&nbsp;조선일보",조선,2025-08,"엔비디아 아니다, 전력난·AI 등에 업고 돈 몰리는 주식 - 조선일보 엔비디아 아니다, 전력난·AI 등에 업고 돈 몰리는 주식&nbsp;&nbsp;조선일보"
2025-08-19,'91% 폭등' 불기둥 쐈다…'큰손' 쓸어담자 난리 난 주식 [종목+] - 한국경제,'91% 폭등' 불기둥 쐈다…'큰손' 쓸어담자 난리 난 주식 [종목+]&nbsp;&nbsp;한국경제,조선,2025-08,'91% 폭등' 불기둥 쐈다…'큰손' 쓸어담자 난리 난 주식 [종목+] - 한국경제 '91% 폭등' 불기둥 쐈다…'큰손' 쓸어담자 난리 난 주식 [종목+]&nbsp;&nbsp;한국경제
2025-08-22,"'분식회계' 대우조선해양, 국민연금에 442억원 배상 확정 - 연합뉴스","'분식회계' 대우조선해양, 국민연금에 442억원 배상 확정&nbsp;&nbsp;연합뉴스",조선,2025-08,"'분식회계' 대우조선해양, 국민연금에 442억원 배상 확정 - 연합뉴스 '분식회계' 대우조선해양, 국민연금에 442억원 배상 확정&nbsp;&nbsp;연합뉴스"
2025-08-18,"亞증시 축포, 코스피만 하락... 외국인 ""韓 팔고 日 사는 중"" - 조선일보","亞증시 축포, 코스피만 하락... 외국인 ""韓 팔고 日 사는 중""&nbsp;&nbsp;조선일보",조선,2025-08,"亞증시 축포, 코스피만 하락... 외국인 ""韓 팔고 日 사는 중"" - 조선일보 亞증시 축포, 코스피만 하락... 외국인 ""韓 팔고 日 사는 중""&nbsp;&nbsp;조선일보"
2025-08-28,"HD현대重·현대미포 합병 추진…증권가 ‘호평’, 주가는 큰 폭 하락 - 조선일보","HD현대重·현대미포 합병 추진…증권가 ‘호평’, 주가는 큰 폭 하락&nbsp;&nbsp;조선일보",조선,2025-08,"HD현대重·현대미포 합병 추진…증권가 ‘호평’, 주가는 큰 폭 하락 - 조선일보 HD현대重·현대미포 합병 추진…증권가 ‘호평’, 주가는 큰 폭 하락&nbsp;&nbsp;조선일보"
2025-08-05,"[사설] 확산되는 대주주 양도세 혼란, 대통령이 정리해야 - 조선일보","[사설] 확산되는 대주주 양도세 혼란, 대통령이 정리해야&nbsp;&nbsp;조선일보",조선,2025-08,"[사설] 확산되는 대주주 양도세 혼란, 대통령이 정리해야 - 조선일보 [사설] 확산되는 대주주 양도세 혼란, 대통령이 정리해야&nbsp;&nbsp;조선일보"
2025-08-26,[특징주] 트럼프가 한국산 펜 칭찬하자… 모나미 20%대 급등 - 조선비즈 - Chosunbiz,[특징주] 트럼프가 한국산 펜 칭찬하자… 모나미 20%대 급등 - 조선비즈&nbsp;&nbsp;Chosunbiz,조선,2025-08,[특징주] 트럼프가 한국산 펜 칭찬하자… 모나미 20%대 급등 - 조선비즈 - Chosunbiz [특징주] 트럼프가 한국산 펜 칭찬하자… 모나미 20%대 급등 - 조선비즈&nbsp;&nbsp;Chosunbiz
2025-08-15,"버핏의 버크셔, 애플 대거 팔고… 주가 반토막 ‘이 회사’ 2조원치 샀다 - 조선일보","버핏의 버크셔, 애플 대거 팔고… 주가 반토막 ‘이 회사’ 2조원치 샀다&nbsp;&nbsp;조선일보",조선,2025-08,"버핏의 버크셔, 애플 대거 팔고… 주가 반토막 ‘이 회사’ 2조원치 샀다 - 조선일보 버핏의 버크셔, 애플 대거 팔고… 주가 반토막 ‘이 회사’ 2조원치 샀다&nbsp;&nbsp;조선일보"
2025-08-25,"소프트뱅크, 쿠팡 지분 2.3조 규모 연이어 매각 - 조선비즈 - Chosunbiz","소프트뱅크, 쿠팡 지분 2.3조 규모 연이어 매각 - 조선비즈&nbsp;&nbsp;Chosunbiz",조선,2025-08,"소프트뱅크, 쿠팡 지분 2.3조 규모 연이어 매각 - 조선비즈 - Chosunbiz 소프트뱅크, 쿠팡 지분 2.3조 규모 연이어 매각 - 조선비즈&nbsp;&nbsp;Chosunbiz"
2025-08-21,"넥스트레이드, 내년 ETF 거래 목표… 한국거래소는 긴장 - 조선비즈 - Chosunbiz","넥스트레이드, 내년 ETF 거래 목표… 한국거래소는 긴장 - 조선비즈&nbsp;&nbsp;Chosunbiz",조선,2025-08,"넥스트레이드, 내년 ETF 거래 목표… 한국거래소는 긴장 - 조선비즈 - Chosunbiz 넥스트레이드, 내년 ETF 거래 목표… 한국거래소는 긴장 - 조선비즈&nbsp;&nbsp;Chosunbiz"
2025-08-11,"당정, ‘주식 양도세 기준’ 결론 못 내려… “추이 더 지켜볼 것” - 조선일보","당정, ‘주식 양도세 기준’ 결론 못 내려… “추이 더 지켜볼 것”&nbsp;&nbsp;조선일보",조선,2025-08,"당정, ‘주식 양도세 기준’ 결론 못 내려… “추이 더 지켜볼 것” - 조선일보 당정, ‘주식 양도세 기준’ 결론 못 내려… “추이 더 지켜볼 것”&nbsp;&nbsp;조선일보"
2025-08-25,"그래피, 혹독한 신고식…시장 평가 ‘냉정’ - 뉴스톱","그래피, 혹독한 신고식…시장 평가 ‘냉정’&nbsp;&nbsp;뉴스톱",조선,2025-08,"그래피, 혹독한 신고식…시장 평가 ‘냉정’ - 뉴스톱 그래피, 혹독한 신고식…시장 평가 ‘냉정’&nbsp;&nbsp;뉴스톱"
2025-08-01,"李 ""증세 바람직하지 않다""더니... 인상 규모 文때의 1.5배 - 조선일보","李 ""증세 바람직하지 않다""더니... 인상 규모 文때의 1.5배&nbsp;&nbsp;조선일보",조선,2025-08,"李 ""증세 바람직하지 않다""더니... 인상 규모 文때의 1.5배 - 조선일보 李 ""증세 바람직하지 않다""더니... 인상 규모 文때의 1.5배&nbsp;&nbsp;조선일보"
2025-08-20,美 최대 건강보험사 ‘UNH’ 놓고 큰손들 시선 엇갈려 - 조선일보,美 최대 건강보험사 ‘UNH’ 놓고 큰손들 시선 엇갈려&nbsp;&nbsp;조선일보,조선,2025-08,美 최대 건강보험사 ‘UNH’ 놓고 큰손들 시선 엇갈려 - 조선일보 美 최대 건강보험사 ‘UNH’ 놓고 큰손들 시선 엇갈려&nbsp;&nbsp;조선일보
2025-08-21,[朝鮮칼럼] 퇴직연금을 ‘코스피 5000’의 땔감으로 쓰지 마라 - 조선일보,[朝鮮칼럼] 퇴직연금을 ‘코스피 5000’의 땔감으로 쓰지 마라&nbsp;&nbsp;조선일보,조선,2025-08,[朝鮮칼럼] 퇴직연금을 ‘코스피 5000’의 땔감으로 쓰지 마라 - 조선일보 [朝鮮칼럼] 퇴직연금을 ‘코스피 5000’의 땔감으로 쓰지 마라&nbsp;&nbsp;조선일보
2025-08-14,"이종호 아내, 삼부토건 관계사 주식 거래로 2000만원 차익 - 조선일보","이종호 아내, 삼부토건 관계사 주식 거래로 2000만원 차익&nbsp;&nbsp;조선일보",조선,2025-08,"이종호 아내, 삼부토건 관계사 주식 거래로 2000만원 차익 - 조선일보 이종호 아내, 삼부토건 관계사 주식 거래로 2000만원 차익&nbsp;&nbsp;조선일보"
2025-08-01,"KCC, '실리콘 사업' 탄력…교환사채 내세운 '전략' 성공한 이유 [톺아보기] - 뉴스포스트","KCC, '실리콘 사업' 탄력…교환사채 내세운 '전략' 성공한 이유 [톺아보기]&nbsp;&nbsp;뉴스포스트",조선,2025-08,"KCC, '실리콘 사업' 탄력…교환사채 내세운 '전략' 성공한 이유 [톺아보기] - 뉴스포스트 KCC, '실리콘 사업' 탄력…교환사채 내세운 '전략' 성공한 이유 [톺아보기]&nbsp;&nbsp;뉴스포스트"
2025-08-20,"두산에너빌, 두산비나 매각 2900억 실탄…SMR·가스터빈 투자(종합) - 파이낸셜뉴스","두산에너빌, 두산비나 매각 2900억 실탄…SMR·가스터빈 투자(종합)&nbsp;&nbsp;파이낸셜뉴스",조선,2025-08,"두산에너빌, 두산비나 매각 2900억 실탄…SMR·가스터빈 투자(종합) - 파이낸셜뉴스 두산에너빌, 두산비나 매각 2900억 실탄…SMR·가스터빈 투자(종합)&nbsp;&nbsp;파이낸셜뉴스"
2025-08-13,"케이엘앤파트너스, 5600억 맘스터치 리파이낸싱 추진 - 조선비즈 - Chosunbiz","케이엘앤파트너스, 5600억 맘스터치 리파이낸싱 추진 - 조선비즈&nbsp;&nbsp;Chosunbiz",조선,2025-08,"케이엘앤파트너스, 5600억 맘스터치 리파이낸싱 추진 - 조선비즈 - Chosunbiz 케이엘앤파트너스, 5600억 맘스터치 리파이낸싱 추진 - 조선비즈&nbsp;&nbsp;Chosunbiz"
2025-08-07,"세계 최다 비트코인 보유 ‘스트래티지’, “올 연말 비트코인 15만달러 간다” - 조선일보","세계 최다 비트코인 보유 ‘스트래티지’, “올 연말 비트코인 15만달러 간다”&nbsp;&nbsp;조선일보",조선,2025-08,"세계 최다 비트코인 보유 ‘스트래티지’, “올 연말 비트코인 15만달러 간다” - 조선일보 세계 최다 비트코인 보유 ‘스트래티지’, “올 연말 비트코인 15만달러 간다”&nbsp;&nbsp;조선일보"
2025-08-06,가짜 주식 사이트로 노인 유혹... 94억 뜯어낸 피싱조직 - 조선일보,가짜 주식 사이트로 노인 유혹... 94억 뜯어낸 피싱조직&nbsp;&nbsp;조선일보,조선,2025-08,가짜 주식 사이트로 노인 유혹... 94억 뜯어낸 피싱조직 - 조선일보 가짜 주식 사이트로 노인 유혹... 94억 뜯어낸 피싱조직&nbsp;&nbsp;조선일보
2025-08-01,LG생활건강 매출 부진 지속... 화장품 적자 전환 '충격' - 코스인코리아닷컴,LG생활건강 매출 부진 지속... 화장품 적자 전환 '충격'&nbsp;&nbsp;코스인코리아닷컴,화장품,2025-08,LG생활건강 매출 부진 지속... 화장품 적자 전환 '충격' - 코스인코리아닷컴 LG생활건강 매출 부진 지속... 화장품 적자 전환 '충격'&nbsp;&nbsp;코스인코리아닷컴
2025-08-14,"잘나가던 화장품 ODM株 '후퇴'…""저가 매수 기회"" [종목+] - 한국경제","잘나가던 화장품 ODM株 '후퇴'…""저가 매수 기회"" [종목+]&nbsp;&nbsp;한국경제",화장품,2025-08,"잘나가던 화장품 ODM株 '후퇴'…""저가 매수 기회"" [종목+] - 한국경제 잘나가던 화장품 ODM株 '후퇴'…""저가 매수 기회"" [종목+]&nbsp;&nbsp;한국경제"
2025-08-03,"[K뷰티, 불황을 넘다] ④세계누비고 주가뛰어…관세·C뷰티 부담 - 연합뉴스","[K뷰티, 불황을 넘다] ④세계누비고 주가뛰어…관세·C뷰티 부담&nbsp;&nbsp;연합뉴스",화장품,2025-08,"[K뷰티, 불황을 넘다] ④세계누비고 주가뛰어…관세·C뷰티 부담 - 연합뉴스 [K뷰티, 불황을 넘다] ④세계누비고 주가뛰어…관세·C뷰티 부담&nbsp;&nbsp;연합뉴스"
2025-08-07,"아모레퍼시픽 뛰어넘은 에이피알, 대표는? - 톱클래스","아모레퍼시픽 뛰어넘은 에이피알, 대표는?&nbsp;&nbsp;톱클래스",화장품,2025-08,"아모레퍼시픽 뛰어넘은 에이피알, 대표는? - 톱클래스 아모레퍼시픽 뛰어넘은 에이피알, 대표는?&nbsp;&nbsp;톱클래스"
2025-08-06,“피부 재생” “염증 완화” ‘화장품을 의약품처럼’ 부당 광고 적발 - KBS 뉴스,“피부 재생” “염증 완화” ‘화장품을 의약품처럼’ 부당 광고 적발&nbsp;&nbsp;KBS 뉴스,화장품,2025-08,“피부 재생” “염증 완화” ‘화장품을 의약품처럼’ 부당 광고 적발 - KBS 뉴스 “피부 재생” “염증 완화” ‘화장품을 의약품처럼’ 부당 광고 적발&nbsp;&nbsp;KBS 뉴스
2025-08-13,"‘화장품의 날’ 9월 7일 법정 기념일 공식화, K-뷰티 글로벌 도약 발판 마련 - 팜뉴스","‘화장품의 날’ 9월 7일 법정 기념일 공식화, K-뷰티 글로벌 도약 발판 마련&nbsp;&nbsp;팜뉴스",화장품,2025-08,"‘화장품의 날’ 9월 7일 법정 기념일 공식화, K-뷰티 글로벌 도약 발판 마련 - 팜뉴스 ‘화장품의 날’ 9월 7일 법정 기념일 공식화, K-뷰티 글로벌 도약 발판 마련&nbsp;&nbsp;팜뉴스"
2025-08-26,"미국, 소액 소포도 관세…K뷰티·패션 역직구 영향 차단 나섰다 - 연합뉴스","미국, 소액 소포도 관세…K뷰티·패션 역직구 영향 차단 나섰다&nbsp;&nbsp;연합뉴스",화장품,2025-08,"미국, 소액 소포도 관세…K뷰티·패션 역직구 영향 차단 나섰다 - 연합뉴스 미국, 소액 소포도 관세…K뷰티·패션 역직구 영향 차단 나섰다&nbsp;&nbsp;연합뉴스"
2025-08-13,"K뷰티, 동남아 시장 장악…유통 전쟁 속 수출 고공행진 - 팜뉴스","K뷰티, 동남아 시장 장악…유통 전쟁 속 수출 고공행진&nbsp;&nbsp;팜뉴스",화장품,2025-08,"K뷰티, 동남아 시장 장악…유통 전쟁 속 수출 고공행진 - 팜뉴스 K뷰티, 동남아 시장 장악…유통 전쟁 속 수출 고공행진&nbsp;&nbsp;팜뉴스"
2025-08-03,"[K뷰티, 불황을 넘다] ①'성장동력'…세계 2위 수출국 넘본다 - 연합뉴스","[K뷰티, 불황을 넘다] ①'성장동력'…세계 2위 수출국 넘본다&nbsp;&nbsp;연합뉴스",화장품,2025-08,"[K뷰티, 불황을 넘다] ①'성장동력'…세계 2위 수출국 넘본다 - 연합뉴스 [K뷰티, 불황을 넘다] ①'성장동력'…세계 2위 수출국 넘본다&nbsp;&nbsp;연합뉴스"
2025-08-06,"코스맥스, 中서 극한환경 항산화 효소 개발…고기능 화장품 시장 공략 본격화 - 팜뉴스","코스맥스, 中서 극한환경 항산화 효소 개발…고기능 화장품 시장 공략 본격화&nbsp;&nbsp;팜뉴스",화장품,2025-08,"코스맥스, 中서 극한환경 항산화 효소 개발…고기능 화장품 시장 공략 본격화 - 팜뉴스 코스맥스, 中서 극한환경 항산화 효소 개발…고기능 화장품 시장 공략 본격화&nbsp;&nbsp;팜뉴스"
2025-08-18,'美 50% 철강 관세' 대상에 냉장고·화장품도…407종 추가 확대(종합) - 연합뉴스,'美 50% 철강 관세' 대상에 냉장고·화장품도…407종 추가 확대(종합)&nbsp;&nbsp;연합뉴스,화장품,2025-08,'美 50% 철강 관세' 대상에 냉장고·화장품도…407종 추가 확대(종합) - 연합뉴스 '美 50% 철강 관세' 대상에 냉장고·화장품도…407종 추가 확대(종합)&nbsp;&nbsp;연합뉴스
2025-08-01,"한국콜마, 화장품 ODM 최초 자외선차단제 임상 평가 역량 입증 - 팜뉴스","한국콜마, 화장품 ODM 최초 자외선차단제 임상 평가 역량 입증&nbsp;&nbsp;팜뉴스",화장품,2025-08,"한국콜마, 화장품 ODM 최초 자외선차단제 임상 평가 역량 입증 - 팜뉴스 한국콜마, 화장품 ODM 최초 자외선차단제 임상 평가 역량 입증&nbsp;&nbsp;팜뉴스"
2025-08-05,"KLPGA 3승 안신애, 이제는 화장품 회사 '사장님' - 연합뉴스","KLPGA 3승 안신애, 이제는 화장품 회사 '사장님'&nbsp;&nbsp;연합뉴스",화장품,2025-08,"KLPGA 3승 안신애, 이제는 화장품 회사 '사장님' - 연합뉴스 KLPGA 3승 안신애, 이제는 화장품 회사 '사장님'&nbsp;&nbsp;연합뉴스"
2025-08-03,[그래픽] 화장품 수출액 상위국 - 연합뉴스,[그래픽] 화장품 수출액 상위국&nbsp;&nbsp;연합뉴스,화장품,2025-08,[그래픽] 화장품 수출액 상위국 - 연합뉴스 [그래픽] 화장품 수출액 상위국&nbsp;&nbsp;연합뉴스
2025-08-03,영천 화장품 원료 제조공장에 폭발사고…3명 중경상(종합3보) - 연합뉴스,영천 화장품 원료 제조공장에 폭발사고…3명 중경상(종합3보)&nbsp;&nbsp;연합뉴스,화장품,2025-08,영천 화장품 원료 제조공장에 폭발사고…3명 중경상(종합3보) - 연합뉴스 영천 화장품 원료 제조공장에 폭발사고…3명 중경상(종합3보)&nbsp;&nbsp;연합뉴스
2025-08-03,"[K뷰티, 불황을 넘다] ⑤""한국 화장품 나이스""…외국인들 오픈런 - 연합뉴스","[K뷰티, 불황을 넘다] ⑤""한국 화장품 나이스""…외국인들 오픈런&nbsp;&nbsp;연합뉴스",화장품,2025-08,"[K뷰티, 불황을 넘다] ⑤""한국 화장품 나이스""…외국인들 오픈런 - 연합뉴스 [K뷰티, 불황을 넘다] ⑤""한국 화장품 나이스""…외국인들 오픈런&nbsp;&nbsp;연합뉴스"
2025-08-13,"코스맥스, 'MD크림' 개발…병의원 시장 진출 - 연합뉴스","코스맥스, 'MD크림' 개발…병의원 시장 진출&nbsp;&nbsp;연합뉴스",화장품,2025-08,"코스맥스, 'MD크림' 개발…병의원 시장 진출 - 연합뉴스 코스맥스, 'MD크림' 개발…병의원 시장 진출&nbsp;&nbsp;연합뉴스"
2025-08-11,"""뷰티 시장 뒤흔드는 한국""…위협느끼는 1위 수출국 프랑스 - 연합뉴스","""뷰티 시장 뒤흔드는 한국""…위협느끼는 1위 수출국 프랑스&nbsp;&nbsp;연합뉴스",화장품,2025-08,"""뷰티 시장 뒤흔드는 한국""…위협느끼는 1위 수출국 프랑스 - 연합뉴스 ""뷰티 시장 뒤흔드는 한국""…위협느끼는 1위 수출국 프랑스&nbsp;&nbsp;연합뉴스"
2025-08-14,영천 화장품공장 폭발사고 2차 피해…인근 저수지 물고기 떼죽음 - 연합뉴스,영천 화장품공장 폭발사고 2차 피해…인근 저수지 물고기 떼죽음&nbsp;&nbsp;연합뉴스,화장품,2025-08,영천 화장품공장 폭발사고 2차 피해…인근 저수지 물고기 떼죽음 - 연합뉴스 영천 화장품공장 폭발사고 2차 피해…인근 저수지 물고기 떼죽음&nbsp;&nbsp;연합뉴스
2025-08-03,"영천 화장품 원료 제조공장, 폭발사고로 불…1명 실종(종합2보) - 연합뉴스","영천 화장품 원료 제조공장, 폭발사고로 불…1명 실종(종합2보)&nbsp;&nbsp;연합뉴스",화장품,2025-08,"영천 화장품 원료 제조공장, 폭발사고로 불…1명 실종(종합2보) - 연합뉴스 영천 화장품 원료 제조공장, 폭발사고로 불…1명 실종(종합2보)&nbsp;&nbsp;연합뉴스"
2025-08-28,[K-뷰티 신드롬]④세계 1위 노리는 36세 억만장자 에이피알 김병훈 - 뉴스1,[K-뷰티 신드롬]④세계 1위 노리는 36세 억만장자 에이피알 김병훈&nbsp;&nbsp;뉴스1,화장품,2025-08,[K-뷰티 신드롬]④세계 1위 노리는 36세 억만장자 에이피알 김병훈 - 뉴스1 [K-뷰티 신드롬]④세계 1위 노리는 36세 억만장자 에이피알 김병훈&nbsp;&nbsp;뉴스1
2025-08-11,미국 15% 관세 폭탄 진짜 맞았다…K뷰티·푸드 '초비상' - 한국경제,미국 15% 관세 폭탄 진짜 맞았다…K뷰티·푸드 '초비상'&nbsp;&nbsp;한국경제,화장품,2025-08,미국 15% 관세 폭탄 진짜 맞았다…K뷰티·푸드 '초비상' - 한국경제 미국 15% 관세 폭탄 진짜 맞았다…K뷰티·푸드 '초비상'&nbsp;&nbsp;한국경제
2025-08-03,"""지진인 줄…충격으로 옆 건물 지붕 붕괴"" 영천 공장 폭발사고(종합) - 연합뉴스","""지진인 줄…충격으로 옆 건물 지붕 붕괴"" 영천 공장 폭발사고(종합)&nbsp;&nbsp;연합뉴스",화장품,2025-08,"""지진인 줄…충격으로 옆 건물 지붕 붕괴"" 영천 공장 폭발사고(종합) - 연합뉴스 ""지진인 줄…충격으로 옆 건물 지붕 붕괴"" 영천 공장 폭발사고(종합)&nbsp;&nbsp;연합뉴스"
2025-08-10,"전력인프라·조선·화장품…불확실한 장세, 수출株로 넘는다 - 한국경제","전력인프라·조선·화장품…불확실한 장세, 수출株로 넘는다&nbsp;&nbsp;한국경제",화장품,2025-08,"전력인프라·조선·화장품…불확실한 장세, 수출株로 넘는다 - 한국경제 전력인프라·조선·화장품…불확실한 장세, 수출株로 넘는다&nbsp;&nbsp;한국경제"
2025-08-25,"제론셀베인, ‘셀베인’ 화장품 신세계인터넷면세점 입점… 해외 소비자 공략 - 팜뉴스","제론셀베인, ‘셀베인’ 화장품 신세계인터넷면세점 입점… 해외 소비자 공략&nbsp;&nbsp;팜뉴스",화장품,2025-08,"제론셀베인, ‘셀베인’ 화장품 신세계인터넷면세점 입점… 해외 소비자 공략 - 팜뉴스 제론셀베인, ‘셀베인’ 화장품 신세계인터넷면세점 입점… 해외 소비자 공략&nbsp;&nbsp;팜뉴스"
2025-08-07,"[단독] ‘한국판 로레알’ 구다이글로벌, 3년 내 상장 확약 - 조선비즈 - Chosunbiz","[단독] ‘한국판 로레알’ 구다이글로벌, 3년 내 상장 확약 - 조선비즈&nbsp;&nbsp;Chosunbiz",화장품,2025-08,"[단독] ‘한국판 로레알’ 구다이글로벌, 3년 내 상장 확약 - 조선비즈 - Chosunbiz [단독] ‘한국판 로레알’ 구다이글로벌, 3년 내 상장 확약 - 조선비즈&nbsp;&nbsp;Chosunbiz"
2025-08-12,"오타니가 불 지핀 日 남성 뷰티, 497억 엔 시장으로 폭풍 성장 - 팜뉴스","오타니가 불 지핀 日 남성 뷰티, 497억 엔 시장으로 폭풍 성장&nbsp;&nbsp;팜뉴스",화장품,2025-08,"오타니가 불 지핀 日 남성 뷰티, 497억 엔 시장으로 폭풍 성장 - 팜뉴스 오타니가 불 지핀 日 남성 뷰티, 497억 엔 시장으로 폭풍 성장&nbsp;&nbsp;팜뉴스"
2025-08-04,"'한국의 로레알' 구다이글로벌, K뷰티 싹쓸이…기대와 우려 공존 - 매경헬스","'한국의 로레알' 구다이글로벌, K뷰티 싹쓸이…기대와 우려 공존&nbsp;&nbsp;매경헬스",화장품,2025-08,"'한국의 로레알' 구다이글로벌, K뷰티 싹쓸이…기대와 우려 공존 - 매경헬스 '한국의 로레알' 구다이글로벌, K뷰티 싹쓸이…기대와 우려 공존&nbsp;&nbsp;매경헬스"
2025-08-15,"K-뷰티, 아프리카 대륙 강타... 현지 뷰티 산업 ‘기회인가 위협인가’ - 팜뉴스","K-뷰티, 아프리카 대륙 강타... 현지 뷰티 산업 ‘기회인가 위협인가’&nbsp;&nbsp;팜뉴스",화장품,2025-08,"K-뷰티, 아프리카 대륙 강타... 현지 뷰티 산업 ‘기회인가 위협인가’ - 팜뉴스 K-뷰티, 아프리카 대륙 강타... 현지 뷰티 산업 ‘기회인가 위협인가’&nbsp;&nbsp;팜뉴스"
2025-08-05,"휴젤 웰라쥬, ‘하이퍼 PDRN 리페어 앰플’ 첫 선 - 팜뉴스","휴젤 웰라쥬, ‘하이퍼 PDRN 리페어 앰플’ 첫 선&nbsp;&nbsp;팜뉴스",화장품,2025-08,"휴젤 웰라쥬, ‘하이퍼 PDRN 리페어 앰플’ 첫 선 - 팜뉴스 휴젤 웰라쥬, ‘하이퍼 PDRN 리페어 앰플’ 첫 선&nbsp;&nbsp;팜뉴스"
2025-08-02,‘제2의 테슬라’ 어디에?…메리츠증권이 짚은 ‘넥스트 빅싱’ - 한경매거진&북,‘제2의 테슬라’ 어디에?…메리츠증권이 짚은 ‘넥스트 빅싱’&nbsp;&nbsp;한경매거진&북,화장품,2025-08,‘제2의 테슬라’ 어디에?…메리츠증권이 짚은 ‘넥스트 빅싱’ - 한경매거진&북 ‘제2의 테슬라’ 어디에?…메리츠증권이 짚은 ‘넥스트 빅싱’&nbsp;&nbsp;한경매거진&북
2025-08-03,"""지진난줄"" ""300ｍ 떨어졌는데 유리창 깨져""…영천 공장폭발사고 - 연합뉴스","""지진난줄"" ""300ｍ 떨어졌는데 유리창 깨져""…영천 공장폭발사고&nbsp;&nbsp;연합뉴스",화장품,2025-08,"""지진난줄"" ""300ｍ 떨어졌는데 유리창 깨져""…영천 공장폭발사고 - 연합뉴스 ""지진난줄"" ""300ｍ 떨어졌는데 유리창 깨져""…영천 공장폭발사고&nbsp;&nbsp;연합뉴스"
2025-08-04,"로레알코리아, 신임 대표이사에 로드리고 피자로 선임 - 팜뉴스","로레알코리아, 신임 대표이사에 로드리고 피자로 선임&nbsp;&nbsp;팜뉴스",화장품,2025-08,"로레알코리아, 신임 대표이사에 로드리고 피자로 선임 - 팜뉴스 로레알코리아, 신임 대표이사에 로드리고 피자로 선임&nbsp;&nbsp;팜뉴스"
2025-08-01,10년차 베테랑 애널리스트의 이직…판 흔드는 K뷰티 막내들 [돈앤톡] - 한국경제,10년차 베테랑 애널리스트의 이직…판 흔드는 K뷰티 막내들 [돈앤톡]&nbsp;&nbsp;한국경제,화장품,2025-08,10년차 베테랑 애널리스트의 이직…판 흔드는 K뷰티 막내들 [돈앤톡] - 한국경제 10년차 베테랑 애널리스트의 이직…판 흔드는 K뷰티 막내들 [돈앤톡]&nbsp;&nbsp;한국경제
2025-08-22,"미국 FDA, 무스형 선크림 규제 초강수…K-뷰티 직구 ‘비상등’ - 팜뉴스","미국 FDA, 무스형 선크림 규제 초강수…K-뷰티 직구 ‘비상등’&nbsp;&nbsp;팜뉴스",화장품,2025-08,"미국 FDA, 무스형 선크림 규제 초강수…K-뷰티 직구 ‘비상등’ - 팜뉴스 미국 FDA, 무스형 선크림 규제 초강수…K-뷰티 직구 ‘비상등’&nbsp;&nbsp;팜뉴스"
2025-08-25,"에이치피오, 화장품 브랜드 '주닥' 인수...뷰티·헬스케어 영역 확대 - 머니투데이 - 머니투데이","에이치피오, 화장품 브랜드 '주닥' 인수...뷰티·헬스케어 영역 확대 - 머니투데이&nbsp;&nbsp;머니투데이",화장품,2025-08,"에이치피오, 화장품 브랜드 '주닥' 인수...뷰티·헬스케어 영역 확대 - 머니투데이 - 머니투데이 에이치피오, 화장품 브랜드 '주닥' 인수...뷰티·헬스케어 영역 확대 - 머니투데이&nbsp;&nbsp;머니투데이"
2025-08-06,"LG생활건강 ‘46cm', 레드닷 디자인 어워드 본상 수상 - 팜뉴스","LG생활건강 ‘46cm', 레드닷 디자인 어워드 본상 수상&nbsp;&nbsp;팜뉴스",화장품,2025-08,"LG생활건강 ‘46cm', 레드닷 디자인 어워드 본상 수상 - 팜뉴스 LG생활건강 ‘46cm', 레드닷 디자인 어워드 본상 수상&nbsp;&nbsp;팜뉴스"
2025-08-26,JP모건이 ‘노란봉투법 민감株’로 꼽은 업종은 어디? - 조선비즈 - Chosunbiz,JP모건이 ‘노란봉투법 민감株’로 꼽은 업종은 어디? - 조선비즈&nbsp;&nbsp;Chosunbiz,화장품,2025-08,JP모건이 ‘노란봉투법 민감株’로 꼽은 업종은 어디? - 조선비즈 - Chosunbiz JP모건이 ‘노란봉투법 민감株’로 꼽은 업종은 어디? - 조선비즈&nbsp;&nbsp;Chosunbiz
2025-08-17,"""AI 모델? 왜 고지 안해""…논란 커진 화장품 광고, 다 내렸다 - 네이트","""AI 모델? 왜 고지 안해""…논란 커진 화장품 광고, 다 내렸다&nbsp;&nbsp;네이트",화장품,2025-08,"""AI 모델? 왜 고지 안해""…논란 커진 화장품 광고, 다 내렸다 - 네이트 ""AI 모델? 왜 고지 안해""…논란 커진 화장품 광고, 다 내렸다&nbsp;&nbsp;네이트"
2025-08-10,급증하는 '하락 베팅'…코스피 공매도 잔액 10兆 올 최대 - 한국경제,급증하는 '하락 베팅'…코스피 공매도 잔액 10兆 올 최대&nbsp;&nbsp;한국경제,화장품,2025-08,급증하는 '하락 베팅'…코스피 공매도 잔액 10兆 올 최대 - 한국경제 급증하는 '하락 베팅'…코스피 공매도 잔액 10兆 올 최대&nbsp;&nbsp;한국경제
2025-08-20,"""샤넬·에르메스도 명함 못 내밀어""…'22만원' 립스틱 뭐길래 - 네이트","""샤넬·에르메스도 명함 못 내밀어""…'22만원' 립스틱 뭐길래&nbsp;&nbsp;네이트",화장품,2025-08,"""샤넬·에르메스도 명함 못 내밀어""…'22만원' 립스틱 뭐길래 - 네이트 ""샤넬·에르메스도 명함 못 내밀어""…'22만원' 립스틱 뭐길래&nbsp;&nbsp;네이트"
2025-08-08,'K뷰티 모델=男아이돌'…新마케팅 공식 됐다 - 네이트,'K뷰티 모델=男아이돌'…新마케팅 공식 됐다&nbsp;&nbsp;네이트,화장품,2025-08,'K뷰티 모델=男아이돌'…新마케팅 공식 됐다 - 네이트 'K뷰티 모델=男아이돌'…新마케팅 공식 됐다&nbsp;&nbsp;네이트
2025-08-19,"김종국, 'LA 여친' 진짜였나…♥예비신부='38세' 화장품 CEO설 퍼졌다 - v.daum.net","김종국, 'LA 여친' 진짜였나…♥예비신부='38세' 화장품 CEO설 퍼졌다&nbsp;&nbsp;v.daum.net",화장품,2025-08,"김종국, 'LA 여친' 진짜였나…♥예비신부='38세' 화장품 CEO설 퍼졌다 - v.daum.net 김종국, 'LA 여친' 진짜였나…♥예비신부='38세' 화장품 CEO설 퍼졌다&nbsp;&nbsp;v.daum.net"
2025-08-12,"나만의 무드로 물드는 메이크업…롯데백화점 부산본점, 색조 화장품 브랜드 '롬앤' 팝업스토어 - 네이트","나만의 무드로 물드는 메이크업…롯데백화점 부산본점, 색조 화장품 브랜드 '롬앤' 팝업스토어&nbsp;&nbsp;네이트",화장품,2025-08,"나만의 무드로 물드는 메이크업…롯데백화점 부산본점, 색조 화장품 브랜드 '롬앤' 팝업스토어 - 네이트 나만의 무드로 물드는 메이크업…롯데백화점 부산본점, 색조 화장품 브랜드 '롬앤' 팝업스토어&nbsp;&nbsp;네이트"
2025-08-03,"""지진인 줄…충격으로 옆 건물 지붕 붕괴"" 영천 공장 폭발사고(종합) - 네이트","""지진인 줄…충격으로 옆 건물 지붕 붕괴"" 영천 공장 폭발사고(종합)&nbsp;&nbsp;네이트",화장품,2025-08,"""지진인 줄…충격으로 옆 건물 지붕 붕괴"" 영천 공장 폭발사고(종합) - 네이트 ""지진인 줄…충격으로 옆 건물 지붕 붕괴"" 영천 공장 폭발사고(종합)&nbsp;&nbsp;네이트"
2025-08-03,경북 영천 화장품 공장 폭발…주민 대피령 발령 및 대규모 화재 발생 - 스페셜타임스,경북 영천 화장품 공장 폭발…주민 대피령 발령 및 대규모 화재 발생&nbsp;&nbsp;스페셜타임스,화장품,2025-08,경북 영천 화장품 공장 폭발…주민 대피령 발령 및 대규모 화재 발생 - 스페셜타임스 경북 영천 화장품 공장 폭발…주민 대피령 발령 및 대규모 화재 발생&nbsp;&nbsp;스페셜타임스
2025-08-25,사업 수주·신뢰도 제고의 척도…SI기업들 '글로벌 인증 경쟁' - 한국경제,사업 수주·신뢰도 제고의 척도…SI기업들 '글로벌 인증 경쟁'&nbsp;&nbsp;한국경제,SI,2025-08,사업 수주·신뢰도 제고의 척도…SI기업들 '글로벌 인증 경쟁' - 한국경제 사업 수주·신뢰도 제고의 척도…SI기업들 '글로벌 인증 경쟁'&nbsp;&nbsp;한국경제
2025-08-28,"로봇株 뜨자 로보티즈, 1000억원 유증… 애프터마켓서 8% 급락 - 조선비즈 - Chosunbiz","로봇株 뜨자 로보티즈, 1000억원 유증… 애프터마켓서 8% 급락 - 조선비즈&nbsp;&nbsp;Chosunbiz",로봇,2025-08,"로봇株 뜨자 로보티즈, 1000억원 유증… 애프터마켓서 8% 급락 - 조선비즈 - Chosunbiz 로봇株 뜨자 로보티즈, 1000억원 유증… 애프터마켓서 8% 급락 - 조선비즈&nbsp;&nbsp;Chosunbiz"
2025-08-09,재영솔루텍 주가에 올라탈까... 실행형 인재로 AI·로봇 시장 공략 부각 - 핀포인트뉴스,재영솔루텍 주가에 올라탈까... 실행형 인재로 AI·로봇 시장 공략 부각&nbsp;&nbsp;핀포인트뉴스,로봇,2025-08,재영솔루텍 주가에 올라탈까... 실행형 인재로 AI·로봇 시장 공략 부각 - 핀포인트뉴스 재영솔루텍 주가에 올라탈까... 실행형 인재로 AI·로봇 시장 공략 부각&nbsp;&nbsp;핀포인트뉴스
2025-08-05,"테슬라, 머스크에 40조 규모 주식 수여...""AI·로봇 동기 부여 위한 것"" - AI타임스","테슬라, 머스크에 40조 규모 주식 수여...""AI·로봇 동기 부여 위한 것""&nbsp;&nbsp;AI타임스",로봇,2025-08,"테슬라, 머스크에 40조 규모 주식 수여...""AI·로봇 동기 부여 위한 것"" - AI타임스 테슬라, 머스크에 40조 규모 주식 수여...""AI·로봇 동기 부여 위한 것""&nbsp;&nbsp;AI타임스"
2025-08-26,"美 엔비디아, 로보틱스 시장 공략…신형 '로봇 두뇌' 판매 - 연합뉴스","美 엔비디아, 로보틱스 시장 공략…신형 '로봇 두뇌' 판매&nbsp;&nbsp;연합뉴스",로봇,2025-08,"美 엔비디아, 로보틱스 시장 공략…신형 '로봇 두뇌' 판매 - 연합뉴스 美 엔비디아, 로보틱스 시장 공략…신형 '로봇 두뇌' 판매&nbsp;&nbsp;연합뉴스"
2025-08-19,中 로봇 스타트업에 '뭉칫돈'…6개월만에 4조5000억 몰렸다 [긱스] - 한국경제,中 로봇 스타트업에 '뭉칫돈'…6개월만에 4조5000억 몰렸다 [긱스]&nbsp;&nbsp;한국경제,로봇,2025-08,中 로봇 스타트업에 '뭉칫돈'…6개월만에 4조5000억 몰렸다 [긱스] - 한국경제 中 로봇 스타트업에 '뭉칫돈'…6개월만에 4조5000억 몰렸다 [긱스]&nbsp;&nbsp;한국경제
2025-08-03,"생성형·에이전틱 다음은 ‘피지컬 AI’…국내업계, 시장 선도자 노린다 - 국제신문","생성형·에이전틱 다음은 ‘피지컬 AI’…국내업계, 시장 선도자 노린다&nbsp;&nbsp;국제신문",로봇,2025-08,"생성형·에이전틱 다음은 ‘피지컬 AI’…국내업계, 시장 선도자 노린다 - 국제신문 생성형·에이전틱 다음은 ‘피지컬 AI’…국내업계, 시장 선도자 노린다&nbsp;&nbsp;국제신문"
2025-08-26,[생생한 주식쇼 생쇼] 이랜시스 (264850) 삼성 로봇 감속기 공급 기대 - 매일경제TV,[생생한 주식쇼 생쇼] 이랜시스 (264850) 삼성 로봇 감속기 공급 기대&nbsp;&nbsp;매일경제TV,로봇,2025-08,[생생한 주식쇼 생쇼] 이랜시스 (264850) 삼성 로봇 감속기 공급 기대 - 매일경제TV [생생한 주식쇼 생쇼] 이랜시스 (264850) 삼성 로봇 감속기 공급 기대&nbsp;&nbsp;매일경제TV
2025-08-03,두산로보틱스가 품은 美로봇업체…패킹 자동화 솔루션 선보인다 - v.daum.net,두산로보틱스가 품은 美로봇업체…패킹 자동화 솔루션 선보인다&nbsp;&nbsp;v.daum.net,로봇,2025-08,두산로보틱스가 품은 美로봇업체…패킹 자동화 솔루션 선보인다 - v.daum.net 두산로보틱스가 품은 美로봇업체…패킹 자동화 솔루션 선보인다&nbsp;&nbsp;v.daum.net
2025-08-06,"""빨래하는 휴머노이드""…삼성·LG·현대차·두산 '로봇 삼매경' - 뉴스1","""빨래하는 휴머노이드""…삼성·LG·현대차·두산 '로봇 삼매경'&nbsp;&nbsp;뉴스1",로봇,2025-08,"""빨래하는 휴머노이드""…삼성·LG·현대차·두산 '로봇 삼매경' - 뉴스1 ""빨래하는 휴머노이드""…삼성·LG·현대차·두산 '로봇 삼매경'&nbsp;&nbsp;뉴스1"
2025-08-28,불붙은 로봇株…러셀·나우로보틱스 ‘쌍끌이’ [이런국장 저런주식] - 서울경제,불붙은 로봇株…러셀·나우로보틱스 ‘쌍끌이’ [이런국장 저런주식]&nbsp;&nbsp;서울경제,로봇,2025-08,불붙은 로봇株…러셀·나우로보틱스 ‘쌍끌이’ [이런국장 저런주식] - 서울경제 불붙은 로봇株…러셀·나우로보틱스 ‘쌍끌이’ [이런국장 저런주식]&nbsp;&nbsp;서울경제
2025-08-19,"[CEO탐구] 79.박종훈 뉴로메카 대표, ""교촌 튀김 로봇 우리가 만들어요""... 매출액 증가율도 '업계 1위'네 - 더밸류뉴스","[CEO탐구] 79.박종훈 뉴로메카 대표, ""교촌 튀김 로봇 우리가 만들어요""... 매출액 증가율도 '업계 1위'네&nbsp;&nbsp;더밸류뉴스",로봇,2025-08,"[CEO탐구] 79.박종훈 뉴로메카 대표, ""교촌 튀김 로봇 우리가 만들어요""... 매출액 증가율도 '업계 1위'네 - 더밸류뉴스 [CEO탐구] 79.박종훈 뉴로메카 대표, ""교촌 튀김 로봇 우리가 만들어요""... 매출액 증가율도 '업계 1위'네&nbsp;&nbsp;더밸류뉴스"
2025-08-25,"與는 예상했을까... ‘노란봉투법’ 통과하자, 로봇주 20%까지 급등 - 조선일보","與는 예상했을까... ‘노란봉투법’ 통과하자, 로봇주 20%까지 급등&nbsp;&nbsp;조선일보",로봇,2025-08,"與는 예상했을까... ‘노란봉투법’ 통과하자, 로봇주 20%까지 급등 - 조선일보 與는 예상했을까... ‘노란봉투법’ 통과하자, 로봇주 20%까지 급등&nbsp;&nbsp;조선일보"
2025-08-09,[AI돋보기] '킬러로봇'의 시대…AI가 방아쇠를 당긴다면 - 연합뉴스,[AI돋보기] '킬러로봇'의 시대…AI가 방아쇠를 당긴다면&nbsp;&nbsp;연합뉴스,로봇,2025-08,[AI돋보기] '킬러로봇'의 시대…AI가 방아쇠를 당긴다면 - 연합뉴스 [AI돋보기] '킬러로봇'의 시대…AI가 방아쇠를 당긴다면&nbsp;&nbsp;연합뉴스
2025-08-06,"美 '피지컬 AI' 오픈마인드, 277억 규모 시리즈 투자 유치 - 한국경제","美 '피지컬 AI' 오픈마인드, 277억 규모 시리즈 투자 유치&nbsp;&nbsp;한국경제",로봇,2025-08,"美 '피지컬 AI' 오픈마인드, 277억 규모 시리즈 투자 유치 - 한국경제 美 '피지컬 AI' 오픈마인드, 277억 규모 시리즈 투자 유치&nbsp;&nbsp;한국경제"
2025-08-08,"[AI픽] 국산 딥엑스 AI칩, 중국 바이두 로봇 두뇌 된다 - 연합뉴스","[AI픽] 국산 딥엑스 AI칩, 중국 바이두 로봇 두뇌 된다&nbsp;&nbsp;연합뉴스",로봇,2025-08,"[AI픽] 국산 딥엑스 AI칩, 중국 바이두 로봇 두뇌 된다 - 연합뉴스 [AI픽] 국산 딥엑스 AI칩, 중국 바이두 로봇 두뇌 된다&nbsp;&nbsp;연합뉴스"
2025-08-05,"글로벌 로봇 투자유치 톱10…美 6곳, 中 2곳, 한국은 '0' [긱스] - 한국경제","글로벌 로봇 투자유치 톱10…美 6곳, 中 2곳, 한국은 '0' [긱스]&nbsp;&nbsp;한국경제",로봇,2025-08,"글로벌 로봇 투자유치 톱10…美 6곳, 中 2곳, 한국은 '0' [긱스] - 한국경제 글로벌 로봇 투자유치 톱10…美 6곳, 中 2곳, 한국은 '0' [긱스]&nbsp;&nbsp;한국경제"
2025-08-21,돌발상황서 스스로 문제해결…보스턴다이내믹스 '아틀라스' 영상 - 연합뉴스,돌발상황서 스스로 문제해결…보스턴다이내믹스 '아틀라스' 영상&nbsp;&nbsp;연합뉴스,로봇,2025-08,돌발상황서 스스로 문제해결…보스턴다이내믹스 '아틀라스' 영상 - 연합뉴스 돌발상황서 스스로 문제해결…보스턴다이내믹스 '아틀라스' 영상&nbsp;&nbsp;연합뉴스
2025-08-27,"김두언 ""AI·로봇·양자컴퓨팅 등 '안보자산' 주목해야"" [한경 재테크쇼] - 한국경제","김두언 ""AI·로봇·양자컴퓨팅 등 '안보자산' 주목해야"" [한경 재테크쇼]&nbsp;&nbsp;한국경제",로봇,2025-08,"김두언 ""AI·로봇·양자컴퓨팅 등 '안보자산' 주목해야"" [한경 재테크쇼] - 한국경제 김두언 ""AI·로봇·양자컴퓨팅 등 '안보자산' 주목해야"" [한경 재테크쇼]&nbsp;&nbsp;한국경제"
2025-08-14,"수원시, '지능형 방범·택배 로봇' 서비스 연내 시행 - 연합뉴스","수원시, '지능형 방범·택배 로봇' 서비스 연내 시행&nbsp;&nbsp;연합뉴스",로봇,2025-08,"수원시, '지능형 방범·택배 로봇' 서비스 연내 시행 - 연합뉴스 수원시, '지능형 방범·택배 로봇' 서비스 연내 시행&nbsp;&nbsp;연합뉴스"
2025-08-05,"삼성 미래로봇추진단, 사내·경력채용 진행…""로봇 사업 속도"" - 연합뉴스","삼성 미래로봇추진단, 사내·경력채용 진행…""로봇 사업 속도""&nbsp;&nbsp;연합뉴스",로봇,2025-08,"삼성 미래로봇추진단, 사내·경력채용 진행…""로봇 사업 속도"" - 연합뉴스 삼성 미래로봇추진단, 사내·경력채용 진행…""로봇 사업 속도""&nbsp;&nbsp;연합뉴스"
2025-08-11,"""로봇청소기 소비자 피해 증가세…제품 하자문제 최다"" - 연합뉴스","""로봇청소기 소비자 피해 증가세…제품 하자문제 최다""&nbsp;&nbsp;연합뉴스",로봇,2025-08,"""로봇청소기 소비자 피해 증가세…제품 하자문제 최다"" - 연합뉴스 ""로봇청소기 소비자 피해 증가세…제품 하자문제 최다""&nbsp;&nbsp;연합뉴스"
2025-08-30,“최저임금 1700원”...AI·로봇 직원 시대 빨라진다[biz-플러스] - 서울경제,“최저임금 1700원”...AI·로봇 직원 시대 빨라진다[biz-플러스]&nbsp;&nbsp;서울경제,로봇,2025-08,“최저임금 1700원”...AI·로봇 직원 시대 빨라진다[biz-플러스] - 서울경제 “최저임금 1700원”...AI·로봇 직원 시대 빨라진다[biz-플러스]&nbsp;&nbsp;서울경제
2025-08-26,"‘노란봉투법, 이재명 대통령 펜’ 수혜주 상한가, ETF 6종목 신고식 “역시 K-방산” [뉴스톡 웰스톡] - 뉴스웰","‘노란봉투법, 이재명 대통령 펜’ 수혜주 상한가, ETF 6종목 신고식 “역시 K-방산” [뉴스톡 웰스톡]&nbsp;&nbsp;뉴스웰",로봇,2025-08,"‘노란봉투법, 이재명 대통령 펜’ 수혜주 상한가, ETF 6종목 신고식 “역시 K-방산” [뉴스톡 웰스톡] - 뉴스웰 ‘노란봉투법, 이재명 대통령 펜’ 수혜주 상한가, ETF 6종목 신고식 “역시 K-방산” [뉴스톡 웰스톡]&nbsp;&nbsp;뉴스웰"
2025-08-26,"엔비디아, 괴물 성능 '로봇 두뇌' 출시…K반도체 ""새 시장 열리나"" 들썩 - 한국경제","엔비디아, 괴물 성능 '로봇 두뇌' 출시…K반도체 ""새 시장 열리나"" 들썩&nbsp;&nbsp;한국경제",로봇,2025-08,"엔비디아, 괴물 성능 '로봇 두뇌' 출시…K반도체 ""새 시장 열리나"" 들썩 - 한국경제 엔비디아, 괴물 성능 '로봇 두뇌' 출시…K반도체 ""새 시장 열리나"" 들썩&nbsp;&nbsp;한국경제"
2025-08-19,"CNN ""현대차그룹 싱가포르 혁신센터, AI·로봇으로 만든 미래공장 모델"" - 연합뉴스","CNN ""현대차그룹 싱가포르 혁신센터, AI·로봇으로 만든 미래공장 모델""&nbsp;&nbsp;연합뉴스",로봇,2025-08,"CNN ""현대차그룹 싱가포르 혁신센터, AI·로봇으로 만든 미래공장 모델"" - 연합뉴스 CNN ""현대차그룹 싱가포르 혁신센터, AI·로봇으로 만든 미래공장 모델""&nbsp;&nbsp;연합뉴스"
2025-08-03,연구자 없이 AI·로봇이 실험…데이터 확보 12배 늘었다 - 한국경제,연구자 없이 AI·로봇이 실험…데이터 확보 12배 늘었다&nbsp;&nbsp;한국경제,로봇,2025-08,연구자 없이 AI·로봇이 실험…데이터 확보 12배 늘었다 - 한국경제 연구자 없이 AI·로봇이 실험…데이터 확보 12배 늘었다&nbsp;&nbsp;한국경제
2025-08-20,"[학회] AI로 인한 빈부격차 해소…로봇세, 자본소득세 강화 등 - 세정일보","[학회] AI로 인한 빈부격차 해소…로봇세, 자본소득세 강화 등&nbsp;&nbsp;세정일보",로봇,2025-08,"[학회] AI로 인한 빈부격차 해소…로봇세, 자본소득세 강화 등 - 세정일보 [학회] AI로 인한 빈부격차 해소…로봇세, 자본소득세 강화 등&nbsp;&nbsp;세정일보"
2025-08-05,"함판식 ""로봇 시대…험한 작업환경에 사람 갈 필요없게 할 것"" [긱스] - 한국경제","함판식 ""로봇 시대…험한 작업환경에 사람 갈 필요없게 할 것"" [긱스]&nbsp;&nbsp;한국경제",로봇,2025-08,"함판식 ""로봇 시대…험한 작업환경에 사람 갈 필요없게 할 것"" [긱스] - 한국경제 함판식 ""로봇 시대…험한 작업환경에 사람 갈 필요없게 할 것"" [긱스]&nbsp;&nbsp;한국경제"
2025-08-06,"LG CNS, 휴머노이드 대장주 될까…자율로봇 기술 개발 박차 [강해령의 테크앤더시티] - 한국경제","LG CNS, 휴머노이드 대장주 될까…자율로봇 기술 개발 박차 [강해령의 테크앤더시티]&nbsp;&nbsp;한국경제",로봇,2025-08,"LG CNS, 휴머노이드 대장주 될까…자율로봇 기술 개발 박차 [강해령의 테크앤더시티] - 한국경제 LG CNS, 휴머노이드 대장주 될까…자율로봇 기술 개발 박차 [강해령의 테크앤더시티]&nbsp;&nbsp;한국경제"
2025-08-15,[포토] 격투기·축구·춤…못 하는 게 없는 로봇들 - 한겨레,[포토] 격투기·축구·춤…못 하는 게 없는 로봇들&nbsp;&nbsp;한겨레,로봇,2025-08,[포토] 격투기·축구·춤…못 하는 게 없는 로봇들 - 한겨레 [포토] 격투기·축구·춤…못 하는 게 없는 로봇들&nbsp;&nbsp;한겨레
2025-08-18,"‘물류 로봇’ 벰로보틱스, 50억 시리즈A 투자 유치 - 뉴스톱","‘물류 로봇’ 벰로보틱스, 50억 시리즈A 투자 유치&nbsp;&nbsp;뉴스톱",로봇,2025-08,"‘물류 로봇’ 벰로보틱스, 50억 시리즈A 투자 유치 - 뉴스톱 ‘물류 로봇’ 벰로보틱스, 50억 시리즈A 투자 유치&nbsp;&nbsp;뉴스톱"
2025-08-12,"로봇개 수입업자 ""내가 바쉐론 콘스탄틴 시계 사서 김 여사 줘"" - 조선일보","로봇개 수입업자 ""내가 바쉐론 콘스탄틴 시계 사서 김 여사 줘""&nbsp;&nbsp;조선일보",로봇,2025-08,"로봇개 수입업자 ""내가 바쉐론 콘스탄틴 시계 사서 김 여사 줘"" - 조선일보 로봇개 수입업자 ""내가 바쉐론 콘스탄틴 시계 사서 김 여사 줘""&nbsp;&nbsp;조선일보"
2025-08-26,"디아이씨, 현대차 美로봇 EV 36조 투자..로봇 아틀라스 관절 감속기 공급 논의 부각↑ [특징주] - 파이낸셜뉴스","디아이씨, 현대차 美로봇 EV 36조 투자..로봇 아틀라스 관절 감속기 공급 논의 부각↑ [특징주]&nbsp;&nbsp;파이낸셜뉴스",로봇,2025-08,"디아이씨, 현대차 美로봇 EV 36조 투자..로봇 아틀라스 관절 감속기 공급 논의 부각↑ [특징주] - 파이낸셜뉴스 디아이씨, 현대차 美로봇 EV 36조 투자..로봇 아틀라스 관절 감속기 공급 논의 부각↑ [특징주]&nbsp;&nbsp;파이낸셜뉴스"
2025-08-21,'국방무인로봇·AI 분야' 방산 계약학과 석사 첫 배출 - 연합뉴스,'국방무인로봇·AI 분야' 방산 계약학과 석사 첫 배출&nbsp;&nbsp;연합뉴스,로봇,2025-08,'국방무인로봇·AI 분야' 방산 계약학과 석사 첫 배출 - 연합뉴스 '국방무인로봇·AI 분야' 방산 계약학과 석사 첫 배출&nbsp;&nbsp;연합뉴스
2025-08-24,"공장 자리잡는 중국 휴머노이드 로봇들, 너도나도 기술 개발 - 네이트","공장 자리잡는 중국 휴머노이드 로봇들, 너도나도 기술 개발&nbsp;&nbsp;네이트",로봇,2025-08,"공장 자리잡는 중국 휴머노이드 로봇들, 너도나도 기술 개발 - 네이트 공장 자리잡는 중국 휴머노이드 로봇들, 너도나도 기술 개발&nbsp;&nbsp;네이트"
2025-08-12,100만원 넘어도 불티나게 팔리더니…필수 가전의 '배신' - 한국경제,100만원 넘어도 불티나게 팔리더니…필수 가전의 '배신'&nbsp;&nbsp;한국경제,로봇,2025-08,100만원 넘어도 불티나게 팔리더니…필수 가전의 '배신' - 한국경제 100만원 넘어도 불티나게 팔리더니…필수 가전의 '배신'&nbsp;&nbsp;한국경제
2025-08-22,"수면 위에서도 자유자재로 활동 韓, 세계 첫 '소금쟁이 로봇' 개발 - 한국경제","수면 위에서도 자유자재로 활동 韓, 세계 첫 '소금쟁이 로봇' 개발&nbsp;&nbsp;한국경제",로봇,2025-08,"수면 위에서도 자유자재로 활동 韓, 세계 첫 '소금쟁이 로봇' 개발 - 한국경제 수면 위에서도 자유자재로 활동 韓, 세계 첫 '소금쟁이 로봇' 개발&nbsp;&nbsp;한국경제"
2025-08-05,"테슬라, 머스크에게 40조원 지급…법원 제동에 새 보상안 승인 - 한겨레","테슬라, 머스크에게 40조원 지급…법원 제동에 새 보상안 승인&nbsp;&nbsp;한겨레",로봇,2025-08,"테슬라, 머스크에게 40조원 지급…법원 제동에 새 보상안 승인 - 한겨레 테슬라, 머스크에게 40조원 지급…법원 제동에 새 보상안 승인&nbsp;&nbsp;한겨레"
2025-08-18,"""로봇이 대신 아기를 낳다니""…'임신로봇' 발표에 쏟아진 관심 - 한국경제","""로봇이 대신 아기를 낳다니""…'임신로봇' 발표에 쏟아진 관심&nbsp;&nbsp;한국경제",로봇,2025-08,"""로봇이 대신 아기를 낳다니""…'임신로봇' 발표에 쏟아진 관심 - 한국경제 ""로봇이 대신 아기를 낳다니""…'임신로봇' 발표에 쏟아진 관심&nbsp;&nbsp;한국경제"
2025-08-26,韓·美·中 이번엔 휴머노이드 전쟁…가장 똑똑한 로봇은? - 네이트,韓·美·中 이번엔 휴머노이드 전쟁…가장 똑똑한 로봇은?&nbsp;&nbsp;네이트,로봇,2025-08,韓·美·中 이번엔 휴머노이드 전쟁…가장 똑똑한 로봇은? - 네이트 韓·美·中 이번엔 휴머노이드 전쟁…가장 똑똑한 로봇은?&nbsp;&nbsp;네이트
2025-08-23,조선업 인력난 해결사로 뜬 K-로봇…VC들 70억 뭉칫돈 베팅 - 네이트,조선업 인력난 해결사로 뜬 K-로봇…VC들 70억 뭉칫돈 베팅&nbsp;&nbsp;네이트,로봇,2025-08,조선업 인력난 해결사로 뜬 K-로봇…VC들 70억 뭉칫돈 베팅 - 네이트 조선업 인력난 해결사로 뜬 K-로봇…VC들 70억 뭉칫돈 베팅&nbsp;&nbsp;네이트
2025-08-12,"코스피, 반도체·로봇·조선 등 강세···3220선 강세 출발 - 서울파이낸스","코스피, 반도체·로봇·조선 등 강세···3220선 강세 출발&nbsp;&nbsp;서울파이낸스",로봇,2025-08,"코스피, 반도체·로봇·조선 등 강세···3220선 강세 출발 - 서울파이낸스 코스피, 반도체·로봇·조선 등 강세···3220선 강세 출발&nbsp;&nbsp;서울파이낸스"
2025-08-05,"삼성전자, 미래로봇추진단에 '휴머노이드 최정예' 모은다 - 네이트","삼성전자, 미래로봇추진단에 '휴머노이드 최정예' 모은다&nbsp;&nbsp;네이트",로봇,2025-08,"삼성전자, 미래로봇추진단에 '휴머노이드 최정예' 모은다 - 네이트 삼성전자, 미래로봇추진단에 '휴머노이드 최정예' 모은다&nbsp;&nbsp;네이트"
2025-08-09,"美 원엑시아 품은 두산로보틱스, 로봇 솔루션 시너지로 적자 극복할까 [헤비톡] - 네이트","美 원엑시아 품은 두산로보틱스, 로봇 솔루션 시너지로 적자 극복할까 [헤비톡]&nbsp;&nbsp;네이트",로봇,2025-08,"美 원엑시아 품은 두산로보틱스, 로봇 솔루션 시너지로 적자 극복할까 [헤비톡] - 네이트 美 원엑시아 품은 두산로보틱스, 로봇 솔루션 시너지로 적자 극복할까 [헤비톡]&nbsp;&nbsp;네이트"
2025-08-18,"위로보틱스, 한국형 휴머노이드 로봇 '알렉스' 상반신 공개 - 네이트","위로보틱스, 한국형 휴머노이드 로봇 '알렉스' 상반신 공개&nbsp;&nbsp;네이트",로봇,2025-08,"위로보틱스, 한국형 휴머노이드 로봇 '알렉스' 상반신 공개 - 네이트 위로보틱스, 한국형 휴머노이드 로봇 '알렉스' 상반신 공개&nbsp;&nbsp;네이트"
2025-08-11,"DJI, 첫 로봇 청소기 '로모' 출시…장애물 감지 기술 탑재 - 디지털투데이","DJI, 첫 로봇 청소기 '로모' 출시…장애물 감지 기술 탑재&nbsp;&nbsp;디지털투데이",로봇,2025-08,"DJI, 첫 로봇 청소기 '로모' 출시…장애물 감지 기술 탑재 - 디지털투데이 DJI, 첫 로봇 청소기 '로모' 출시…장애물 감지 기술 탑재&nbsp;&nbsp;디지털투데이"
2025-08-07,게임회사 썸에이지 가상화폐 진출에 3일 연속 상한가 - 서울경제,게임회사 썸에이지 가상화폐 진출에 3일 연속 상한가&nbsp;&nbsp;서울경제,로봇,2025-08,게임회사 썸에이지 가상화폐 진출에 3일 연속 상한가 - 서울경제 게임회사 썸에이지 가상화폐 진출에 3일 연속 상한가&nbsp;&nbsp;서울경제
2025-08-27,"'의선이형 믿는다'…수익률 상위 1%, 현대차 사들이는 이유 - 한국경제","'의선이형 믿는다'…수익률 상위 1%, 현대차 사들이는 이유&nbsp;&nbsp;한국경제",로봇,2025-08,"'의선이형 믿는다'…수익률 상위 1%, 현대차 사들이는 이유 - 한국경제 '의선이형 믿는다'…수익률 상위 1%, 현대차 사들이는 이유&nbsp;&nbsp;한국경제"
2025-08-13,"""이 동네는 로봇이 다해요"" 서울 한복판 새로 뜨는 이 곳 - 네이트","""이 동네는 로봇이 다해요"" 서울 한복판 새로 뜨는 이 곳&nbsp;&nbsp;네이트",로봇,2025-08,"""이 동네는 로봇이 다해요"" 서울 한복판 새로 뜨는 이 곳 - 네이트 ""이 동네는 로봇이 다해요"" 서울 한복판 새로 뜨는 이 곳&nbsp;&nbsp;네이트"
2025-08-19,"게임 계열 운용사, ‘투자정보 AI비서’ 공개 - 스트레이트뉴스","게임 계열 운용사, ‘투자정보 AI비서’ 공개&nbsp;&nbsp;스트레이트뉴스",게임,2025-08,"게임 계열 운용사, ‘투자정보 AI비서’ 공개 - 스트레이트뉴스 게임 계열 운용사, ‘투자정보 AI비서’ 공개&nbsp;&nbsp;스트레이트뉴스"
2025-08-16,한때 5만원 넘보던 주식이 어쩌다…개미들 분노 폭발한 이유 [선한결의 이기업 왜이래] - 한국경제,한때 5만원 넘보던 주식이 어쩌다…개미들 분노 폭발한 이유 [선한결의 이기업 왜이래]&nbsp;&nbsp;한국경제,게임,2025-08,한때 5만원 넘보던 주식이 어쩌다…개미들 분노 폭발한 이유 [선한결의 이기업 왜이래] - 한국경제 한때 5만원 넘보던 주식이 어쩌다…개미들 분노 폭발한 이유 [선한결의 이기업 왜이래]&nbsp;&nbsp;한국경제
2025-08-19,"'오징어 게임', 美 골드 더비 시상식에서 6관왕 수상 - 연합뉴스","'오징어 게임', 美 골드 더비 시상식에서 6관왕 수상&nbsp;&nbsp;연합뉴스",게임,2025-08,"'오징어 게임', 美 골드 더비 시상식에서 6관왕 수상 - 연합뉴스 '오징어 게임', 美 골드 더비 시상식에서 6관왕 수상&nbsp;&nbsp;연합뉴스"
2025-08-14,"한정애 50억vs구윤철 10억…양도세, 당정 파워게임 됐다 - 중앙일보","한정애 50억vs구윤철 10억…양도세, 당정 파워게임 됐다&nbsp;&nbsp;중앙일보",게임,2025-08,"한정애 50억vs구윤철 10억…양도세, 당정 파워게임 됐다 - 중앙일보 한정애 50억vs구윤철 10억…양도세, 당정 파워게임 됐다&nbsp;&nbsp;중앙일보"
2025-08-15,"'공매도 전설' 앤드루 레프트 ""팔란티어에 숏베팅"" - 연합인포맥스","'공매도 전설' 앤드루 레프트 ""팔란티어에 숏베팅""&nbsp;&nbsp;연합인포맥스",게임,2025-08,"'공매도 전설' 앤드루 레프트 ""팔란티어에 숏베팅"" - 연합인포맥스 '공매도 전설' 앤드루 레프트 ""팔란티어에 숏베팅""&nbsp;&nbsp;연합인포맥스"
2025-08-07,게임회사 썸에이지 가상화폐 진출에 3일 연속 상한가 - 서울경제,게임회사 썸에이지 가상화폐 진출에 3일 연속 상한가&nbsp;&nbsp;서울경제,게임,2025-08,게임회사 썸에이지 가상화폐 진출에 3일 연속 상한가 - 서울경제 게임회사 썸에이지 가상화폐 진출에 3일 연속 상한가&nbsp;&nbsp;서울경제
2025-08-14,"국민연금, 통 큰 매수로 보유한 주식 '이것' - 뉴스후플러스","국민연금, 통 큰 매수로 보유한 주식 '이것'&nbsp;&nbsp;뉴스후플러스",게임,2025-08,"국민연금, 통 큰 매수로 보유한 주식 '이것' - 뉴스후플러스 국민연금, 통 큰 매수로 보유한 주식 '이것'&nbsp;&nbsp;뉴스후플러스"
2025-08-19,막 오르는 게임스컴 2025…크래프톤·펄어비스 출격 - 연합뉴스,막 오르는 게임스컴 2025…크래프톤·펄어비스 출격&nbsp;&nbsp;연합뉴스,게임,2025-08,막 오르는 게임스컴 2025…크래프톤·펄어비스 출격 - 연합뉴스 막 오르는 게임스컴 2025…크래프톤·펄어비스 출격&nbsp;&nbsp;연합뉴스
2025-08-06,"전세계 아이들 푹 빠졌다더니…벌써 120% 뛰었는데 ""더 간다"" - 한국경제","전세계 아이들 푹 빠졌다더니…벌써 120% 뛰었는데 ""더 간다""&nbsp;&nbsp;한국경제",게임,2025-08,"전세계 아이들 푹 빠졌다더니…벌써 120% 뛰었는데 ""더 간다"" - 한국경제 전세계 아이들 푹 빠졌다더니…벌써 120% 뛰었는데 ""더 간다""&nbsp;&nbsp;한국경제"
2025-08-20,엔씨 '신더시티' 해보니…엔비디아 협업 기술력 돋보여 - 연합뉴스,엔씨 '신더시티' 해보니…엔비디아 협업 기술력 돋보여&nbsp;&nbsp;연합뉴스,게임,2025-08,엔씨 '신더시티' 해보니…엔비디아 협업 기술력 돋보여 - 연합뉴스 엔씨 '신더시티' 해보니…엔비디아 협업 기술력 돋보여&nbsp;&nbsp;연합뉴스
2025-08-02,[게임위드인] 확률형 아이템 규제…게임사에 돌아온 부메랑 - 연합뉴스,[게임위드인] 확률형 아이템 규제…게임사에 돌아온 부메랑&nbsp;&nbsp;연합뉴스,게임,2025-08,[게임위드인] 확률형 아이템 규제…게임사에 돌아온 부메랑 - 연합뉴스 [게임위드인] 확률형 아이템 규제…게임사에 돌아온 부메랑&nbsp;&nbsp;연합뉴스
2025-08-23,"""게임에 진심"" 삼성전자, 독일 게임스컴서 첫 게임 행사 - 연합뉴스","""게임에 진심"" 삼성전자, 독일 게임스컴서 첫 게임 행사&nbsp;&nbsp;연합뉴스",게임,2025-08,"""게임에 진심"" 삼성전자, 독일 게임스컴서 첫 게임 행사 - 연합뉴스 ""게임에 진심"" 삼성전자, 독일 게임스컴서 첫 게임 행사&nbsp;&nbsp;연합뉴스"
2025-08-04,"스마일게이트, 인디게임 축제 '비버롹스' 12월 개최 - 연합뉴스","스마일게이트, 인디게임 축제 '비버롹스' 12월 개최&nbsp;&nbsp;연합뉴스",게임,2025-08,"스마일게이트, 인디게임 축제 '비버롹스' 12월 개최 - 연합뉴스 스마일게이트, 인디게임 축제 '비버롹스' 12월 개최&nbsp;&nbsp;연합뉴스"
2025-08-22,"'갓 세이브 버밍엄' 제작진 ""중세 좀비 게임으로 글로벌 공략"" - 연합뉴스","'갓 세이브 버밍엄' 제작진 ""중세 좀비 게임으로 글로벌 공략""&nbsp;&nbsp;연합뉴스",게임,2025-08,"'갓 세이브 버밍엄' 제작진 ""중세 좀비 게임으로 글로벌 공략"" - 연합뉴스 '갓 세이브 버밍엄' 제작진 ""중세 좀비 게임으로 글로벌 공략""&nbsp;&nbsp;연합뉴스"
2025-08-30,탁구 '입단 동기' 대결서 수비수 이승은 돌풍 잠재운 박가현 - 연합뉴스,탁구 '입단 동기' 대결서 수비수 이승은 돌풍 잠재운 박가현&nbsp;&nbsp;연합뉴스,게임,2025-08,탁구 '입단 동기' 대결서 수비수 이승은 돌풍 잠재운 박가현 - 연합뉴스 탁구 '입단 동기' 대결서 수비수 이승은 돌풍 잠재운 박가현&nbsp;&nbsp;연합뉴스
2025-08-20,독일 게임쇼서 공개된 중국 게임 '검은 신화: 종규' - 연합뉴스,독일 게임쇼서 공개된 중국 게임 '검은 신화: 종규'&nbsp;&nbsp;연합뉴스,게임,2025-08,독일 게임쇼서 공개된 중국 게임 '검은 신화: 종규' - 연합뉴스 독일 게임쇼서 공개된 중국 게임 '검은 신화: 종규'&nbsp;&nbsp;연합뉴스
2025-08-14,"크래프톤 자회사 언노운월즈, 前 경영진에 '맞소송' - 연합뉴스","크래프톤 자회사 언노운월즈, 前 경영진에 '맞소송'&nbsp;&nbsp;연합뉴스",게임,2025-08,"크래프톤 자회사 언노운월즈, 前 경영진에 '맞소송' - 연합뉴스 크래프톤 자회사 언노운월즈, 前 경영진에 '맞소송'&nbsp;&nbsp;연합뉴스"
2025-08-07,"가레나, 미스터리 RPG '신월동행' 정식 출시 - 연합뉴스","가레나, 미스터리 RPG '신월동행' 정식 출시&nbsp;&nbsp;연합뉴스",게임,2025-08,"가레나, 미스터리 RPG '신월동행' 정식 출시 - 연합뉴스 가레나, 미스터리 RPG '신월동행' 정식 출시&nbsp;&nbsp;연합뉴스"
2025-08-04,"넷이즈, 신작 '원스휴먼: 레이드존' 정식 출시 - 연합뉴스","넷이즈, 신작 '원스휴먼: 레이드존' 정식 출시&nbsp;&nbsp;연합뉴스",게임,2025-08,"넷이즈, 신작 '원스휴먼: 레이드존' 정식 출시 - 연합뉴스 넷이즈, 신작 '원스휴먼: 레이드존' 정식 출시&nbsp;&nbsp;연합뉴스"
2025-08-11,"텐센트, 중국서 '크로스파이어' 기반 공포 슈팅 게임 공개 - 연합뉴스","텐센트, 중국서 '크로스파이어' 기반 공포 슈팅 게임 공개&nbsp;&nbsp;연합뉴스",게임,2025-08,"텐센트, 중국서 '크로스파이어' 기반 공포 슈팅 게임 공개 - 연합뉴스 텐센트, 중국서 '크로스파이어' 기반 공포 슈팅 게임 공개&nbsp;&nbsp;연합뉴스"
2025-08-27,"컴투스 ‘아이모’, 글로벌 통합 서버 ‘가네샤’ 오픈 - 경향게임스","컴투스 ‘아이모’, 글로벌 통합 서버 ‘가네샤’ 오픈&nbsp;&nbsp;경향게임스",게임,2025-08,"컴투스 ‘아이모’, 글로벌 통합 서버 ‘가네샤’ 오픈 - 경향게임스 컴투스 ‘아이모’, 글로벌 통합 서버 ‘가네샤’ 오픈&nbsp;&nbsp;경향게임스"
2025-08-11,"게임업계, 20년 만에 규제 완화…개발·운영 속도 빨라진다 - 한국경제","게임업계, 20년 만에 규제 완화…개발·운영 속도 빨라진다&nbsp;&nbsp;한국경제",게임,2025-08,"게임업계, 20년 만에 규제 완화…개발·운영 속도 빨라진다 - 한국경제 게임업계, 20년 만에 규제 완화…개발·운영 속도 빨라진다&nbsp;&nbsp;한국경제"
2025-08-23,1억 팔면 7000만원 버는데…주가 '폭포수 하락'에 개미 피눈물 [윤현주의 主食이 주식] - 한국경제,1억 팔면 7000만원 버는데…주가 '폭포수 하락'에 개미 피눈물 [윤현주의 主食이 주식]&nbsp;&nbsp;한국경제,게임,2025-08,1억 팔면 7000만원 버는데…주가 '폭포수 하락'에 개미 피눈물 [윤현주의 主食이 주식] - 한국경제 1억 팔면 7000만원 버는데…주가 '폭포수 하락'에 개미 피눈물 [윤현주의 主食이 주식]&nbsp;&nbsp;한국경제
2025-08-13,"넥슨, 던파 모바일 하락에도 반기 매출 '사상 최고' - 연합뉴스","넥슨, 던파 모바일 하락에도 반기 매출 '사상 최고'&nbsp;&nbsp;연합뉴스",게임,2025-08,"넥슨, 던파 모바일 하락에도 반기 매출 '사상 최고' - 연합뉴스 넥슨, 던파 모바일 하락에도 반기 매출 '사상 최고'&nbsp;&nbsp;연합뉴스"
2025-08-27,"클로버게임즈, 신작 수집형 RPG '아야카시 라이즈' 사전예약 - 연합뉴스","클로버게임즈, 신작 수집형 RPG '아야카시 라이즈' 사전예약&nbsp;&nbsp;연합뉴스",게임,2025-08,"클로버게임즈, 신작 수집형 RPG '아야카시 라이즈' 사전예약 - 연합뉴스 클로버게임즈, 신작 수집형 RPG '아야카시 라이즈' 사전예약&nbsp;&nbsp;연합뉴스"
2025-08-11,"""10년전부터 산업AI 준비…멀티모달 국내 톱"" - 한국경제","""10년전부터 산업AI 준비…멀티모달 국내 톱""&nbsp;&nbsp;한국경제",게임,2025-08,"""10년전부터 산업AI 준비…멀티모달 국내 톱"" - 한국경제 ""10년전부터 산업AI 준비…멀티모달 국내 톱""&nbsp;&nbsp;한국경제"
2025-08-13,"""이정도면 이용자 기만""…붉은사막, '게임체인저' 될 줄 알았는데 '비상' - 한국경제","""이정도면 이용자 기만""…붉은사막, '게임체인저' 될 줄 알았는데 '비상'&nbsp;&nbsp;한국경제",게임,2025-08,"""이정도면 이용자 기만""…붉은사막, '게임체인저' 될 줄 알았는데 '비상' - 한국경제 ""이정도면 이용자 기만""…붉은사막, '게임체인저' 될 줄 알았는데 '비상'&nbsp;&nbsp;한국경제"
2025-08-25,"'아이온2', 인게임 재화 거래소 지원 ... 유저 친화 BM '눈길' - 경향게임스","'아이온2', 인게임 재화 거래소 지원 ... 유저 친화 BM '눈길'&nbsp;&nbsp;경향게임스",게임,2025-08,"'아이온2', 인게임 재화 거래소 지원 ... 유저 친화 BM '눈길' - 경향게임스 '아이온2', 인게임 재화 거래소 지원 ... 유저 친화 BM '눈길'&nbsp;&nbsp;경향게임스"
2025-08-07,로블록스에서 주식을 배우는 아들 - 브런치,로블록스에서 주식을 배우는 아들&nbsp;&nbsp;브런치,게임,2025-08,로블록스에서 주식을 배우는 아들 - 브런치 로블록스에서 주식을 배우는 아들&nbsp;&nbsp;브런치
2025-08-20,‘소닉 레이싱 크로스월드’에 ‘팩맨’ 참전 - 경향게임스,‘소닉 레이싱 크로스월드’에 ‘팩맨’ 참전&nbsp;&nbsp;경향게임스,게임,2025-08,‘소닉 레이싱 크로스월드’에 ‘팩맨’ 참전 - 경향게임스 ‘소닉 레이싱 크로스월드’에 ‘팩맨’ 참전&nbsp;&nbsp;경향게임스
2025-08-26,"로켓, 오스카 및 힘스 앤 허스: 위험한 게임을 하고 있는 공매도 투자자들 - Benzinga","로켓, 오스카 및 힘스 앤 허스: 위험한 게임을 하고 있는 공매도 투자자들&nbsp;&nbsp;Benzinga",게임,2025-08,"로켓, 오스카 및 힘스 앤 허스: 위험한 게임을 하고 있는 공매도 투자자들 - Benzinga 로켓, 오스카 및 힘스 앤 허스: 위험한 게임을 하고 있는 공매도 투자자들&nbsp;&nbsp;Benzinga"
2025-08-05,게임머니 600억냥 주무른 '거상' 사기꾼…현실선 징역형 - v.daum.net,게임머니 600억냥 주무른 '거상' 사기꾼…현실선 징역형&nbsp;&nbsp;v.daum.net,게임,2025-08,게임머니 600억냥 주무른 '거상' 사기꾼…현실선 징역형 - v.daum.net 게임머니 600억냥 주무른 '거상' 사기꾼…현실선 징역형&nbsp;&nbsp;v.daum.net
2025-08-03,"열혈강호: 귀환, 사전 예약자 100만 명 돌파 - gametoc.co.kr","열혈강호: 귀환, 사전 예약자 100만 명 돌파&nbsp;&nbsp;gametoc.co.kr",게임,2025-08,"열혈강호: 귀환, 사전 예약자 100만 명 돌파 - gametoc.co.kr 열혈강호: 귀환, 사전 예약자 100만 명 돌파&nbsp;&nbsp;gametoc.co.kr"
2025-08-01,"‘마비노기 모바일’, 이달 첫 개발자 라이브 방송, 업데이트 계획 ‘관심’ - 경향게임스","‘마비노기 모바일’, 이달 첫 개발자 라이브 방송, 업데이트 계획 ‘관심’&nbsp;&nbsp;경향게임스",게임,2025-08,"‘마비노기 모바일’, 이달 첫 개발자 라이브 방송, 업데이트 계획 ‘관심’ - 경향게임스 ‘마비노기 모바일’, 이달 첫 개발자 라이브 방송, 업데이트 계획 ‘관심’&nbsp;&nbsp;경향게임스"
2025-08-07,‘세키로’ 애니메이션 제작되나…도메인 등록 포착 - 경향게임스,‘세키로’ 애니메이션 제작되나…도메인 등록 포착&nbsp;&nbsp;경향게임스,게임,2025-08,‘세키로’ 애니메이션 제작되나…도메인 등록 포착 - 경향게임스 ‘세키로’ 애니메이션 제작되나…도메인 등록 포착&nbsp;&nbsp;경향게임스
2025-08-27,"‘리그 오브 레전드’, 2025 시즌3 업데이트 - 경향게임스","‘리그 오브 레전드’, 2025 시즌3 업데이트&nbsp;&nbsp;경향게임스",게임,2025-08,"‘리그 오브 레전드’, 2025 시즌3 업데이트 - 경향게임스 ‘리그 오브 레전드’, 2025 시즌3 업데이트&nbsp;&nbsp;경향게임스"
2025-08-14,"링차이, ‘엘피스 전기: 소울링’ 정식 서비스 시작 - 경향게임스","링차이, ‘엘피스 전기: 소울링’ 정식 서비스 시작&nbsp;&nbsp;경향게임스",게임,2025-08,"링차이, ‘엘피스 전기: 소울링’ 정식 서비스 시작 - 경향게임스 링차이, ‘엘피스 전기: 소울링’ 정식 서비스 시작&nbsp;&nbsp;경향게임스"
2025-08-18,"열혈강호: 귀환, 구글 매출 순위 최고 5위 달성 - gametoc.co.kr","열혈강호: 귀환, 구글 매출 순위 최고 5위 달성&nbsp;&nbsp;gametoc.co.kr",게임,2025-08,"열혈강호: 귀환, 구글 매출 순위 최고 5위 달성 - gametoc.co.kr 열혈강호: 귀환, 구글 매출 순위 최고 5위 달성&nbsp;&nbsp;gametoc.co.kr"
2025-08-14,"게임업계, 성과 보상에 보너스와 함께 ‘스위치2’ 포커스 집중돼 - 팝콘뉴스","게임업계, 성과 보상에 보너스와 함께 ‘스위치2’ 포커스 집중돼&nbsp;&nbsp;팝콘뉴스",게임,2025-08,"게임업계, 성과 보상에 보너스와 함께 ‘스위치2’ 포커스 집중돼 - 팝콘뉴스 게임업계, 성과 보상에 보너스와 함께 ‘스위치2’ 포커스 집중돼&nbsp;&nbsp;팝콘뉴스"
2025-08-01,확률형 아이템 규제 강화법 시행···게임업계 '과도한 부담' 반발 - 뉴스웨이,확률형 아이템 규제 강화법 시행···게임업계 '과도한 부담' 반발&nbsp;&nbsp;뉴스웨이,게임,2025-08,확률형 아이템 규제 강화법 시행···게임업계 '과도한 부담' 반발 - 뉴스웨이 확률형 아이템 규제 강화법 시행···게임업계 '과도한 부담' 반발&nbsp;&nbsp;뉴스웨이
2025-08-07,"카카오뱅크·넥슨, ‘슈퍼바이브’ 게임과 연계한 제휴 상품 출시 - 뉴스퀘스트","카카오뱅크·넥슨, ‘슈퍼바이브’ 게임과 연계한 제휴 상품 출시&nbsp;&nbsp;뉴스퀘스트",게임,2025-08,"카카오뱅크·넥슨, ‘슈퍼바이브’ 게임과 연계한 제휴 상품 출시 - 뉴스퀘스트 카카오뱅크·넥슨, ‘슈퍼바이브’ 게임과 연계한 제휴 상품 출시&nbsp;&nbsp;뉴스퀘스트"
2025-08-20,"웹젠 신작 MMORPG ‘R2 ORIGIN’, 사전등록 시작 - 경향게임스","웹젠 신작 MMORPG ‘R2 ORIGIN’, 사전등록 시작&nbsp;&nbsp;경향게임스",게임,2025-08,"웹젠 신작 MMORPG ‘R2 ORIGIN’, 사전등록 시작 - 경향게임스 웹젠 신작 MMORPG ‘R2 ORIGIN’, 사전등록 시작&nbsp;&nbsp;경향게임스"
2025-08-17,"코드네임봄 '아키타입 블루', 글로벌 게임 시장 진출 - 네이트","코드네임봄 '아키타입 블루', 글로벌 게임 시장 진출&nbsp;&nbsp;네이트",게임,2025-08,"코드네임봄 '아키타입 블루', 글로벌 게임 시장 진출 - 네이트 코드네임봄 '아키타입 블루', 글로벌 게임 시장 진출&nbsp;&nbsp;네이트"
2025-08-06,"호요버스 ‘원신’ 요구 사양 조정, PS4 버전 업데이트 종료 - 경향게임스","호요버스 ‘원신’ 요구 사양 조정, PS4 버전 업데이트 종료&nbsp;&nbsp;경향게임스",게임,2025-08,"호요버스 ‘원신’ 요구 사양 조정, PS4 버전 업데이트 종료 - 경향게임스 호요버스 ‘원신’ 요구 사양 조정, PS4 버전 업데이트 종료&nbsp;&nbsp;경향게임스"
2025-08-04,넥슨부터 라이엇까지…게임업계 팝업스토어 '열풍' - 네이트,넥슨부터 라이엇까지…게임업계 팝업스토어 '열풍'&nbsp;&nbsp;네이트,게임,2025-08,넥슨부터 라이엇까지…게임업계 팝업스토어 '열풍' - 네이트 넥슨부터 라이엇까지…게임업계 팝업스토어 '열풍'&nbsp;&nbsp;네이트
2025-09-17,"""글로벌 AI주식에서 가장 싼 韓반도체…하닉·삼전 HBM 2강 전망"" - 연합인포맥스","""글로벌 AI주식에서 가장 싼 韓반도체…하닉·삼전 HBM 2강 전망""&nbsp;&nbsp;연합인포맥스",HBM,2025-09,"""글로벌 AI주식에서 가장 싼 韓반도체…하닉·삼전 HBM 2강 전망"" - 연합인포맥스 ""글로벌 AI주식에서 가장 싼 韓반도체…하닉·삼전 HBM 2강 전망""&nbsp;&nbsp;연합인포맥스"
2025-09-19,삼성·하이닉스 불기둥 뒤엔 결국…더 주목받는 미국 AI주 ‘3대장’ - v.daum.net,삼성·하이닉스 불기둥 뒤엔 결국…더 주목받는 미국 AI주 ‘3대장’&nbsp;&nbsp;v.daum.net,HBM,2025-09,삼성·하이닉스 불기둥 뒤엔 결국…더 주목받는 미국 AI주 ‘3대장’ - v.daum.net 삼성·하이닉스 불기둥 뒤엔 결국…더 주목받는 미국 AI주 ‘3대장’&nbsp;&nbsp;v.daum.net
2025-09-21,"최근 300% 상승한 마이크론 주가 : 9월 23일 실적발표, HBM 4 관련주 지속 상승할까? - 네이버 프리미엄콘텐츠","최근 300% 상승한 마이크론 주가 : 9월 23일 실적발표, HBM 4 관련주 지속 상승할까?&nbsp;&nbsp;네이버 프리미엄콘텐츠",HBM,2025-09,"최근 300% 상승한 마이크론 주가 : 9월 23일 실적발표, HBM 4 관련주 지속 상승할까? - 네이버 프리미엄콘텐츠 최근 300% 상승한 마이크론 주가 : 9월 23일 실적발표, HBM 4 관련주 지속 상승할까?&nbsp;&nbsp;네이버 프리미엄콘텐츠"
2025-09-20,삼성전자 주가 ‘또 속냐’ vs ‘이번엔 달라’···‘10만전자’ 될 수 있을까[경제뭔데] - 경향신문,삼성전자 주가 ‘또 속냐’ vs ‘이번엔 달라’···‘10만전자’ 될 수 있을까[경제뭔데]&nbsp;&nbsp;경향신문,HBM,2025-09,삼성전자 주가 ‘또 속냐’ vs ‘이번엔 달라’···‘10만전자’ 될 수 있을까[경제뭔데] - 경향신문 삼성전자 주가 ‘또 속냐’ vs ‘이번엔 달라’···‘10만전자’ 될 수 있을까[경제뭔데]&nbsp;&nbsp;경향신문
2025-09-15,"[특징주] 테크윙, HBM 검사장비 삼성전자 이어 SK하이닉스 평가 통과 소식에 급등 - 조선비즈 - Chosunbiz","[특징주] 테크윙, HBM 검사장비 삼성전자 이어 SK하이닉스 평가 통과 소식에 급등 - 조선비즈&nbsp;&nbsp;Chosunbiz",HBM,2025-09,"[특징주] 테크윙, HBM 검사장비 삼성전자 이어 SK하이닉스 평가 통과 소식에 급등 - 조선비즈 - Chosunbiz [특징주] 테크윙, HBM 검사장비 삼성전자 이어 SK하이닉스 평가 통과 소식에 급등 - 조선비즈&nbsp;&nbsp;Chosunbiz"
2025-09-23,맞춤형 HBM서 치고 나가는 中…메모리 독립선언 가속화 - 연합뉴스,맞춤형 HBM서 치고 나가는 中…메모리 독립선언 가속화&nbsp;&nbsp;연합뉴스,HBM,2025-09,맞춤형 HBM서 치고 나가는 中…메모리 독립선언 가속화 - 연합뉴스 맞춤형 HBM서 치고 나가는 中…메모리 독립선언 가속화&nbsp;&nbsp;연합뉴스
2025-09-23,"삼성전자 주가, 프리마켓서 9만원 터치…‘10만전자’ 찍을까 - 시사저널","삼성전자 주가, 프리마켓서 9만원 터치…‘10만전자’ 찍을까&nbsp;&nbsp;시사저널",HBM,2025-09,"삼성전자 주가, 프리마켓서 9만원 터치…‘10만전자’ 찍을까 - 시사저널 삼성전자 주가, 프리마켓서 9만원 터치…‘10만전자’ 찍을까&nbsp;&nbsp;시사저널"
2025-09-21,"""삼성전자 왜 이렇게 사죠""…외국인, 2조 '몰빵'한 이유가 [종목+] - 한국경제","""삼성전자 왜 이렇게 사죠""…외국인, 2조 '몰빵'한 이유가 [종목+]&nbsp;&nbsp;한국경제",HBM,2025-09,"""삼성전자 왜 이렇게 사죠""…외국인, 2조 '몰빵'한 이유가 [종목+] - 한국경제 ""삼성전자 왜 이렇게 사죠""…외국인, 2조 '몰빵'한 이유가 [종목+]&nbsp;&nbsp;한국경제"
2025-09-14,"[이번주 관심주] 진격의 하이닉스, 외인 9일 연속 순매수...""HBM4 우위 선점"" - 오피니언뉴스","[이번주 관심주] 진격의 하이닉스, 외인 9일 연속 순매수...""HBM4 우위 선점""&nbsp;&nbsp;오피니언뉴스",HBM,2025-09,"[이번주 관심주] 진격의 하이닉스, 외인 9일 연속 순매수...""HBM4 우위 선점"" - 오피니언뉴스 [이번주 관심주] 진격의 하이닉스, 외인 9일 연속 순매수...""HBM4 우위 선점""&nbsp;&nbsp;오피니언뉴스"
2025-09-17,"마이크론 주가, 열흘째 상승…2019년 이후 최장 기록 임박 - 초이스스탁","마이크론 주가, 열흘째 상승…2019년 이후 최장 기록 임박&nbsp;&nbsp;초이스스탁",HBM,2025-09,"마이크론 주가, 열흘째 상승…2019년 이후 최장 기록 임박 - 초이스스탁 마이크론 주가, 열흘째 상승…2019년 이후 최장 기록 임박&nbsp;&nbsp;초이스스탁"
2025-09-23,‘11만전자’ 이번엔 진짜 현실?…엔비디아 HBM 특급열차 탄 삼성전자 주가 어디까지? [종목Pick] - v.daum.net,‘11만전자’ 이번엔 진짜 현실?…엔비디아 HBM 특급열차 탄 삼성전자 주가 어디까지? [종목Pick]&nbsp;&nbsp;v.daum.net,HBM,2025-09,‘11만전자’ 이번엔 진짜 현실?…엔비디아 HBM 특급열차 탄 삼성전자 주가 어디까지? [종목Pick] - v.daum.net ‘11만전자’ 이번엔 진짜 현실?…엔비디아 HBM 특급열차 탄 삼성전자 주가 어디까지? [종목Pick]&nbsp;&nbsp;v.daum.net
2025-09-22,"HBM 중심의 반도체 랠리 넘어 한 발 더…""HBF 붐은 온다"" - 연합인포맥스","HBM 중심의 반도체 랠리 넘어 한 발 더…""HBF 붐은 온다""&nbsp;&nbsp;연합인포맥스",HBM,2025-09,"HBM 중심의 반도체 랠리 넘어 한 발 더…""HBF 붐은 온다"" - 연합인포맥스 HBM 중심의 반도체 랠리 넘어 한 발 더…""HBF 붐은 온다""&nbsp;&nbsp;연합인포맥스"
2025-09-25,"HBM 관련주, 한화비전 주가 1편 : 한화세미텍의 TC 본더 SK하이닉스 공급 수혜 - 네이버 프리미엄콘텐츠","HBM 관련주, 한화비전 주가 1편 : 한화세미텍의 TC 본더 SK하이닉스 공급 수혜&nbsp;&nbsp;네이버 프리미엄콘텐츠",HBM,2025-09,"HBM 관련주, 한화비전 주가 1편 : 한화세미텍의 TC 본더 SK하이닉스 공급 수혜 - 네이버 프리미엄콘텐츠 HBM 관련주, 한화비전 주가 1편 : 한화세미텍의 TC 본더 SK하이닉스 공급 수혜&nbsp;&nbsp;네이버 프리미엄콘텐츠"
2025-09-25,"‘깜짝 실적’ 마이크론, 하이닉스·삼성과 HBM4 결전 - 조선일보","‘깜짝 실적’ 마이크론, 하이닉스·삼성과 HBM4 결전&nbsp;&nbsp;조선일보",HBM,2025-09,"‘깜짝 실적’ 마이크론, 하이닉스·삼성과 HBM4 결전 - 조선일보 ‘깜짝 실적’ 마이크론, 하이닉스·삼성과 HBM4 결전&nbsp;&nbsp;조선일보"
2025-09-24,2분기 삼성전자 HBM 점유율 17%로 3위…마이크론에 역전 - 연합뉴스,2분기 삼성전자 HBM 점유율 17%로 3위…마이크론에 역전&nbsp;&nbsp;연합뉴스,HBM,2025-09,2분기 삼성전자 HBM 점유율 17%로 3위…마이크론에 역전 - 연합뉴스 2분기 삼성전자 HBM 점유율 17%로 3위…마이크론에 역전&nbsp;&nbsp;연합뉴스
2025-09-27,"[초점] 마이크론, 삼성 제치고 세계 HBM 시장 2위 등극 - 초이스스탁","[초점] 마이크론, 삼성 제치고 세계 HBM 시장 2위 등극&nbsp;&nbsp;초이스스탁",HBM,2025-09,"[초점] 마이크론, 삼성 제치고 세계 HBM 시장 2위 등극 - 초이스스탁 [초점] 마이크론, 삼성 제치고 세계 HBM 시장 2위 등극&nbsp;&nbsp;초이스스탁"
2025-09-16,"NH투자, 삼성전자 목표가↑…""가치평가 정상화 과정"" - 연합뉴스","NH투자, 삼성전자 목표가↑…""가치평가 정상화 과정""&nbsp;&nbsp;연합뉴스",HBM,2025-09,"NH투자, 삼성전자 목표가↑…""가치평가 정상화 과정"" - 연합뉴스 NH투자, 삼성전자 목표가↑…""가치평가 정상화 과정""&nbsp;&nbsp;연합뉴스"
2025-09-25,"中 YMTC, HBM 시장 진출 준비…반도체 자립 속도낸다 - 연합뉴스","中 YMTC, HBM 시장 진출 준비…반도체 자립 속도낸다&nbsp;&nbsp;연합뉴스",HBM,2025-09,"中 YMTC, HBM 시장 진출 준비…반도체 자립 속도낸다 - 연합뉴스 中 YMTC, HBM 시장 진출 준비…반도체 자립 속도낸다&nbsp;&nbsp;연합뉴스"
2025-09-17,"""큰 거 또 온다"" HBM 슈퍼 사이클 징조…'제2 황금기' 마주할 K-반도체 - 오피니언뉴스","""큰 거 또 온다"" HBM 슈퍼 사이클 징조…'제2 황금기' 마주할 K-반도체&nbsp;&nbsp;오피니언뉴스",HBM,2025-09,"""큰 거 또 온다"" HBM 슈퍼 사이클 징조…'제2 황금기' 마주할 K-반도체 - 오피니언뉴스 ""큰 거 또 온다"" HBM 슈퍼 사이클 징조…'제2 황금기' 마주할 K-반도체&nbsp;&nbsp;오피니언뉴스"
2025-09-12,"삼성전자, 7.5만원 넘었다…이재용 회장 주식 평가액 18조 돌파 [종목+] - 한국경제","삼성전자, 7.5만원 넘었다…이재용 회장 주식 평가액 18조 돌파 [종목+]&nbsp;&nbsp;한국경제",HBM,2025-09,"삼성전자, 7.5만원 넘었다…이재용 회장 주식 평가액 18조 돌파 [종목+] - 한국경제 삼성전자, 7.5만원 넘었다…이재용 회장 주식 평가액 18조 돌파 [종목+]&nbsp;&nbsp;한국경제"
2025-09-23,"""코스피 사상 최고치인데""…아직 구조대 기다리는 '삼전개미'[삼전의 부활] - 뉴스1","""코스피 사상 최고치인데""…아직 구조대 기다리는 '삼전개미'[삼전의 부활]&nbsp;&nbsp;뉴스1",HBM,2025-09,"""코스피 사상 최고치인데""…아직 구조대 기다리는 '삼전개미'[삼전의 부활] - 뉴스1 ""코스피 사상 최고치인데""…아직 구조대 기다리는 '삼전개미'[삼전의 부활]&nbsp;&nbsp;뉴스1"
2025-09-05,"삼성, 평택 5공장 착공 재개 시동…HBM4 공급 준비 태세 - 연합뉴스","삼성, 평택 5공장 착공 재개 시동…HBM4 공급 준비 태세&nbsp;&nbsp;연합뉴스",HBM,2025-09,"삼성, 평택 5공장 착공 재개 시동…HBM4 공급 준비 태세 - 연합뉴스 삼성, 평택 5공장 착공 재개 시동…HBM4 공급 준비 태세&nbsp;&nbsp;연합뉴스"
2025-09-23,"HBM 자체 개발 돌입한 중국…삼성은 엔비디아 납품 임박, 시장 변화는 - 매일경제","HBM 자체 개발 돌입한 중국…삼성은 엔비디아 납품 임박, 시장 변화는&nbsp;&nbsp;매일경제",HBM,2025-09,"HBM 자체 개발 돌입한 중국…삼성은 엔비디아 납품 임박, 시장 변화는 - 매일경제 HBM 자체 개발 돌입한 중국…삼성은 엔비디아 납품 임박, 시장 변화는&nbsp;&nbsp;매일경제"
2025-09-30,‘넥스트 HBM’ 뜬다…미래 먹거리 HBF 주목 - 뉴스토마토,‘넥스트 HBM’ 뜬다…미래 먹거리 HBF 주목&nbsp;&nbsp;뉴스토마토,HBM,2025-09,‘넥스트 HBM’ 뜬다…미래 먹거리 HBF 주목 - 뉴스토마토 ‘넥스트 HBM’ 뜬다…미래 먹거리 HBF 주목&nbsp;&nbsp;뉴스토마토
2025-09-24,[그래픽] 글로벌 HBM 시장 점유율 현황 - 연합뉴스,[그래픽] 글로벌 HBM 시장 점유율 현황&nbsp;&nbsp;연합뉴스,HBM,2025-09,[그래픽] 글로벌 HBM 시장 점유율 현황 - 연합뉴스 [그래픽] 글로벌 HBM 시장 점유율 현황&nbsp;&nbsp;연합뉴스
2025-09-24,6만전자에 주식 매입한 삼성전자 임원들… 1년 만에 웃음꽃 - 조선비즈 - Chosunbiz,6만전자에 주식 매입한 삼성전자 임원들… 1년 만에 웃음꽃 - 조선비즈&nbsp;&nbsp;Chosunbiz,HBM,2025-09,6만전자에 주식 매입한 삼성전자 임원들… 1년 만에 웃음꽃 - 조선비즈 - Chosunbiz 6만전자에 주식 매입한 삼성전자 임원들… 1년 만에 웃음꽃 - 조선비즈&nbsp;&nbsp;Chosunbiz
2025-09-24,"""제2의 HBM?""···삼성·SK 다음 격전지로 HBF 부상 - 뉴스웨이","""제2의 HBM?""···삼성·SK 다음 격전지로 HBF 부상&nbsp;&nbsp;뉴스웨이",HBM,2025-09,"""제2의 HBM?""···삼성·SK 다음 격전지로 HBF 부상 - 뉴스웨이 ""제2의 HBM?""···삼성·SK 다음 격전지로 HBF 부상&nbsp;&nbsp;뉴스웨이"
2025-09-12,"SK하이닉스 HBM4 검증 완료, 주가 30만 원 돌파…미국 반도체에도 파급 예고 - EBC Financial Group","SK하이닉스 HBM4 검증 완료, 주가 30만 원 돌파…미국 반도체에도 파급 예고&nbsp;&nbsp;EBC Financial Group",HBM,2025-09,"SK하이닉스 HBM4 검증 완료, 주가 30만 원 돌파…미국 반도체에도 파급 예고 - EBC Financial Group SK하이닉스 HBM4 검증 완료, 주가 30만 원 돌파…미국 반도체에도 파급 예고&nbsp;&nbsp;EBC Financial Group"
2025-09-25,"""반도체 겨울 온다""던 모건스탠리…말 바꾼 이유는 [빈난새의 빈틈없이 월가] - 한국경제","""반도체 겨울 온다""던 모건스탠리…말 바꾼 이유는 [빈난새의 빈틈없이 월가]&nbsp;&nbsp;한국경제",HBM,2025-09,"""반도체 겨울 온다""던 모건스탠리…말 바꾼 이유는 [빈난새의 빈틈없이 월가] - 한국경제 ""반도체 겨울 온다""던 모건스탠리…말 바꾼 이유는 [빈난새의 빈틈없이 월가]&nbsp;&nbsp;한국경제"
2025-09-30,게임엔진이 이렇게?…메모리·통신 업계도 눈길 끈 '48조 시장' - 한국경제,게임엔진이 이렇게?…메모리·통신 업계도 눈길 끈 '48조 시장'&nbsp;&nbsp;한국경제,HBM,2025-09,게임엔진이 이렇게?…메모리·통신 업계도 눈길 끈 '48조 시장' - 한국경제 게임엔진이 이렇게?…메모리·통신 업계도 눈길 끈 '48조 시장'&nbsp;&nbsp;한국경제
2025-09-23,"삼성전자, 정규장 개장전 8.98% 급등…세 차례 VI 발동 - 한국경제","삼성전자, 정규장 개장전 8.98% 급등…세 차례 VI 발동&nbsp;&nbsp;한국경제",HBM,2025-09,"삼성전자, 정규장 개장전 8.98% 급등…세 차례 VI 발동 - 한국경제 삼성전자, 정규장 개장전 8.98% 급등…세 차례 VI 발동&nbsp;&nbsp;한국경제"
2025-09-29,"삼성전자, HBM 노 젓는다…평택 P4 공사 속도전 돌입 - 네이트","삼성전자, HBM 노 젓는다…평택 P4 공사 속도전 돌입&nbsp;&nbsp;네이트",HBM,2025-09,"삼성전자, HBM 노 젓는다…평택 P4 공사 속도전 돌입 - 네이트 삼성전자, HBM 노 젓는다…평택 P4 공사 속도전 돌입&nbsp;&nbsp;네이트"
2025-09-24,"9월의 삼성전자 주가 21% 급등…삼전개미들 ""구조대가 왔다"" - 더퍼블릭","9월의 삼성전자 주가 21% 급등…삼전개미들 ""구조대가 왔다""&nbsp;&nbsp;더퍼블릭",HBM,2025-09,"9월의 삼성전자 주가 21% 급등…삼전개미들 ""구조대가 왔다"" - 더퍼블릭 9월의 삼성전자 주가 21% 급등…삼전개미들 ""구조대가 왔다""&nbsp;&nbsp;더퍼블릭"
2025-09-25,"두나무, 네이버파이낸셜과 포괄적 주식교환 추진 - KBS 뉴스","두나무, 네이버파이낸셜과 포괄적 주식교환 추진&nbsp;&nbsp;KBS 뉴스",두나무,2025-09,"두나무, 네이버파이낸셜과 포괄적 주식교환 추진 - KBS 뉴스 두나무, 네이버파이낸셜과 포괄적 주식교환 추진&nbsp;&nbsp;KBS 뉴스"
2025-09-30,美 나스닥 상장 기대에…비상장 두나무 3년여 만에 최고가 - 연합뉴스,美 나스닥 상장 기대에…비상장 두나무 3년여 만에 최고가&nbsp;&nbsp;연합뉴스,두나무,2025-09,美 나스닥 상장 기대에…비상장 두나무 3년여 만에 최고가 - 연합뉴스 美 나스닥 상장 기대에…비상장 두나무 3년여 만에 최고가&nbsp;&nbsp;연합뉴스
2025-09-26,'한국판 로빈후드' 노린다…네이버-두나무 '新금융 혈맹' - 뉴스1,'한국판 로빈후드' 노린다…네이버-두나무 '新금융 혈맹'&nbsp;&nbsp;뉴스1,두나무,2025-09,'한국판 로빈후드' 노린다…네이버-두나무 '新금융 혈맹' - 뉴스1 '한국판 로빈후드' 노린다…네이버-두나무 '新금융 혈맹'&nbsp;&nbsp;뉴스1
2025-09-25,"[특징주] 네이버, 업비트 인수 소식에 10% 급등 - 오피니언뉴스","[특징주] 네이버, 업비트 인수 소식에 10% 급등&nbsp;&nbsp;오피니언뉴스",두나무,2025-09,"[특징주] 네이버, 업비트 인수 소식에 10% 급등 - 오피니언뉴스 [특징주] 네이버, 업비트 인수 소식에 10% 급등&nbsp;&nbsp;오피니언뉴스"
2025-09-30,美 나스닥 상장 기대에…두나무 3년여만 최고가 - v.daum.net,美 나스닥 상장 기대에…두나무 3년여만 최고가&nbsp;&nbsp;v.daum.net,두나무,2025-09,美 나스닥 상장 기대에…두나무 3년여만 최고가 - v.daum.net 美 나스닥 상장 기대에…두나무 3년여만 최고가&nbsp;&nbsp;v.daum.net
2025-09-25,"[단독]업비트 ‘두나무’, 네이버파이낸셜과 포괄적 주식교환 추진… 네이버 계열사 편입 전망 - 동아일보","[단독]업비트 ‘두나무’, 네이버파이낸셜과 포괄적 주식교환 추진… 네이버 계열사 편입 전망&nbsp;&nbsp;동아일보",두나무,2025-09,"[단독]업비트 ‘두나무’, 네이버파이낸셜과 포괄적 주식교환 추진… 네이버 계열사 편입 전망 - 동아일보 [단독]업비트 ‘두나무’, 네이버파이낸셜과 포괄적 주식교환 추진… 네이버 계열사 편입 전망&nbsp;&nbsp;동아일보"
2025-09-26,"두나무, 네이버에 편입…스테이블코인 핀테크 연합 가속 - 인더스트리뉴스","두나무, 네이버에 편입…스테이블코인 핀테크 연합 가속&nbsp;&nbsp;인더스트리뉴스",두나무,2025-09,"두나무, 네이버에 편입…스테이블코인 핀테크 연합 가속 - 인더스트리뉴스 두나무, 네이버에 편입…스테이블코인 핀테크 연합 가속&nbsp;&nbsp;인더스트리뉴스"
2025-09-29,[특징주] ‘두나무 지분 보유’에…한화투자증권·한화투자증권우 급등 - 조선비즈 - Chosunbiz,[특징주] ‘두나무 지분 보유’에…한화투자증권·한화투자증권우 급등 - 조선비즈&nbsp;&nbsp;Chosunbiz,두나무,2025-09,[특징주] ‘두나무 지분 보유’에…한화투자증권·한화투자증권우 급등 - 조선비즈 - Chosunbiz [특징주] ‘두나무 지분 보유’에…한화투자증권·한화투자증권우 급등 - 조선비즈&nbsp;&nbsp;Chosunbiz
2025-09-25,"네이버, 두나무 자회사 편입설에 '불기둥'…두나무는 급락 [종합] - 한국경제","네이버, 두나무 자회사 편입설에 '불기둥'…두나무는 급락 [종합]&nbsp;&nbsp;한국경제",두나무,2025-09,"네이버, 두나무 자회사 편입설에 '불기둥'…두나무는 급락 [종합] - 한국경제 네이버, 두나무 자회사 편입설에 '불기둥'…두나무는 급락 [종합]&nbsp;&nbsp;한국경제"
2025-09-29,"네이버, 두나무 품고 금융판 뒤흔드나 - 연합뉴스","네이버, 두나무 품고 금융판 뒤흔드나&nbsp;&nbsp;연합뉴스",두나무,2025-09,"네이버, 두나무 품고 금융판 뒤흔드나 - 연합뉴스 네이버, 두나무 품고 금융판 뒤흔드나&nbsp;&nbsp;연합뉴스"
2025-09-25,"네이버, 코인까지? 두나무 편입 추진에 주가도 10% 급등 [지금뉴스] - KBS 뉴스","네이버, 코인까지? 두나무 편입 추진에 주가도 10% 급등 [지금뉴스]&nbsp;&nbsp;KBS 뉴스",두나무,2025-09,"네이버, 코인까지? 두나무 편입 추진에 주가도 10% 급등 [지금뉴스] - KBS 뉴스 네이버, 코인까지? 두나무 편입 추진에 주가도 10% 급등 [지금뉴스]&nbsp;&nbsp;KBS 뉴스"
2025-09-26,"네이버, 두나무 인수 해법은...미래에셋 출자·두나무 의결권 변수 - v.daum.net","네이버, 두나무 인수 해법은...미래에셋 출자·두나무 의결권 변수&nbsp;&nbsp;v.daum.net",두나무,2025-09,"네이버, 두나무 인수 해법은...미래에셋 출자·두나무 의결권 변수 - v.daum.net 네이버, 두나무 인수 해법은...미래에셋 출자·두나무 의결권 변수&nbsp;&nbsp;v.daum.net"
2025-09-25,나스닥 간다더니 네이버와 한 몸?…비상장 두나무 주가 14% '뚝' - 뉴스1,나스닥 간다더니 네이버와 한 몸?…비상장 두나무 주가 14% '뚝'&nbsp;&nbsp;뉴스1,두나무,2025-09,나스닥 간다더니 네이버와 한 몸?…비상장 두나무 주가 14% '뚝' - 뉴스1 나스닥 간다더니 네이버와 한 몸?…비상장 두나무 주가 14% '뚝'&nbsp;&nbsp;뉴스1
2025-09-30,"'두나무' 품는 네이버, 사흘간 시총 7조원 불어 '10위권' 탈환 - 뉴스1","'두나무' 품는 네이버, 사흘간 시총 7조원 불어 '10위권' 탈환&nbsp;&nbsp;뉴스1",두나무,2025-09,"'두나무' 품는 네이버, 사흘간 시총 7조원 불어 '10위권' 탈환 - 뉴스1 '두나무' 품는 네이버, 사흘간 시총 7조원 불어 '10위권' 탈환&nbsp;&nbsp;뉴스1"
2025-09-30,"3년 전 7만원대로 고꾸라진 두나무, 40만원 돌파…'美 상장 기대' 재점화 - v.daum.net","3년 전 7만원대로 고꾸라진 두나무, 40만원 돌파…'美 상장 기대' 재점화&nbsp;&nbsp;v.daum.net",두나무,2025-09,"3년 전 7만원대로 고꾸라진 두나무, 40만원 돌파…'美 상장 기대' 재점화 - v.daum.net 3년 전 7만원대로 고꾸라진 두나무, 40만원 돌파…'美 상장 기대' 재점화&nbsp;&nbsp;v.daum.net"
2025-09-25,"네이버, 업비트 자회사 편입…스테이블 코인 사업 본격화 - 연합뉴스","네이버, 업비트 자회사 편입…스테이블 코인 사업 본격화&nbsp;&nbsp;연합뉴스",두나무,2025-09,"네이버, 업비트 자회사 편입…스테이블 코인 사업 본격화 - 연합뉴스 네이버, 업비트 자회사 편입…스테이블 코인 사업 본격화&nbsp;&nbsp;연합뉴스"
2025-09-27,'코인 공룡' 두나무는 왜 '네이버의 우산' 밑으로 들어갈까 - 뉴스1,'코인 공룡' 두나무는 왜 '네이버의 우산' 밑으로 들어갈까&nbsp;&nbsp;뉴스1,두나무,2025-09,'코인 공룡' 두나무는 왜 '네이버의 우산' 밑으로 들어갈까 - 뉴스1 '코인 공룡' 두나무는 왜 '네이버의 우산' 밑으로 들어갈까&nbsp;&nbsp;뉴스1
2025-09-25,"네이버, 코인까지? 두나무 편입 추진에 주가도 10% 급등 [지금뉴스] - v.daum.net","네이버, 코인까지? 두나무 편입 추진에 주가도 10% 급등 [지금뉴스]&nbsp;&nbsp;v.daum.net",두나무,2025-09,"네이버, 코인까지? 두나무 편입 추진에 주가도 10% 급등 [지금뉴스] - v.daum.net 네이버, 코인까지? 두나무 편입 추진에 주가도 10% 급등 [지금뉴스]&nbsp;&nbsp;v.daum.net"
2025-09-26,"네이버-두나무 '빅딜'…송치형, 네이버파이낸셜 최대주주 된다 - 뉴스1","네이버-두나무 '빅딜'…송치형, 네이버파이낸셜 최대주주 된다&nbsp;&nbsp;뉴스1",두나무,2025-09,"네이버-두나무 '빅딜'…송치형, 네이버파이낸셜 최대주주 된다 - 뉴스1 네이버-두나무 '빅딜'…송치형, 네이버파이낸셜 최대주주 된다&nbsp;&nbsp;뉴스1"
2025-09-30,"[심층분석] 네이버-두나무 빅딜, 축복인가 저주인가 - 글로벌에픽","[심층분석] 네이버-두나무 빅딜, 축복인가 저주인가&nbsp;&nbsp;글로벌에픽",두나무,2025-09,"[심층분석] 네이버-두나무 빅딜, 축복인가 저주인가 - 글로벌에픽 [심층분석] 네이버-두나무 빅딜, 축복인가 저주인가&nbsp;&nbsp;글로벌에픽"
2025-09-25,"네이버, 두나무 계열사 편입 추진…""협력 방안 논의 중"" - 뉴스토마토","네이버, 두나무 계열사 편입 추진…""협력 방안 논의 중""&nbsp;&nbsp;뉴스토마토",두나무,2025-09,"네이버, 두나무 계열사 편입 추진…""협력 방안 논의 중"" - 뉴스토마토 네이버, 두나무 계열사 편입 추진…""협력 방안 논의 중""&nbsp;&nbsp;뉴스토마토"
2025-09-29,네이버·두나무 빅딜…몸값 4.7조 vs 14조 - 한국경제,네이버·두나무 빅딜…몸값 4.7조 vs 14조&nbsp;&nbsp;한국경제,두나무,2025-09,네이버·두나무 빅딜…몸값 4.7조 vs 14조 - 한국경제 네이버·두나무 빅딜…몸값 4.7조 vs 14조&nbsp;&nbsp;한국경제
2025-09-30,네이버페이로 원화 스테이블코인 결제? 업비트 날개 단 네이버가 꿈꾸는 건 [‘네이버-두나무 합병’ 뉴스 해설] - 뉴닉,네이버페이로 원화 스테이블코인 결제? 업비트 날개 단 네이버가 꿈꾸는 건 [‘네이버-두나무 합병’ 뉴스 해설]&nbsp;&nbsp;뉴닉,두나무,2025-09,네이버페이로 원화 스테이블코인 결제? 업비트 날개 단 네이버가 꿈꾸는 건 [‘네이버-두나무 합병’ 뉴스 해설] - 뉴닉 네이버페이로 원화 스테이블코인 결제? 업비트 날개 단 네이버가 꿈꾸는 건 [‘네이버-두나무 합병’ 뉴스 해설]&nbsp;&nbsp;뉴닉
2025-09-29,"송치형 두나무 회장, 네이버 ‘경영 리더’ 되나 - 조선일보","송치형 두나무 회장, 네이버 ‘경영 리더’ 되나&nbsp;&nbsp;조선일보",두나무,2025-09,"송치형 두나무 회장, 네이버 ‘경영 리더’ 되나 - 조선일보 송치형 두나무 회장, 네이버 ‘경영 리더’ 되나&nbsp;&nbsp;조선일보"
2025-09-25,"네이버·미래에셋 동맹, 두나무 편입으로 한 걸음더 - 스트레이트뉴스","네이버·미래에셋 동맹, 두나무 편입으로 한 걸음더&nbsp;&nbsp;스트레이트뉴스",두나무,2025-09,"네이버·미래에셋 동맹, 두나무 편입으로 한 걸음더 - 스트레이트뉴스 네이버·미래에셋 동맹, 두나무 편입으로 한 걸음더&nbsp;&nbsp;스트레이트뉴스"
2025-09-29,"[서울신문] 강형구 교수, 네이버-두나무 주식 교환 관해 코멘트 - 뉴스H","[서울신문] 강형구 교수, 네이버-두나무 주식 교환 관해 코멘트&nbsp;&nbsp;뉴스H",두나무,2025-09,"[서울신문] 강형구 교수, 네이버-두나무 주식 교환 관해 코멘트 - 뉴스H [서울신문] 강형구 교수, 네이버-두나무 주식 교환 관해 코멘트&nbsp;&nbsp;뉴스H"
2025-09-27,"두나무 품는 네이버, '국민주' 위상 되찾을까[종목현미경] - 뉴스1","두나무 품는 네이버, '국민주' 위상 되찾을까[종목현미경]&nbsp;&nbsp;뉴스1",두나무,2025-09,"두나무 품는 네이버, '국민주' 위상 되찾을까[종목현미경] - 뉴스1 두나무 품는 네이버, '국민주' 위상 되찾을까[종목현미경]&nbsp;&nbsp;뉴스1"
2025-09-25,“네이버가 업비트 품는다고?”…두나무 인수 소식에 7%대 급등 - 매일경제,“네이버가 업비트 품는다고?”…두나무 인수 소식에 7%대 급등&nbsp;&nbsp;매일경제,두나무,2025-09,“네이버가 업비트 품는다고?”…두나무 인수 소식에 7%대 급등 - 매일경제 “네이버가 업비트 품는다고?”…두나무 인수 소식에 7%대 급등&nbsp;&nbsp;매일경제
2025-09-25,"""네이버-두나무 빅딜"" 보도에 네이버 주가 '불기둥' - 한국경제","""네이버-두나무 빅딜"" 보도에 네이버 주가 '불기둥'&nbsp;&nbsp;한국경제",두나무,2025-09,"""네이버-두나무 빅딜"" 보도에 네이버 주가 '불기둥' - 한국경제 ""네이버-두나무 빅딜"" 보도에 네이버 주가 '불기둥'&nbsp;&nbsp;한국경제"
2025-09-26,"""두 달 물려있었는데""…네이버, '두나무 날개' 달고 날아오를까 - 뉴시스","""두 달 물려있었는데""…네이버, '두나무 날개' 달고 날아오를까&nbsp;&nbsp;뉴시스",두나무,2025-09,"""두 달 물려있었는데""…네이버, '두나무 날개' 달고 날아오를까 - 뉴시스 ""두 달 물려있었는데""…네이버, '두나무 날개' 달고 날아오를까&nbsp;&nbsp;뉴시스"
2025-09-30,"""큰 장이 열렸다""…'네이버·두나무' 전례없는 몸값 전쟁 - Naver Blog","""큰 장이 열렸다""…'네이버·두나무' 전례없는 몸값 전쟁&nbsp;&nbsp;Naver Blog",두나무,2025-09,"""큰 장이 열렸다""…'네이버·두나무' 전례없는 몸값 전쟁 - Naver Blog ""큰 장이 열렸다""…'네이버·두나무' 전례없는 몸값 전쟁&nbsp;&nbsp;Naver Blog"
2025-09-25,두나무 품으려는 네이버…글로벌 금융 게임체인저 꿈꾸나(종합) - 뉴시스,두나무 품으려는 네이버…글로벌 금융 게임체인저 꿈꾸나(종합)&nbsp;&nbsp;뉴시스,두나무,2025-09,두나무 품으려는 네이버…글로벌 금융 게임체인저 꿈꾸나(종합) - 뉴시스 두나무 품으려는 네이버…글로벌 금융 게임체인저 꿈꾸나(종합)&nbsp;&nbsp;뉴시스
2025-09-26,네이버·두나무 ‘빅딜’···가상자산 슈퍼앱 등장에 금융 지도 바뀔까 - 매일경제,네이버·두나무 ‘빅딜’···가상자산 슈퍼앱 등장에 금융 지도 바뀔까&nbsp;&nbsp;매일경제,두나무,2025-09,네이버·두나무 ‘빅딜’···가상자산 슈퍼앱 등장에 금융 지도 바뀔까 - 매일경제 네이버·두나무 ‘빅딜’···가상자산 슈퍼앱 등장에 금융 지도 바뀔까&nbsp;&nbsp;매일경제
2025-09-29,"두나무·네이버 합병 시나리오...""신규법인 통한 지분스왑"" - 디지털애셋","두나무·네이버 합병 시나리오...""신규법인 통한 지분스왑""&nbsp;&nbsp;디지털애셋",두나무,2025-09,"두나무·네이버 합병 시나리오...""신규법인 통한 지분스왑"" - 디지털애셋 두나무·네이버 합병 시나리오...""신규법인 통한 지분스왑""&nbsp;&nbsp;디지털애셋"
2025-09-29,네이버는 ‘성장동력’ 확보·두나무는 ‘규제 방패’ 얻어 - 뉴스톱,네이버는 ‘성장동력’ 확보·두나무는 ‘규제 방패’ 얻어&nbsp;&nbsp;뉴스톱,두나무,2025-09,네이버는 ‘성장동력’ 확보·두나무는 ‘규제 방패’ 얻어 - 뉴스톱 네이버는 ‘성장동력’ 확보·두나무는 ‘규제 방패’ 얻어&nbsp;&nbsp;뉴스톱
2025-09-30,합병법인 상장시 몸값 최소 40조… 두나무 주주설득이 관건[두나무 품는 네이버] - 파이낸셜뉴스,합병법인 상장시 몸값 최소 40조… 두나무 주주설득이 관건[두나무 품는 네이버]&nbsp;&nbsp;파이낸셜뉴스,두나무,2025-09,합병법인 상장시 몸값 최소 40조… 두나무 주주설득이 관건[두나무 품는 네이버] - 파이낸셜뉴스 합병법인 상장시 몸값 최소 40조… 두나무 주주설득이 관건[두나무 품는 네이버]&nbsp;&nbsp;파이낸셜뉴스
2025-09-25,"가상자산 ‘공룡앱’ 나온다…코인거래소 두나무, 최대 플랫폼 네이버 품으로 - 매일경제","가상자산 ‘공룡앱’ 나온다…코인거래소 두나무, 최대 플랫폼 네이버 품으로&nbsp;&nbsp;매일경제",두나무,2025-09,"가상자산 ‘공룡앱’ 나온다…코인거래소 두나무, 최대 플랫폼 네이버 품으로 - 매일경제 가상자산 ‘공룡앱’ 나온다…코인거래소 두나무, 최대 플랫폼 네이버 품으로&nbsp;&nbsp;매일경제"
2025-09-28,스테이블코인 노린 '두나무 편입' 네이버⋯이해진 승부수 띄웠다 [IT돋보기] - 아이뉴스24,스테이블코인 노린 '두나무 편입' 네이버⋯이해진 승부수 띄웠다 [IT돋보기]&nbsp;&nbsp;아이뉴스24,두나무,2025-09,스테이블코인 노린 '두나무 편입' 네이버⋯이해진 승부수 띄웠다 [IT돋보기] - 아이뉴스24 스테이블코인 노린 '두나무 편입' 네이버⋯이해진 승부수 띄웠다 [IT돋보기]&nbsp;&nbsp;아이뉴스24
2025-09-25,"네이버-두나무 주식교환 추진설에 “협력 방안 논의 중, 확정된 바 없다” - 조선비즈 - Chosunbiz","네이버-두나무 주식교환 추진설에 “협력 방안 논의 중, 확정된 바 없다” - 조선비즈&nbsp;&nbsp;Chosunbiz",두나무,2025-09,"네이버-두나무 주식교환 추진설에 “협력 방안 논의 중, 확정된 바 없다” - 조선비즈 - Chosunbiz 네이버-두나무 주식교환 추진설에 “협력 방안 논의 중, 확정된 바 없다” - 조선비즈&nbsp;&nbsp;Chosunbiz"
2025-09-26,"[N2 뷰] 네이버, 두나무 빅딜에 거래대금 1위…삼성전자마저 제쳤다 - 뉴스투데이","[N2 뷰] 네이버, 두나무 빅딜에 거래대금 1위…삼성전자마저 제쳤다&nbsp;&nbsp;뉴스투데이",두나무,2025-09,"[N2 뷰] 네이버, 두나무 빅딜에 거래대금 1위…삼성전자마저 제쳤다 - 뉴스투데이 [N2 뷰] 네이버, 두나무 빅딜에 거래대금 1위…삼성전자마저 제쳤다&nbsp;&nbsp;뉴스투데이"
2025-09-30,"비상장 두나무 주가, 나스닥 상장 전망에 3년5개월래 최고가 경신 - 뉴스퀘스트","비상장 두나무 주가, 나스닥 상장 전망에 3년5개월래 최고가 경신&nbsp;&nbsp;뉴스퀘스트",두나무,2025-09,"비상장 두나무 주가, 나스닥 상장 전망에 3년5개월래 최고가 경신 - 뉴스퀘스트 비상장 두나무 주가, 나스닥 상장 전망에 3년5개월래 최고가 경신&nbsp;&nbsp;뉴스퀘스트"
2025-09-29,"오경석 두나무 대표, 국감서 제재심 경위 묻는다 - 뉴스웨이","오경석 두나무 대표, 국감서 제재심 경위 묻는다&nbsp;&nbsp;뉴스웨이",두나무,2025-09,"오경석 두나무 대표, 국감서 제재심 경위 묻는다 - 뉴스웨이 오경석 두나무 대표, 국감서 제재심 경위 묻는다&nbsp;&nbsp;뉴스웨이"
2025-09-30,"네이버, '글로벌 최초' 가상자산 사업하는 플랫폼 되나 - v.daum.net","네이버, '글로벌 최초' 가상자산 사업하는 플랫폼 되나&nbsp;&nbsp;v.daum.net",두나무,2025-09,"네이버, '글로벌 최초' 가상자산 사업하는 플랫폼 되나 - v.daum.net 네이버, '글로벌 최초' 가상자산 사업하는 플랫폼 되나&nbsp;&nbsp;v.daum.net"
2025-09-25,"네이버, 업비트 운영 '두나무' 편입…스테이블코인 진출 - 네이트","네이버, 업비트 운영 '두나무' 편입…스테이블코인 진출&nbsp;&nbsp;네이트",두나무,2025-09,"네이버, 업비트 운영 '두나무' 편입…스테이블코인 진출 - 네이트 네이버, 업비트 운영 '두나무' 편입…스테이블코인 진출&nbsp;&nbsp;네이트"
2025-09-26,네이버 3대주주 되나…빅딜에 웃는 미래에셋 - 한국경제,네이버 3대주주 되나…빅딜에 웃는 미래에셋&nbsp;&nbsp;한국경제,두나무,2025-09,네이버 3대주주 되나…빅딜에 웃는 미래에셋 - 한국경제 네이버 3대주주 되나…빅딜에 웃는 미래에셋&nbsp;&nbsp;한국경제
2025-09-29,"네이버 주가, 급등세... 목표주가 32만원? - 금강일보","네이버 주가, 급등세... 목표주가 32만원?&nbsp;&nbsp;금강일보",두나무,2025-09,"네이버 주가, 급등세... 목표주가 32만원? - 금강일보 네이버 주가, 급등세... 목표주가 32만원?&nbsp;&nbsp;금강일보"
2025-09-29,"두나무 55.41%, 컬리 32.17% 끌어올린 ""네이버의 힘"" - 프리스탁뉴스","두나무 55.41%, 컬리 32.17% 끌어올린 ""네이버의 힘""&nbsp;&nbsp;프리스탁뉴스",두나무,2025-09,"두나무 55.41%, 컬리 32.17% 끌어올린 ""네이버의 힘"" - 프리스탁뉴스 두나무 55.41%, 컬리 32.17% 끌어올린 ""네이버의 힘""&nbsp;&nbsp;프리스탁뉴스"
2025-09-16,AI·로봇·자율주행 등 '신산업' 발목 잡는 '거미줄 규제' 걷어낸다 - 대한민국 정책브리핑,AI·로봇·자율주행 등 '신산업' 발목 잡는 '거미줄 규제' 걷어낸다&nbsp;&nbsp;대한민국 정책브리핑,로봇,2025-09,AI·로봇·자율주행 등 '신산업' 발목 잡는 '거미줄 규제' 걷어낸다 - 대한민국 정책브리핑 AI·로봇·자율주행 등 '신산업' 발목 잡는 '거미줄 규제' 걷어낸다&nbsp;&nbsp;대한민국 정책브리핑
2025-09-06,“직원 너무 많으면 언제 파업할지 몰라”…노조 목소리 커질수록 로봇주 각광 - 매일경제,“직원 너무 많으면 언제 파업할지 몰라”…노조 목소리 커질수록 로봇주 각광&nbsp;&nbsp;매일경제,로봇,2025-09,“직원 너무 많으면 언제 파업할지 몰라”…노조 목소리 커질수록 로봇주 각광 - 매일경제 “직원 너무 많으면 언제 파업할지 몰라”…노조 목소리 커질수록 로봇주 각광&nbsp;&nbsp;매일경제
2025-09-30,"“2035년 380억弗 시장 선점” 한국 대기업들, 휴머노이드 투자 러시 - 인더스트리뉴스","“2035년 380억弗 시장 선점” 한국 대기업들, 휴머노이드 투자 러시&nbsp;&nbsp;인더스트리뉴스",로봇,2025-09,"“2035년 380억弗 시장 선점” 한국 대기업들, 휴머노이드 투자 러시 - 인더스트리뉴스 “2035년 380억弗 시장 선점” 한국 대기업들, 휴머노이드 투자 러시&nbsp;&nbsp;인더스트리뉴스"
2025-09-15,"[특징주] 李대통령, 로봇 규제 정비한다는 소식에…로봇주 급등 - 조선비즈 - Chosunbiz","[특징주] 李대통령, 로봇 규제 정비한다는 소식에…로봇주 급등 - 조선비즈&nbsp;&nbsp;Chosunbiz",로봇,2025-09,"[특징주] 李대통령, 로봇 규제 정비한다는 소식에…로봇주 급등 - 조선비즈 - Chosunbiz [특징주] 李대통령, 로봇 규제 정비한다는 소식에…로봇주 급등 - 조선비즈&nbsp;&nbsp;Chosunbiz"
2025-09-15,"두산로보틱스, 이노베이션 센터 개소…로봇 R&D 역량 강화 - 연합뉴스","두산로보틱스, 이노베이션 센터 개소…로봇 R&amp;D 역량 강화&nbsp;&nbsp;연합뉴스",로봇,2025-09,"두산로보틱스, 이노베이션 센터 개소…로봇 R&D 역량 강화 - 연합뉴스 두산로보틱스, 이노베이션 센터 개소…로봇 R&amp;D 역량 강화&nbsp;&nbsp;연합뉴스"
2025-09-18,교육용 로봇 선도 로보로보 주가 불기둥... AI·메타버스로 미래 연다 - 핀포인트뉴스,교육용 로봇 선도 로보로보 주가 불기둥... AI·메타버스로 미래 연다&nbsp;&nbsp;핀포인트뉴스,로봇,2025-09,교육용 로봇 선도 로보로보 주가 불기둥... AI·메타버스로 미래 연다 - 핀포인트뉴스 교육용 로봇 선도 로보로보 주가 불기둥... AI·메타버스로 미래 연다&nbsp;&nbsp;핀포인트뉴스
2025-09-15,"일본 제조업 로봇시장, 2033년까지 4배 급성장 - 로봇신문","일본 제조업 로봇시장, 2033년까지 4배 급성장&nbsp;&nbsp;로봇신문",로봇,2025-09,"일본 제조업 로봇시장, 2033년까지 4배 급성장 - 로봇신문 일본 제조업 로봇시장, 2033년까지 4배 급성장&nbsp;&nbsp;로봇신문"
2025-09-23,"주가 급등의 주인공! 리치텍 로보틱스 (RR), 과연 다음 테슬라가 될 수 있을까? - 네이버 프리미엄콘텐츠","주가 급등의 주인공! 리치텍 로보틱스 (RR), 과연 다음 테슬라가 될 수 있을까?&nbsp;&nbsp;네이버 프리미엄콘텐츠",로봇,2025-09,"주가 급등의 주인공! 리치텍 로보틱스 (RR), 과연 다음 테슬라가 될 수 있을까? - 네이버 프리미엄콘텐츠 주가 급등의 주인공! 리치텍 로보틱스 (RR), 과연 다음 테슬라가 될 수 있을까?&nbsp;&nbsp;네이버 프리미엄콘텐츠"
2025-09-01,"로봇주 ‘케이엔알시스템’, 유상증자 ‘디에이치엑스컴퍼니’, 메르스 백신 특허 ‘크레오에스지’ 상한가 [뉴스톡 웰스톡] - 뉴스웰","로봇주 ‘케이엔알시스템’, 유상증자 ‘디에이치엑스컴퍼니’, 메르스 백신 특허 ‘크레오에스지’ 상한가 [뉴스톡 웰스톡]&nbsp;&nbsp;뉴스웰",로봇,2025-09,"로봇주 ‘케이엔알시스템’, 유상증자 ‘디에이치엑스컴퍼니’, 메르스 백신 특허 ‘크레오에스지’ 상한가 [뉴스톡 웰스톡] - 뉴스웰 로봇주 ‘케이엔알시스템’, 유상증자 ‘디에이치엑스컴퍼니’, 메르스 백신 특허 ‘크레오에스지’ 상한가 [뉴스톡 웰스톡]&nbsp;&nbsp;뉴스웰"
2025-09-01,"라온테크, 반도체 진공 로봇 ‘中반도체 1위 최대 장비 기업’ 나우라 퀄 통과 - 파이낸셜뉴스","라온테크, 반도체 진공 로봇 ‘中반도체 1위 최대 장비 기업’ 나우라 퀄 통과&nbsp;&nbsp;파이낸셜뉴스",로봇,2025-09,"라온테크, 반도체 진공 로봇 ‘中반도체 1위 최대 장비 기업’ 나우라 퀄 통과 - 파이낸셜뉴스 라온테크, 반도체 진공 로봇 ‘中반도체 1위 최대 장비 기업’ 나우라 퀄 통과&nbsp;&nbsp;파이낸셜뉴스"
2025-09-16,레인보우로보틱스·엔젤로보틱스…KAIST에 로봇 창업 붐 - 연합뉴스,레인보우로보틱스·엔젤로보틱스…KAIST에 로봇 창업 붐&nbsp;&nbsp;연합뉴스,로봇,2025-09,레인보우로보틱스·엔젤로보틱스…KAIST에 로봇 창업 붐 - 연합뉴스 레인보우로보틱스·엔젤로보틱스…KAIST에 로봇 창업 붐&nbsp;&nbsp;연합뉴스
2025-09-17,"LG, 美 AI로봇 스타트업 피규어AI에 추가투자…'ABC 전략' 가속 - 연합뉴스","LG, 美 AI로봇 스타트업 피규어AI에 추가투자…'ABC 전략' 가속&nbsp;&nbsp;연합뉴스",로봇,2025-09,"LG, 美 AI로봇 스타트업 피규어AI에 추가투자…'ABC 전략' 가속 - 연합뉴스 LG, 美 AI로봇 스타트업 피규어AI에 추가투자…'ABC 전략' 가속&nbsp;&nbsp;연합뉴스"
2025-09-24,"한국로봇산업진흥원, 국내 첫 휴머노이드 실증작업 착수 - 연합뉴스","한국로봇산업진흥원, 국내 첫 휴머노이드 실증작업 착수&nbsp;&nbsp;연합뉴스",로봇,2025-09,"한국로봇산업진흥원, 국내 첫 휴머노이드 실증작업 착수 - 연합뉴스 한국로봇산업진흥원, 국내 첫 휴머노이드 실증작업 착수&nbsp;&nbsp;연합뉴스"
2025-09-25,"CJ대한통운, 로보티즈 'AI 휴머노이드 로봇' 현장 실증 - 연합뉴스","CJ대한통운, 로보티즈 'AI 휴머노이드 로봇' 현장 실증&nbsp;&nbsp;연합뉴스",로봇,2025-09,"CJ대한통운, 로보티즈 'AI 휴머노이드 로봇' 현장 실증 - 연합뉴스 CJ대한통운, 로보티즈 'AI 휴머노이드 로봇' 현장 실증&nbsp;&nbsp;연합뉴스"
2025-09-13,"[AI돋보기] 외로움 달래는 AI 반려 로봇, 새로운 가족인가 - 연합뉴스","[AI돋보기] 외로움 달래는 AI 반려 로봇, 새로운 가족인가&nbsp;&nbsp;연합뉴스",로봇,2025-09,"[AI돋보기] 외로움 달래는 AI 반려 로봇, 새로운 가족인가 - 연합뉴스 [AI돋보기] 외로움 달래는 AI 반려 로봇, 새로운 가족인가&nbsp;&nbsp;연합뉴스"
2025-09-22,"LG화학, 로봇 자동화 실험실 구축…""화학업계 최초"" - 연합뉴스","LG화학, 로봇 자동화 실험실 구축…""화학업계 최초""&nbsp;&nbsp;연합뉴스",로봇,2025-09,"LG화학, 로봇 자동화 실험실 구축…""화학업계 최초"" - 연합뉴스 LG화학, 로봇 자동화 실험실 구축…""화학업계 최초""&nbsp;&nbsp;연합뉴스"
2025-09-03,"머스크 ""향후 옵티머스 로봇이 테슬라 가치의 80% 차지할것"" - 연합뉴스","머스크 ""향후 옵티머스 로봇이 테슬라 가치의 80% 차지할것""&nbsp;&nbsp;연합뉴스",로봇,2025-09,"머스크 ""향후 옵티머스 로봇이 테슬라 가치의 80% 차지할것"" - 연합뉴스 머스크 ""향후 옵티머스 로봇이 테슬라 가치의 80% 차지할것""&nbsp;&nbsp;연합뉴스"
2025-09-04,에버랜드 테마파크 퍼레이드에 '보행 로봇' 단원으로 출연 - 연합뉴스,에버랜드 테마파크 퍼레이드에 '보행 로봇' 단원으로 출연&nbsp;&nbsp;연합뉴스,로봇,2025-09,에버랜드 테마파크 퍼레이드에 '보행 로봇' 단원으로 출연 - 연합뉴스 에버랜드 테마파크 퍼레이드에 '보행 로봇' 단원으로 출연&nbsp;&nbsp;연합뉴스
2025-09-17,AI 로봇이 그려주는 초상화 - 연합뉴스,AI 로봇이 그려주는 초상화&nbsp;&nbsp;연합뉴스,로봇,2025-09,AI 로봇이 그려주는 초상화 - 연합뉴스 AI 로봇이 그려주는 초상화&nbsp;&nbsp;연합뉴스
2025-09-03,"삼성물산, 소가구 노인 돌봄 AI 로봇 서비스 실증 개시 - 연합뉴스","삼성물산, 소가구 노인 돌봄 AI 로봇 서비스 실증 개시&nbsp;&nbsp;연합뉴스",로봇,2025-09,"삼성물산, 소가구 노인 돌봄 AI 로봇 서비스 실증 개시 - 연합뉴스 삼성물산, 소가구 노인 돌봄 AI 로봇 서비스 실증 개시&nbsp;&nbsp;연합뉴스"
2025-09-16,"""집 팔아 만든 로봇이…"" 올해만 주가 122% 폭등한 회사 [조아라의 차이나스톡] - 한국경제","""집 팔아 만든 로봇이…"" 올해만 주가 122% 폭등한 회사 [조아라의 차이나스톡]&nbsp;&nbsp;한국경제",로봇,2025-09,"""집 팔아 만든 로봇이…"" 올해만 주가 122% 폭등한 회사 [조아라의 차이나스톡] - 한국경제 ""집 팔아 만든 로봇이…"" 올해만 주가 122% 폭등한 회사 [조아라의 차이나스톡]&nbsp;&nbsp;한국경제"
2025-09-15,"로보스타, 글로벌 산업자동화 수요 급증에 성장 기대감 고조 - 한국경제","로보스타, 글로벌 산업자동화 수요 급증에 성장 기대감 고조&nbsp;&nbsp;한국경제",로봇,2025-09,"로보스타, 글로벌 산업자동화 수요 급증에 성장 기대감 고조 - 한국경제 로보스타, 글로벌 산업자동화 수요 급증에 성장 기대감 고조&nbsp;&nbsp;한국경제"
2025-09-03,휴머노이드 로봇과 주사위 놀이 - 연합뉴스,휴머노이드 로봇과 주사위 놀이&nbsp;&nbsp;연합뉴스,로봇,2025-09,휴머노이드 로봇과 주사위 놀이 - 연합뉴스 휴머노이드 로봇과 주사위 놀이&nbsp;&nbsp;연합뉴스
2025-09-30,사과 따는 로봇 - 연합뉴스,사과 따는 로봇&nbsp;&nbsp;연합뉴스,로봇,2025-09,사과 따는 로봇 - 연합뉴스 사과 따는 로봇&nbsp;&nbsp;연합뉴스
2025-09-30,"[제천소식] 경찰, 중앙시장에 AI 순찰로봇 투입 - 연합뉴스","[제천소식] 경찰, 중앙시장에 AI 순찰로봇 투입&nbsp;&nbsp;연합뉴스",로봇,2025-09,"[제천소식] 경찰, 중앙시장에 AI 순찰로봇 투입 - 연합뉴스 [제천소식] 경찰, 중앙시장에 AI 순찰로봇 투입&nbsp;&nbsp;연합뉴스"
2025-09-30,"경북대, 캠퍼스 순찰에 AI 로봇 투입 - 연합뉴스","경북대, 캠퍼스 순찰에 AI 로봇 투입&nbsp;&nbsp;연합뉴스",로봇,2025-09,"경북대, 캠퍼스 순찰에 AI 로봇 투입 - 연합뉴스 경북대, 캠퍼스 순찰에 AI 로봇 투입&nbsp;&nbsp;연합뉴스"
2025-09-09,로봇과 함께하는 퍼레이드 - 연합뉴스,로봇과 함께하는 퍼레이드&nbsp;&nbsp;연합뉴스,로봇,2025-09,로봇과 함께하는 퍼레이드 - 연합뉴스 로봇과 함께하는 퍼레이드&nbsp;&nbsp;연합뉴스
2025-09-01,"""일부 로봇청소기 보안취약…카메라 켜고 집내부 노출위험도"" - 연합뉴스","""일부 로봇청소기 보안취약…카메라 켜고 집내부 노출위험도""&nbsp;&nbsp;연합뉴스",로봇,2025-09,"""일부 로봇청소기 보안취약…카메라 켜고 집내부 노출위험도"" - 연합뉴스 ""일부 로봇청소기 보안취약…카메라 켜고 집내부 노출위험도""&nbsp;&nbsp;연합뉴스"
2025-09-03,"LG CNS, 실리콘밸리에 AI·로봇 연구기지 만든다 - 한국경제","LG CNS, 실리콘밸리에 AI·로봇 연구기지 만든다&nbsp;&nbsp;한국경제",로봇,2025-09,"LG CNS, 실리콘밸리에 AI·로봇 연구기지 만든다 - 한국경제 LG CNS, 실리콘밸리에 AI·로봇 연구기지 만든다&nbsp;&nbsp;한국경제"
2025-09-01,"""삼성전기, AI·자율주행·휴머노이드 분야에서 경쟁력 확대""-대신 - 한국경제","""삼성전기, AI·자율주행·휴머노이드 분야에서 경쟁력 확대""-대신&nbsp;&nbsp;한국경제",로봇,2025-09,"""삼성전기, AI·자율주행·휴머노이드 분야에서 경쟁력 확대""-대신 - 한국경제 ""삼성전기, AI·자율주행·휴머노이드 분야에서 경쟁력 확대""-대신&nbsp;&nbsp;한국경제"
2025-09-03,"中 유니트리 로보틱스, 올해 4분기 IPO 신청 예정 - AI 매터스","中 유니트리 로보틱스, 올해 4분기 IPO 신청 예정&nbsp;&nbsp;AI 매터스",로봇,2025-09,"中 유니트리 로보틱스, 올해 4분기 IPO 신청 예정 - AI 매터스 中 유니트리 로보틱스, 올해 4분기 IPO 신청 예정&nbsp;&nbsp;AI 매터스"
2025-09-09,"생기원, 1.1㎏ 무릎 보조로봇 개발…""세계 최경량"" - 연합뉴스","생기원, 1.1㎏ 무릎 보조로봇 개발…""세계 최경량""&nbsp;&nbsp;연합뉴스",로봇,2025-09,"생기원, 1.1㎏ 무릎 보조로봇 개발…""세계 최경량"" - 연합뉴스 생기원, 1.1㎏ 무릎 보조로봇 개발…""세계 최경량""&nbsp;&nbsp;연합뉴스"
2025-09-09,"""부산항을 AI·로봇 기반의 차세대 스마트항만으로"" - 연합뉴스","""부산항을 AI·로봇 기반의 차세대 스마트항만으로""&nbsp;&nbsp;연합뉴스",로봇,2025-09,"""부산항을 AI·로봇 기반의 차세대 스마트항만으로"" - 연합뉴스 ""부산항을 AI·로봇 기반의 차세대 스마트항만으로""&nbsp;&nbsp;연합뉴스"
2025-09-26,100억 매출 배민 로봇도 못 버텼다…中에 종속된 로봇산업 민낯 - 한국경제,100억 매출 배민 로봇도 못 버텼다…中에 종속된 로봇산업 민낯&nbsp;&nbsp;한국경제,로봇,2025-09,100억 매출 배민 로봇도 못 버텼다…中에 종속된 로봇산업 민낯 - 한국경제 100억 매출 배민 로봇도 못 버텼다…中에 종속된 로봇산업 민낯&nbsp;&nbsp;한국경제
2025-09-05,"'로봇주' 티엑스알로보틱스 주가, 웃음꽃 활짝 - 금강일보","'로봇주' 티엑스알로보틱스 주가, 웃음꽃 활짝&nbsp;&nbsp;금강일보",로봇,2025-09,"'로봇주' 티엑스알로보틱스 주가, 웃음꽃 활짝 - 금강일보 '로봇주' 티엑스알로보틱스 주가, 웃음꽃 활짝&nbsp;&nbsp;금강일보"
2025-09-05,"中 ""기술"" vs 韓 ""보안""…IFA서 로봇청소기 각축전 - 연합뉴스","中 ""기술"" vs 韓 ""보안""…IFA서 로봇청소기 각축전&nbsp;&nbsp;연합뉴스",로봇,2025-09,"中 ""기술"" vs 韓 ""보안""…IFA서 로봇청소기 각축전 - 연합뉴스 中 ""기술"" vs 韓 ""보안""…IFA서 로봇청소기 각축전&nbsp;&nbsp;연합뉴스"
2025-09-02,칭화대의 '최소 10년 투자' 원칙…스타트업 2000개 키워냈다 - 한국경제,칭화대의 '최소 10년 투자' 원칙…스타트업 2000개 키워냈다&nbsp;&nbsp;한국경제,로봇,2025-09,칭화대의 '최소 10년 투자' 원칙…스타트업 2000개 키워냈다 - 한국경제 칭화대의 '최소 10년 투자' 원칙…스타트업 2000개 키워냈다&nbsp;&nbsp;한국경제
2025-09-20,"“전기차 벌써 끝물인가”…발등에 불 떨어진 테슬라, 이 사업에 올인한다는데 [박민기의 월드버스] - v.daum.net","“전기차 벌써 끝물인가”…발등에 불 떨어진 테슬라, 이 사업에 올인한다는데 [박민기의 월드버스]&nbsp;&nbsp;v.daum.net",로봇,2025-09,"“전기차 벌써 끝물인가”…발등에 불 떨어진 테슬라, 이 사업에 올인한다는데 [박민기의 월드버스] - v.daum.net “전기차 벌써 끝물인가”…발등에 불 떨어진 테슬라, 이 사업에 올인한다는데 [박민기의 월드버스]&nbsp;&nbsp;v.daum.net"
2025-09-11,09화 레인보우로보틱스 삼성로보틱스로 사명 바뀌나 - 브런치,09화 레인보우로보틱스 삼성로보틱스로 사명 바뀌나&nbsp;&nbsp;브런치,로봇,2025-09,09화 레인보우로보틱스 삼성로보틱스로 사명 바뀌나 - 브런치 09화 레인보우로보틱스 삼성로보틱스로 사명 바뀌나&nbsp;&nbsp;브런치
2025-09-03,"차원 다른 '피지컬 AI' 대기업도 뛰어든다…""일자리 뺏네"" 거부감은 숙제 - 머니투데이 - 머니투데이","차원 다른 '피지컬 AI' 대기업도 뛰어든다…""일자리 뺏네"" 거부감은 숙제 - 머니투데이&nbsp;&nbsp;머니투데이",로봇,2025-09,"차원 다른 '피지컬 AI' 대기업도 뛰어든다…""일자리 뺏네"" 거부감은 숙제 - 머니투데이 - 머니투데이 차원 다른 '피지컬 AI' 대기업도 뛰어든다…""일자리 뺏네"" 거부감은 숙제 - 머니투데이&nbsp;&nbsp;머니투데이"
2025-09-17,"휴머노이드 로봇 상용화 '첫발'…韓부품업계, 불확실성 속 도전 - 네이트","휴머노이드 로봇 상용화 '첫발'…韓부품업계, 불확실성 속 도전&nbsp;&nbsp;네이트",로봇,2025-09,"휴머노이드 로봇 상용화 '첫발'…韓부품업계, 불확실성 속 도전 - 네이트 휴머노이드 로봇 상용화 '첫발'…韓부품업계, 불확실성 속 도전&nbsp;&nbsp;네이트"
2025-09-30,"삼성전자 로봇 자회사, 내년 산업용 휴머노이드 로봇 출시 - 네이트","삼성전자 로봇 자회사, 내년 산업용 휴머노이드 로봇 출시&nbsp;&nbsp;네이트",로봇,2025-09,"삼성전자 로봇 자회사, 내년 산업용 휴머노이드 로봇 출시 - 네이트 삼성전자 로봇 자회사, 내년 산업용 휴머노이드 로봇 출시&nbsp;&nbsp;네이트"
2025-09-08,"로봇개 GRC 발목 잡힌 LIG넥스원, 美 시장 '첩첩산중' - 뉴스웨이","로봇개 GRC 발목 잡힌 LIG넥스원, 美 시장 '첩첩산중'&nbsp;&nbsp;뉴스웨이",로봇,2025-09,"로봇개 GRC 발목 잡힌 LIG넥스원, 美 시장 '첩첩산중' - 뉴스웨이 로봇개 GRC 발목 잡힌 LIG넥스원, 美 시장 '첩첩산중'&nbsp;&nbsp;뉴스웨이"
2025-09-09,"오픈도어, '2025년판 게임스탑' 되나…'밈 주식'에 몰려드는 투자자들 - 연합인포맥스","오픈도어, '2025년판 게임스탑' 되나…'밈 주식'에 몰려드는 투자자들&nbsp;&nbsp;연합인포맥스",게임,2025-09,"오픈도어, '2025년판 게임스탑' 되나…'밈 주식'에 몰려드는 투자자들 - 연합인포맥스 오픈도어, '2025년판 게임스탑' 되나…'밈 주식'에 몰려드는 투자자들&nbsp;&nbsp;연합인포맥스"
2025-09-24,"국내 게임사, 도쿄게임쇼 총출동…'지스타급' 위상 - 연합뉴스","국내 게임사, 도쿄게임쇼 총출동…'지스타급' 위상&nbsp;&nbsp;연합뉴스",게임,2025-09,"국내 게임사, 도쿄게임쇼 총출동…'지스타급' 위상 - 연합뉴스 국내 게임사, 도쿄게임쇼 총출동…'지스타급' 위상&nbsp;&nbsp;연합뉴스"
2025-09-02,뉴스 검색부터 게임까지…더 진화한 '한경 AI콘텐츠' - 한국경제,뉴스 검색부터 게임까지…더 진화한 '한경 AI콘텐츠'&nbsp;&nbsp;한국경제,게임,2025-09,뉴스 검색부터 게임까지…더 진화한 '한경 AI콘텐츠' - 한국경제 뉴스 검색부터 게임까지…더 진화한 '한경 AI콘텐츠'&nbsp;&nbsp;한국경제
2025-09-24,"BTQ테크놀로지, 26일 나스닥 상장…“양자 보안 글로벌 게임 체인저로 도약” - 테크월드","BTQ테크놀로지, 26일 나스닥 상장…“양자 보안 글로벌 게임 체인저로 도약”&nbsp;&nbsp;테크월드",게임,2025-09,"BTQ테크놀로지, 26일 나스닥 상장…“양자 보안 글로벌 게임 체인저로 도약” - 테크월드 BTQ테크놀로지, 26일 나스닥 상장…“양자 보안 글로벌 게임 체인저로 도약”&nbsp;&nbsp;테크월드"
2025-09-25,두나무 품으려는 네이버…글로벌 금융 게임체인저 꿈꾸나(종합) - 뉴시스,두나무 품으려는 네이버…글로벌 금융 게임체인저 꿈꾸나(종합)&nbsp;&nbsp;뉴시스,게임,2025-09,두나무 품으려는 네이버…글로벌 금융 게임체인저 꿈꾸나(종합) - 뉴시스 두나무 품으려는 네이버…글로벌 금융 게임체인저 꿈꾸나(종합)&nbsp;&nbsp;뉴시스
2025-09-24,"넥슨게임즈, 자사주 매입에도 주가 '잠잠'…반영 시점은 언제 - 연합인포맥스","넥슨게임즈, 자사주 매입에도 주가 '잠잠'…반영 시점은 언제&nbsp;&nbsp;연합인포맥스",게임,2025-09,"넥슨게임즈, 자사주 매입에도 주가 '잠잠'…반영 시점은 언제 - 연합인포맥스 넥슨게임즈, 자사주 매입에도 주가 '잠잠'…반영 시점은 언제&nbsp;&nbsp;연합인포맥스"
2025-09-30,네이버·넥슨 전격 협력…일상과 게임 잇는다 - 연합뉴스,네이버·넥슨 전격 협력…일상과 게임 잇는다&nbsp;&nbsp;연합뉴스,게임,2025-09,네이버·넥슨 전격 협력…일상과 게임 잇는다 - 연합뉴스 네이버·넥슨 전격 협력…일상과 게임 잇는다&nbsp;&nbsp;연합뉴스
2025-09-20,"""76% 폭등"" 무섭게 오른다…개미들 '환호성' 터진 종목 [윤현주의 主食이 주식] - 한국경제","""76% 폭등"" 무섭게 오른다…개미들 '환호성' 터진 종목 [윤현주의 主食이 주식]&nbsp;&nbsp;한국경제",게임,2025-09,"""76% 폭등"" 무섭게 오른다…개미들 '환호성' 터진 종목 [윤현주의 主食이 주식] - 한국경제 ""76% 폭등"" 무섭게 오른다…개미들 '환호성' 터진 종목 [윤현주의 主食이 주식]&nbsp;&nbsp;한국경제"
2025-09-22,"밈 주식 된 '오픈도어'에 ""목표주가 82달러는 비현실적"" - 연합인포맥스","밈 주식 된 '오픈도어'에 ""목표주가 82달러는 비현실적""&nbsp;&nbsp;연합인포맥스",게임,2025-09,"밈 주식 된 '오픈도어'에 ""목표주가 82달러는 비현실적"" - 연합인포맥스 밈 주식 된 '오픈도어'에 ""목표주가 82달러는 비현실적""&nbsp;&nbsp;연합인포맥스"
2025-09-02,"K-게임, 도쿄게임쇼 출격…일본 공략 가속 - 연합뉴스","K-게임, 도쿄게임쇼 출격…일본 공략 가속&nbsp;&nbsp;연합뉴스",게임,2025-09,"K-게임, 도쿄게임쇼 출격…일본 공략 가속 - 연합뉴스 K-게임, 도쿄게임쇼 출격…일본 공략 가속&nbsp;&nbsp;연합뉴스"
2025-09-04,늙어 가는 K게임 '중년의 산업' 됐다 - 한국경제,늙어 가는 K게임 '중년의 산업' 됐다&nbsp;&nbsp;한국경제,게임,2025-09,늙어 가는 K게임 '중년의 산업' 됐다 - 한국경제 늙어 가는 K게임 '중년의 산업' 됐다&nbsp;&nbsp;한국경제
2025-09-26,"[AI픽] 넷이즈 '역수한' 제작진 ""게임 AI 전담 인력만 수백명 달해"" - 연합뉴스","[AI픽] 넷이즈 '역수한' 제작진 ""게임 AI 전담 인력만 수백명 달해""&nbsp;&nbsp;연합뉴스",게임,2025-09,"[AI픽] 넷이즈 '역수한' 제작진 ""게임 AI 전담 인력만 수백명 달해"" - 연합뉴스 [AI픽] 넷이즈 '역수한' 제작진 ""게임 AI 전담 인력만 수백명 달해""&nbsp;&nbsp;연합뉴스"
2025-09-24,"모비게임즈, 방치형 RPG '회오리 키우기' 사전 예약 - 연합뉴스","모비게임즈, 방치형 RPG '회오리 키우기' 사전 예약&nbsp;&nbsp;연합뉴스",게임,2025-09,"모비게임즈, 방치형 RPG '회오리 키우기' 사전 예약 - 연합뉴스 모비게임즈, 방치형 RPG '회오리 키우기' 사전 예약&nbsp;&nbsp;연합뉴스"
2025-09-05,광화문으로 온 게임문화축제…체험형 이벤트 '한가득' - 연합뉴스,광화문으로 온 게임문화축제…체험형 이벤트 '한가득'&nbsp;&nbsp;연합뉴스,게임,2025-09,광화문으로 온 게임문화축제…체험형 이벤트 '한가득' - 연합뉴스 광화문으로 온 게임문화축제…체험형 이벤트 '한가득'&nbsp;&nbsp;연합뉴스
2025-09-13,"[게임위드인] 콘솔 게임, 왜 갈수록 이렇게 어려워질까 - 연합뉴스","[게임위드인] 콘솔 게임, 왜 갈수록 이렇게 어려워질까&nbsp;&nbsp;연합뉴스",게임,2025-09,"[게임위드인] 콘솔 게임, 왜 갈수록 이렇게 어려워질까 - 연합뉴스 [게임위드인] 콘솔 게임, 왜 갈수록 이렇게 어려워질까&nbsp;&nbsp;연합뉴스"
2025-09-03,"'케이팝 데몬 헌터스', '오징어게임' 제쳤다…넷플릭스 역대 1위 - 연합뉴스","'케이팝 데몬 헌터스', '오징어게임' 제쳤다…넷플릭스 역대 1위&nbsp;&nbsp;연합뉴스",게임,2025-09,"'케이팝 데몬 헌터스', '오징어게임' 제쳤다…넷플릭스 역대 1위 - 연합뉴스 '케이팝 데몬 헌터스', '오징어게임' 제쳤다…넷플릭스 역대 1위&nbsp;&nbsp;연합뉴스"
2025-09-01,"與, '컴플리트 가챠 금지법' 발의…게임사 확률조작 막는다 - 연합뉴스","與, '컴플리트 가챠 금지법' 발의…게임사 확률조작 막는다&nbsp;&nbsp;연합뉴스",게임,2025-09,"與, '컴플리트 가챠 금지법' 발의…게임사 확률조작 막는다 - 연합뉴스 與, '컴플리트 가챠 금지법' 발의…게임사 확률조작 막는다&nbsp;&nbsp;연합뉴스"
2025-09-08,"조이시티, 도쿄게임쇼서 '바이오하자드 서바이벌 유닛' 시연 - 연합뉴스","조이시티, 도쿄게임쇼서 '바이오하자드 서바이벌 유닛' 시연&nbsp;&nbsp;연합뉴스",게임,2025-09,"조이시티, 도쿄게임쇼서 '바이오하자드 서바이벌 유닛' 시연 - 연합뉴스 조이시티, 도쿄게임쇼서 '바이오하자드 서바이벌 유닛' 시연&nbsp;&nbsp;연합뉴스"
2025-09-25,도쿄게임쇼에 힘주는 스마일게이트…권혁빈 CVO도 방문 - 연합뉴스,도쿄게임쇼에 힘주는 스마일게이트…권혁빈 CVO도 방문&nbsp;&nbsp;연합뉴스,게임,2025-09,도쿄게임쇼에 힘주는 스마일게이트…권혁빈 CVO도 방문 - 연합뉴스 도쿄게임쇼에 힘주는 스마일게이트…권혁빈 CVO도 방문&nbsp;&nbsp;연합뉴스
2025-09-25,"[인터뷰] 넷마블 '칠대죄 오리진' 제작진 ""게임성 자신 있다"" - 연합뉴스","[인터뷰] 넷마블 '칠대죄 오리진' 제작진 ""게임성 자신 있다""&nbsp;&nbsp;연합뉴스",게임,2025-09,"[인터뷰] 넷마블 '칠대죄 오리진' 제작진 ""게임성 자신 있다"" - 연합뉴스 [인터뷰] 넷마블 '칠대죄 오리진' 제작진 ""게임성 자신 있다""&nbsp;&nbsp;연합뉴스"
2025-09-10,"레딧(RDDT), AI와 소셜미디어의 미래를 잡다! 주가 전망은? - 네이버 프리미엄콘텐츠","레딧(RDDT), AI와 소셜미디어의 미래를 잡다! 주가 전망은?&nbsp;&nbsp;네이버 프리미엄콘텐츠",게임,2025-09,"레딧(RDDT), AI와 소셜미디어의 미래를 잡다! 주가 전망은? - 네이버 프리미엄콘텐츠 레딧(RDDT), AI와 소셜미디어의 미래를 잡다! 주가 전망은?&nbsp;&nbsp;네이버 프리미엄콘텐츠"
2025-09-08,'컴플리트 가챠' 금지법 발의…게임 이용자 숙원 해결 '시동' - 뉴스1,'컴플리트 가챠' 금지법 발의…게임 이용자 숙원 해결 '시동'&nbsp;&nbsp;뉴스1,게임,2025-09,'컴플리트 가챠' 금지법 발의…게임 이용자 숙원 해결 '시동' - 뉴스1 '컴플리트 가챠' 금지법 발의…게임 이용자 숙원 해결 '시동'&nbsp;&nbsp;뉴스1
2025-09-17,한국 인디게임 '킬라' 도쿄게임쇼 부스 출전 - 연합뉴스,한국 인디게임 '킬라' 도쿄게임쇼 부스 출전&nbsp;&nbsp;연합뉴스,게임,2025-09,한국 인디게임 '킬라' 도쿄게임쇼 부스 출전 - 연합뉴스 한국 인디게임 '킬라' 도쿄게임쇼 부스 출전&nbsp;&nbsp;연합뉴스
2025-09-24,RGG 스튜디오 ‘용과 같이3’ 리메이크 공개... 내년 출시 - 경향게임스,RGG 스튜디오 ‘용과 같이3’ 리메이크 공개... 내년 출시&nbsp;&nbsp;경향게임스,게임,2025-09,RGG 스튜디오 ‘용과 같이3’ 리메이크 공개... 내년 출시 - 경향게임스 RGG 스튜디오 ‘용과 같이3’ 리메이크 공개... 내년 출시&nbsp;&nbsp;경향게임스
2025-09-30,"[게임스냅] 다이렉트게임즈, 가을맞이 프로모션 행사 - 연합뉴스","[게임스냅] 다이렉트게임즈, 가을맞이 프로모션 행사&nbsp;&nbsp;연합뉴스",게임,2025-09,"[게임스냅] 다이렉트게임즈, 가을맞이 프로모션 행사 - 연합뉴스 [게임스냅] 다이렉트게임즈, 가을맞이 프로모션 행사&nbsp;&nbsp;연합뉴스"
2025-09-20,"포켓몬 카드, S&P500·메타 눌렀다…20년간 3821% 급등 - 네이트","포켓몬 카드, S&amp;P500·메타 눌렀다…20년간 3821% 급등&nbsp;&nbsp;네이트",게임,2025-09,"포켓몬 카드, S&P500·메타 눌렀다…20년간 3821% 급등 - 네이트 포켓몬 카드, S&amp;P500·메타 눌렀다…20년간 3821% 급등&nbsp;&nbsp;네이트"
2025-09-23,"어반 오픈월드 RPG ‘무한대’, 게임 세부 정보 공개 - 경향게임스","어반 오픈월드 RPG ‘무한대’, 게임 세부 정보 공개&nbsp;&nbsp;경향게임스",게임,2025-09,"어반 오픈월드 RPG ‘무한대’, 게임 세부 정보 공개 - 경향게임스 어반 오픈월드 RPG ‘무한대’, 게임 세부 정보 공개&nbsp;&nbsp;경향게임스"
2025-09-29,"금융 떼낸 소니, '엔터테인먼트 종합상사'로 변신 - 한국경제","금융 떼낸 소니, '엔터테인먼트 종합상사'로 변신&nbsp;&nbsp;한국경제",게임,2025-09,"금융 떼낸 소니, '엔터테인먼트 종합상사'로 변신 - 한국경제 금융 떼낸 소니, '엔터테인먼트 종합상사'로 변신&nbsp;&nbsp;한국경제"
2025-09-09,"엠게임, 60여 게임 품은 포털 홈페이지 변신 - 게임와이","엠게임, 60여 게임 품은 포털 홈페이지 변신&nbsp;&nbsp;게임와이",게임,2025-09,"엠게임, 60여 게임 품은 포털 홈페이지 변신 - 게임와이 엠게임, 60여 게임 품은 포털 홈페이지 변신&nbsp;&nbsp;게임와이"
2025-09-25,"코나미, 호러 시리즈 신작 ‘사일런트 힐 f’ 정식 출시 - 경향게임스","코나미, 호러 시리즈 신작 ‘사일런트 힐 f’ 정식 출시&nbsp;&nbsp;경향게임스",게임,2025-09,"코나미, 호러 시리즈 신작 ‘사일런트 힐 f’ 정식 출시 - 경향게임스 코나미, 호러 시리즈 신작 ‘사일런트 힐 f’ 정식 출시&nbsp;&nbsp;경향게임스"
2025-09-01,"[뉴스줌인] 펄어비스 허진영 대표, 신작 4년째 지연에 '양치기 소년' 전락...""얼마나 완벽한 게임을 내놓으려고"" - 데일리팝","[뉴스줌인] 펄어비스 허진영 대표, 신작 4년째 지연에 '양치기 소년' 전락...""얼마나 완벽한 게임을 내놓으려고""&nbsp;&nbsp;데일리팝",게임,2025-09,"[뉴스줌인] 펄어비스 허진영 대표, 신작 4년째 지연에 '양치기 소년' 전락...""얼마나 완벽한 게임을 내놓으려고"" - 데일리팝 [뉴스줌인] 펄어비스 허진영 대표, 신작 4년째 지연에 '양치기 소년' 전락...""얼마나 완벽한 게임을 내놓으려고""&nbsp;&nbsp;데일리팝"
2025-09-12,"[카드뉴스] '게임도 K-POP 시대' 지드래곤 X 배틀그라운드, 전장은 무대가 되고 아티스트는 플레이한다 - 테크M","[카드뉴스] '게임도 K-POP 시대' 지드래곤 X 배틀그라운드, 전장은 무대가 되고 아티스트는 플레이한다&nbsp;&nbsp;테크M",게임,2025-09,"[카드뉴스] '게임도 K-POP 시대' 지드래곤 X 배틀그라운드, 전장은 무대가 되고 아티스트는 플레이한다 - 테크M [카드뉴스] '게임도 K-POP 시대' 지드래곤 X 배틀그라운드, 전장은 무대가 되고 아티스트는 플레이한다&nbsp;&nbsp;테크M"
2025-09-12,"‘슬레이 더 스파이어 2’, 2026년 3월로 연기 - 경향게임스","‘슬레이 더 스파이어 2’, 2026년 3월로 연기&nbsp;&nbsp;경향게임스",게임,2025-09,"‘슬레이 더 스파이어 2’, 2026년 3월로 연기 - 경향게임스 ‘슬레이 더 스파이어 2’, 2026년 3월로 연기&nbsp;&nbsp;경향게임스"
2025-09-08,"픽셀리티, '에반게리온' VR 게임 프로젝트 공개 - 연합뉴스","픽셀리티, '에반게리온' VR 게임 프로젝트 공개&nbsp;&nbsp;연합뉴스",게임,2025-09,"픽셀리티, '에반게리온' VR 게임 프로젝트 공개 - 연합뉴스 픽셀리티, '에반게리온' VR 게임 프로젝트 공개&nbsp;&nbsp;연합뉴스"
2025-09-02,"‘블루 아카이브’, 비정상적 콘텐츠 노출 재발 방지 위해 보안 강화 - 경향게임스","‘블루 아카이브’, 비정상적 콘텐츠 노출 재발 방지 위해 보안 강화&nbsp;&nbsp;경향게임스",게임,2025-09,"‘블루 아카이브’, 비정상적 콘텐츠 노출 재발 방지 위해 보안 강화 - 경향게임스 ‘블루 아카이브’, 비정상적 콘텐츠 노출 재발 방지 위해 보안 강화&nbsp;&nbsp;경향게임스"
2025-09-02,"‘레이맨’ 30주년…유비소프트, 신작 개발 지속 - 경향게임스","‘레이맨’ 30주년…유비소프트, 신작 개발 지속&nbsp;&nbsp;경향게임스",게임,2025-09,"‘레이맨’ 30주년…유비소프트, 신작 개발 지속 - 경향게임스 ‘레이맨’ 30주년…유비소프트, 신작 개발 지속&nbsp;&nbsp;경향게임스"
2025-09-02,"‘2025 발로란트 챔피언스 컬렉션’, 4일 판매 돌입 - 경향게임스","‘2025 발로란트 챔피언스 컬렉션’, 4일 판매 돌입&nbsp;&nbsp;경향게임스",게임,2025-09,"‘2025 발로란트 챔피언스 컬렉션’, 4일 판매 돌입 - 경향게임스 ‘2025 발로란트 챔피언스 컬렉션’, 4일 판매 돌입&nbsp;&nbsp;경향게임스"
2025-09-05,"‘FM 2026’ 인게임 공개, 그래픽 환골탈태 ‘엔진 교체’ 효과 뚜렷 - 경향게임스","‘FM 2026’ 인게임 공개, 그래픽 환골탈태 ‘엔진 교체’ 효과 뚜렷&nbsp;&nbsp;경향게임스",게임,2025-09,"‘FM 2026’ 인게임 공개, 그래픽 환골탈태 ‘엔진 교체’ 효과 뚜렷 - 경향게임스 ‘FM 2026’ 인게임 공개, 그래픽 환골탈태 ‘엔진 교체’ 효과 뚜렷&nbsp;&nbsp;경향게임스"
2025-09-25,[르포]구름 같은 인파 '도쿄게임쇼'…K-게임 출격 - 네이트,[르포]구름 같은 인파 '도쿄게임쇼'…K-게임 출격&nbsp;&nbsp;네이트,게임,2025-09,[르포]구름 같은 인파 '도쿄게임쇼'…K-게임 출격 - 네이트 [르포]구름 같은 인파 '도쿄게임쇼'…K-게임 출격&nbsp;&nbsp;네이트
2025-09-12,"엔씨소프트, '아이온2' 성공 유력…39만원 간다-키움 - 네이트","엔씨소프트, '아이온2' 성공 유력…39만원 간다-키움&nbsp;&nbsp;네이트",게임,2025-09,"엔씨소프트, '아이온2' 성공 유력…39만원 간다-키움 - 네이트 엔씨소프트, '아이온2' 성공 유력…39만원 간다-키움&nbsp;&nbsp;네이트"
2025-09-18,8인 협동 땅파기 게임 ‘킵 디깅’ 출시 … 친구와 함게하면 ‘땅파기’도 재밌다?! - 경향게임스,8인 협동 땅파기 게임 ‘킵 디깅’ 출시 … 친구와 함게하면 ‘땅파기’도 재밌다?!&nbsp;&nbsp;경향게임스,게임,2025-09,8인 협동 땅파기 게임 ‘킵 디깅’ 출시 … 친구와 함게하면 ‘땅파기’도 재밌다?! - 경향게임스 8인 협동 땅파기 게임 ‘킵 디깅’ 출시 … 친구와 함게하면 ‘땅파기’도 재밌다?!&nbsp;&nbsp;경향게임스
2025-09-17,"환전 가능한 게임머니로 스포츠 베팅…대법 ""도박"" - 네이트","환전 가능한 게임머니로 스포츠 베팅…대법 ""도박""&nbsp;&nbsp;네이트",게임,2025-09,"환전 가능한 게임머니로 스포츠 베팅…대법 ""도박"" - 네이트 환전 가능한 게임머니로 스포츠 베팅…대법 ""도박""&nbsp;&nbsp;네이트"
2025-09-29,"[이슈] EA의 미래는? 사우디-사모펀드, 77조원에 인수 합의 - 인벤","[이슈] EA의 미래는? 사우디-사모펀드, 77조원에 인수 합의&nbsp;&nbsp;인벤",게임,2025-09,"[이슈] EA의 미래는? 사우디-사모펀드, 77조원에 인수 합의 - 인벤 [이슈] EA의 미래는? 사우디-사모펀드, 77조원에 인수 합의&nbsp;&nbsp;인벤"
2025-09-16,9월 코스피 ‘불장’에 주춤한 조·방·원… 이젠 금·반·지가 뜬다 - 조선일보,9월 코스피 ‘불장’에 주춤한 조·방·원… 이젠 금·반·지가 뜬다&nbsp;&nbsp;조선일보,조선,2025-09,9월 코스피 ‘불장’에 주춤한 조·방·원… 이젠 금·반·지가 뜬다 - 조선일보 9월 코스피 ‘불장’에 주춤한 조·방·원… 이젠 금·반·지가 뜬다&nbsp;&nbsp;조선일보
2025-09-23,주도주 교체되나?…'금반지' 뜨자 '조방원' 흔들 [한양경제] - 경기일보,주도주 교체되나?…'금반지' 뜨자 '조방원' 흔들 [한양경제]&nbsp;&nbsp;경기일보,조선,2025-09,주도주 교체되나?…'금반지' 뜨자 '조방원' 흔들 [한양경제] - 경기일보 주도주 교체되나?…'금반지' 뜨자 '조방원' 흔들 [한양경제]&nbsp;&nbsp;경기일보
2025-09-29,[단독] 차이나 머니의 공습.. 韓 국채·주식·부동산 닥치는 대로 사들여 - v.daum.net,[단독] 차이나 머니의 공습.. 韓 국채·주식·부동산 닥치는 대로 사들여&nbsp;&nbsp;v.daum.net,조선,2025-09,[단독] 차이나 머니의 공습.. 韓 국채·주식·부동산 닥치는 대로 사들여 - v.daum.net [단독] 차이나 머니의 공습.. 韓 국채·주식·부동산 닥치는 대로 사들여&nbsp;&nbsp;v.daum.net
2025-09-18,"방사청장 ""한미 조선협력 막는 규제 해소 방안 美와 논의 중""(종합) - 연합뉴스","방사청장 ""한미 조선협력 막는 규제 해소 방안 美와 논의 중""(종합)&nbsp;&nbsp;연합뉴스",조선,2025-09,"방사청장 ""한미 조선협력 막는 규제 해소 방안 美와 논의 중""(종합) - 연합뉴스 방사청장 ""한미 조선협력 막는 규제 해소 방안 美와 논의 중""(종합)&nbsp;&nbsp;연합뉴스"
2025-09-16,"“HD한국조선해양, 지주사 재평가+조선업 실적…목표가 상향”-KB - 인더뉴스","“HD한국조선해양, 지주사 재평가+조선업 실적…목표가 상향”-KB&nbsp;&nbsp;인더뉴스",조선,2025-09,"“HD한국조선해양, 지주사 재평가+조선업 실적…목표가 상향”-KB - 인더뉴스 “HD한국조선해양, 지주사 재평가+조선업 실적…목표가 상향”-KB&nbsp;&nbsp;인더뉴스"
2025-09-23,"케이조선, 본격 매각 절차 착수…MASGA 훈풍에 흥행 조짐 - 필드뉴스","케이조선, 본격 매각 절차 착수…MASGA 훈풍에 흥행 조짐&nbsp;&nbsp;필드뉴스",조선,2025-09,"케이조선, 본격 매각 절차 착수…MASGA 훈풍에 흥행 조짐 - 필드뉴스 케이조선, 본격 매각 절차 착수…MASGA 훈풍에 흥행 조짐&nbsp;&nbsp;필드뉴스"
2025-09-16,"주가 폭등·수주 폭발··· ‘슈퍼사이클’ 올라탄, HJ중공업 - 그린포스트코리아","주가 폭등·수주 폭발··· ‘슈퍼사이클’ 올라탄, HJ중공업&nbsp;&nbsp;그린포스트코리아",조선,2025-09,"주가 폭등·수주 폭발··· ‘슈퍼사이클’ 올라탄, HJ중공업 - 그린포스트코리아 주가 폭등·수주 폭발··· ‘슈퍼사이클’ 올라탄, HJ중공업&nbsp;&nbsp;그린포스트코리아"
2025-09-10,"마스가에 더욱 뜨거워진 ‘삼영엠텍’, 아직도 저평가? [뉴스톡 웰스톡] - 뉴스웰","마스가에 더욱 뜨거워진 ‘삼영엠텍’, 아직도 저평가? [뉴스톡 웰스톡]&nbsp;&nbsp;뉴스웰",조선,2025-09,"마스가에 더욱 뜨거워진 ‘삼영엠텍’, 아직도 저평가? [뉴스톡 웰스톡] - 뉴스웰 마스가에 더욱 뜨거워진 ‘삼영엠텍’, 아직도 저평가? [뉴스톡 웰스톡]&nbsp;&nbsp;뉴스웰"
2025-09-02,코스피 ‘박스권’에 머물자 미국 주식시장으로 눈 돌리는 투자자들 - 조선일보,코스피 ‘박스권’에 머물자 미국 주식시장으로 눈 돌리는 투자자들&nbsp;&nbsp;조선일보,조선,2025-09,코스피 ‘박스권’에 머물자 미국 주식시장으로 눈 돌리는 투자자들 - 조선일보 코스피 ‘박스권’에 머물자 미국 주식시장으로 눈 돌리는 투자자들&nbsp;&nbsp;조선일보
2025-09-29,장동혁 “주식 배당 소득 ‘분리 과세’ 추진”…年 2000만원 이하 세율 14%→9% 인하 - v.daum.net,장동혁 “주식 배당 소득 ‘분리 과세’ 추진”…年 2000만원 이하 세율 14%→9% 인하&nbsp;&nbsp;v.daum.net,조선,2025-09,장동혁 “주식 배당 소득 ‘분리 과세’ 추진”…年 2000만원 이하 세율 14%→9% 인하 - v.daum.net 장동혁 “주식 배당 소득 ‘분리 과세’ 추진”…年 2000만원 이하 세율 14%→9% 인하&nbsp;&nbsp;v.daum.net
2025-09-24,"""주식 상당히 고평가""... 버블 논란에 불붙인 파월 - 조선일보","""주식 상당히 고평가""... 버블 논란에 불붙인 파월&nbsp;&nbsp;조선일보",조선,2025-09,"""주식 상당히 고평가""... 버블 논란에 불붙인 파월 - 조선일보 ""주식 상당히 고평가""... 버블 논란에 불붙인 파월&nbsp;&nbsp;조선일보"
2025-09-24,"""구조대 도착"" 삼성전자 투자자들, 버틸까 말까 - 조선일보","""구조대 도착"" 삼성전자 투자자들, 버틸까 말까&nbsp;&nbsp;조선일보",조선,2025-09,"""구조대 도착"" 삼성전자 투자자들, 버틸까 말까 - 조선일보 ""구조대 도착"" 삼성전자 투자자들, 버틸까 말까&nbsp;&nbsp;조선일보"
2025-09-12,"불 뿜는 증시, 73社가 10년 내 최고가 찍었다 - 조선일보","불 뿜는 증시, 73社가 10년 내 최고가 찍었다&nbsp;&nbsp;조선일보",조선,2025-09,"불 뿜는 증시, 73社가 10년 내 최고가 찍었다 - 조선일보 불 뿜는 증시, 73社가 10년 내 최고가 찍었다&nbsp;&nbsp;조선일보"
2025-09-18,이달 들어 9조… 개인 투자자들 오를수록 팔았다 - 조선일보,이달 들어 9조… 개인 투자자들 오를수록 팔았다&nbsp;&nbsp;조선일보,조선,2025-09,이달 들어 9조… 개인 투자자들 오를수록 팔았다 - 조선일보 이달 들어 9조… 개인 투자자들 오를수록 팔았다&nbsp;&nbsp;조선일보
2025-09-24,[특징주] 리튬 아메리카 폭등에 韓 리튬주도 ‘들썩’ - 조선비즈 - Chosunbiz,[특징주] 리튬 아메리카 폭등에 韓 리튬주도 ‘들썩’ - 조선비즈&nbsp;&nbsp;Chosunbiz,조선,2025-09,[특징주] 리튬 아메리카 폭등에 韓 리튬주도 ‘들썩’ - 조선비즈 - Chosunbiz [특징주] 리튬 아메리카 폭등에 韓 리튬주도 ‘들썩’ - 조선비즈&nbsp;&nbsp;Chosunbiz
2025-09-15,"키움증권, 신한투자증권 미국 법인 인수 추진 - 조선비즈 - Chosunbiz","키움증권, 신한투자증권 미국 법인 인수 추진 - 조선비즈&nbsp;&nbsp;Chosunbiz",조선,2025-09,"키움증권, 신한투자증권 미국 법인 인수 추진 - 조선비즈 - Chosunbiz 키움증권, 신한투자증권 미국 법인 인수 추진 - 조선비즈&nbsp;&nbsp;Chosunbiz"
2025-09-10,코스피 장중 전고점 돌파 - 조선일보,코스피 장중 전고점 돌파&nbsp;&nbsp;조선일보,조선,2025-09,코스피 장중 전고점 돌파 - 조선일보 코스피 장중 전고점 돌파&nbsp;&nbsp;조선일보
2025-09-18,"삼성전자, 13개월 만에 ‘8만전자’ 찍었다 - 조선일보","삼성전자, 13개월 만에 ‘8만전자’ 찍었다&nbsp;&nbsp;조선일보",조선,2025-09,"삼성전자, 13개월 만에 ‘8만전자’ 찍었다 - 조선일보 삼성전자, 13개월 만에 ‘8만전자’ 찍었다&nbsp;&nbsp;조선일보"
2025-09-25,[주식 매매 상위 종목 및 환율] 2025년 9월 24일자 - 조선일보,[주식 매매 상위 종목 및 환율] 2025년 9월 24일자&nbsp;&nbsp;조선일보,조선,2025-09,[주식 매매 상위 종목 및 환율] 2025년 9월 24일자 - 조선일보 [주식 매매 상위 종목 및 환율] 2025년 9월 24일자&nbsp;&nbsp;조선일보
2025-09-12,"이재용 회장, 주식 재산 18조원 돌파… 상속 이래 처음 - 조선비즈 - Chosunbiz","이재용 회장, 주식 재산 18조원 돌파… 상속 이래 처음 - 조선비즈&nbsp;&nbsp;Chosunbiz",조선,2025-09,"이재용 회장, 주식 재산 18조원 돌파… 상속 이래 처음 - 조선비즈 - Chosunbiz 이재용 회장, 주식 재산 18조원 돌파… 상속 이래 처음 - 조선비즈&nbsp;&nbsp;Chosunbiz"
2025-09-20,미국 팔고 한국으로.. 배당 많은 ‘이 주식’에 돈 몰리고 있다 - 조선일보,미국 팔고 한국으로.. 배당 많은 ‘이 주식’에 돈 몰리고 있다&nbsp;&nbsp;조선일보,조선,2025-09,미국 팔고 한국으로.. 배당 많은 ‘이 주식’에 돈 몰리고 있다 - 조선일보 미국 팔고 한국으로.. 배당 많은 ‘이 주식’에 돈 몰리고 있다&nbsp;&nbsp;조선일보
2025-09-23,"[특징주] 삼성전자, 프리마켓서 ‘9만전자’ 터치 - 조선비즈 - Chosunbiz","[특징주] 삼성전자, 프리마켓서 ‘9만전자’ 터치 - 조선비즈&nbsp;&nbsp;Chosunbiz",조선,2025-09,"[특징주] 삼성전자, 프리마켓서 ‘9만전자’ 터치 - 조선비즈 - Chosunbiz [특징주] 삼성전자, 프리마켓서 ‘9만전자’ 터치 - 조선비즈&nbsp;&nbsp;Chosunbiz"
2025-09-08,"바닥 밑에 지하실, 그 밑에 땅굴...‘국장 괴담’ 사실이었다 - 조선일보","바닥 밑에 지하실, 그 밑에 땅굴...‘국장 괴담’ 사실이었다&nbsp;&nbsp;조선일보",조선,2025-09,"바닥 밑에 지하실, 그 밑에 땅굴...‘국장 괴담’ 사실이었다 - 조선일보 바닥 밑에 지하실, 그 밑에 땅굴...‘국장 괴담’ 사실이었다&nbsp;&nbsp;조선일보"
2025-09-08,"삼성증권, 해외 주식 옮기면 최대 700만원 지급 - 조선비즈 - Chosunbiz","삼성증권, 해외 주식 옮기면 최대 700만원 지급 - 조선비즈&nbsp;&nbsp;Chosunbiz",조선,2025-09,"삼성증권, 해외 주식 옮기면 최대 700만원 지급 - 조선비즈 - Chosunbiz 삼성증권, 해외 주식 옮기면 최대 700만원 지급 - 조선비즈&nbsp;&nbsp;Chosunbiz"
2025-09-30,[특징주] 트럼프 ‘대마’ 영상 공유에… 韓 대마 관련주 강세 - 조선비즈 - Chosunbiz,[특징주] 트럼프 ‘대마’ 영상 공유에… 韓 대마 관련주 강세 - 조선비즈&nbsp;&nbsp;Chosunbiz,조선,2025-09,[특징주] 트럼프 ‘대마’ 영상 공유에… 韓 대마 관련주 강세 - 조선비즈 - Chosunbiz [특징주] 트럼프 ‘대마’ 영상 공유에… 韓 대마 관련주 강세 - 조선비즈&nbsp;&nbsp;Chosunbiz
2025-09-14,코스피 연일 최고가 기록…10종목 중 1개 ‘52주 신고가’ - 중앙뉴스,코스피 연일 최고가 기록…10종목 중 1개 ‘52주 신고가’&nbsp;&nbsp;중앙뉴스,조선,2025-09,코스피 연일 최고가 기록…10종목 중 1개 ‘52주 신고가’ - 중앙뉴스 코스피 연일 최고가 기록…10종목 중 1개 ‘52주 신고가’&nbsp;&nbsp;중앙뉴스
2025-09-01,"가치 없다더니… 이억원, 비트코인 최대 보유사 투자 - 조선일보","가치 없다더니… 이억원, 비트코인 최대 보유사 투자&nbsp;&nbsp;조선일보",조선,2025-09,"가치 없다더니… 이억원, 비트코인 최대 보유사 투자 - 조선일보 가치 없다더니… 이억원, 비트코인 최대 보유사 투자&nbsp;&nbsp;조선일보"
2025-09-10,조선업 훈풍에 마스가 기대감까지… HJ중공업 FI 투자금 회수 ‘대박’ - 조선비즈 - Chosunbiz,조선업 훈풍에 마스가 기대감까지… HJ중공업 FI 투자금 회수 ‘대박’ - 조선비즈&nbsp;&nbsp;Chosunbiz,조선,2025-09,조선업 훈풍에 마스가 기대감까지… HJ중공업 FI 투자금 회수 ‘대박’ - 조선비즈 - Chosunbiz 조선업 훈풍에 마스가 기대감까지… HJ중공업 FI 투자금 회수 ‘대박’ - 조선비즈&nbsp;&nbsp;Chosunbiz
2025-09-19,[특징주] 인텔 뛰자 ‘밸류체인’ 인텍플러스 등도 급등 - 조선비즈 - Chosunbiz,[특징주] 인텔 뛰자 ‘밸류체인’ 인텍플러스 등도 급등 - 조선비즈&nbsp;&nbsp;Chosunbiz,조선,2025-09,[특징주] 인텔 뛰자 ‘밸류체인’ 인텍플러스 등도 급등 - 조선비즈 - Chosunbiz [특징주] 인텔 뛰자 ‘밸류체인’ 인텍플러스 등도 급등 - 조선비즈&nbsp;&nbsp;Chosunbiz
2025-09-29,[특징주] ‘두나무 지분 보유’에…한화투자증권·한화투자증권우 급등 - 조선비즈 - Chosunbiz,[특징주] ‘두나무 지분 보유’에…한화투자증권·한화투자증권우 급등 - 조선비즈&nbsp;&nbsp;Chosunbiz,조선,2025-09,[특징주] ‘두나무 지분 보유’에…한화투자증권·한화투자증권우 급등 - 조선비즈 - Chosunbiz [특징주] ‘두나무 지분 보유’에…한화투자증권·한화투자증권우 급등 - 조선비즈&nbsp;&nbsp;Chosunbiz
2025-09-13,"李 ""국내 주식 왜 안 사나"" 지적 다음 날, 연기금 1863억 샀다 - 조선일보","李 ""국내 주식 왜 안 사나"" 지적 다음 날, 연기금 1863억 샀다&nbsp;&nbsp;조선일보",조선,2025-09,"李 ""국내 주식 왜 안 사나"" 지적 다음 날, 연기금 1863억 샀다 - 조선일보 李 ""국내 주식 왜 안 사나"" 지적 다음 날, 연기금 1863억 샀다&nbsp;&nbsp;조선일보"
2025-09-09,몰래 주식 거래하다 딱 걸린 금감원 직원들 - 조선비즈 - Chosunbiz,몰래 주식 거래하다 딱 걸린 금감원 직원들 - 조선비즈&nbsp;&nbsp;Chosunbiz,조선,2025-09,몰래 주식 거래하다 딱 걸린 금감원 직원들 - 조선비즈 - Chosunbiz 몰래 주식 거래하다 딱 걸린 금감원 직원들 - 조선비즈&nbsp;&nbsp;Chosunbiz
2025-09-04,"삼영엠텍, 조선부터 원전·광산 플랜트 기자재까지...성장성 부각↑ [특징주] - 파이낸셜뉴스","삼영엠텍, 조선부터 원전·광산 플랜트 기자재까지...성장성 부각↑ [특징주]&nbsp;&nbsp;파이낸셜뉴스",조선,2025-09,"삼영엠텍, 조선부터 원전·광산 플랜트 기자재까지...성장성 부각↑ [특징주] - 파이낸셜뉴스 삼영엠텍, 조선부터 원전·광산 플랜트 기자재까지...성장성 부각↑ [특징주]&nbsp;&nbsp;파이낸셜뉴스"
2025-09-30,넷플릭스 몸값 육박한 오픈AI... 직원에 주식 보상만 25억달러 - 조선일보,넷플릭스 몸값 육박한 오픈AI... 직원에 주식 보상만 25억달러&nbsp;&nbsp;조선일보,조선,2025-09,넷플릭스 몸값 육박한 오픈AI... 직원에 주식 보상만 25억달러 - 조선일보 넷플릭스 몸값 육박한 오픈AI... 직원에 주식 보상만 25억달러&nbsp;&nbsp;조선일보
2025-09-17,"""조선株 집중 매수…2개월 수익률 26% 비결"" - 한국경제","""조선株 집중 매수…2개월 수익률 26% 비결""&nbsp;&nbsp;한국경제",조선,2025-09,"""조선株 집중 매수…2개월 수익률 26% 비결"" - 한국경제 ""조선株 집중 매수…2개월 수익률 26% 비결""&nbsp;&nbsp;한국경제"
2025-09-18,LG CNS·대한조선 등 66개 종목…22일부터 NXT서 거래 중단 - 한국경제,LG CNS·대한조선 등 66개 종목…22일부터 NXT서 거래 중단&nbsp;&nbsp;한국경제,조선,2025-09,LG CNS·대한조선 등 66개 종목…22일부터 NXT서 거래 중단 - 한국경제 LG CNS·대한조선 등 66개 종목…22일부터 NXT서 거래 중단&nbsp;&nbsp;한국경제
2025-09-04,뚜렷해진 업종별 순환매…출렁이는 주도株 담아라 - 한국경제,뚜렷해진 업종별 순환매…출렁이는 주도株 담아라&nbsp;&nbsp;한국경제,조선,2025-09,뚜렷해진 업종별 순환매…출렁이는 주도株 담아라 - 한국경제 뚜렷해진 업종별 순환매…출렁이는 주도株 담아라&nbsp;&nbsp;한국경제
2025-09-04,"‘워크아웃’ 태영건설, 의정부 오피스텔 사업 정리…PF 정상화 속도 - 조선비즈 - Chosunbiz","‘워크아웃’ 태영건설, 의정부 오피스텔 사업 정리…PF 정상화 속도 - 조선비즈&nbsp;&nbsp;Chosunbiz",조선,2025-09,"‘워크아웃’ 태영건설, 의정부 오피스텔 사업 정리…PF 정상화 속도 - 조선비즈 - Chosunbiz ‘워크아웃’ 태영건설, 의정부 오피스텔 사업 정리…PF 정상화 속도 - 조선비즈&nbsp;&nbsp;Chosunbiz"
2025-09-16,HD현대건설기계·HD현대인프라코어 합병…내년 HD건설기계 출범(종합) - 연합뉴스,HD현대건설기계·HD현대인프라코어 합병…내년 HD건설기계 출범(종합)&nbsp;&nbsp;연합뉴스,조선,2025-09,HD현대건설기계·HD현대인프라코어 합병…내년 HD건설기계 출범(종합) - 연합뉴스 HD현대건설기계·HD현대인프라코어 합병…내년 HD건설기계 출범(종합)&nbsp;&nbsp;연합뉴스
2025-09-14,"직원의 ‘넷플릭스 협업 정보 시세차익’ 기사 없는 SBS, ‘보도 원칙’ 답변은 - 미디어오늘","직원의 ‘넷플릭스 협업 정보 시세차익’ 기사 없는 SBS, ‘보도 원칙’ 답변은&nbsp;&nbsp;미디어오늘",조선,2025-09,"직원의 ‘넷플릭스 협업 정보 시세차익’ 기사 없는 SBS, ‘보도 원칙’ 답변은 - 미디어오늘 직원의 ‘넷플릭스 협업 정보 시세차익’ 기사 없는 SBS, ‘보도 원칙’ 답변은&nbsp;&nbsp;미디어오늘"
2025-09-12,"한앤코, 남양유업 첫 인수금융 조달… NH증권이 주관 - 조선비즈 - Chosunbiz","한앤코, 남양유업 첫 인수금융 조달… NH증권이 주관 - 조선비즈&nbsp;&nbsp;Chosunbiz",조선,2025-09,"한앤코, 남양유업 첫 인수금융 조달… NH증권이 주관 - 조선비즈 - Chosunbiz 한앤코, 남양유업 첫 인수금융 조달… NH증권이 주관 - 조선비즈&nbsp;&nbsp;Chosunbiz"
2025-09-11,[Who] ‘세계 최고 갑부’ 넘보는 오라클 창업주 래리 엘리슨 - 조선비즈 - Chosunbiz,[Who] ‘세계 최고 갑부’ 넘보는 오라클 창업주 래리 엘리슨 - 조선비즈&nbsp;&nbsp;Chosunbiz,조선,2025-09,[Who] ‘세계 최고 갑부’ 넘보는 오라클 창업주 래리 엘리슨 - 조선비즈 - Chosunbiz [Who] ‘세계 최고 갑부’ 넘보는 오라클 창업주 래리 엘리슨 - 조선비즈&nbsp;&nbsp;Chosunbiz
2025-09-22,"PRS는 자본인가 부채인가... 금융위·회계기준원, 논의 다시 속도 낼 듯 - 조선비즈 - Chosunbiz","PRS는 자본인가 부채인가... 금융위·회계기준원, 논의 다시 속도 낼 듯 - 조선비즈&nbsp;&nbsp;Chosunbiz",조선,2025-09,"PRS는 자본인가 부채인가... 금융위·회계기준원, 논의 다시 속도 낼 듯 - 조선비즈 - Chosunbiz PRS는 자본인가 부채인가... 금융위·회계기준원, 논의 다시 속도 낼 듯 - 조선비즈&nbsp;&nbsp;Chosunbiz"
2025-09-22,은 0.01g 단위로 거래 가능… 실버 ETF 구입하는 방법도 - 조선일보,은 0.01g 단위로 거래 가능… 실버 ETF 구입하는 방법도&nbsp;&nbsp;조선일보,조선,2025-09,은 0.01g 단위로 거래 가능… 실버 ETF 구입하는 방법도 - 조선일보 은 0.01g 단위로 거래 가능… 실버 ETF 구입하는 방법도&nbsp;&nbsp;조선일보
2025-09-18,1년 금융소득 2000만원 넘으면 각종 혜택 못 받아 - 조선일보,1년 금융소득 2000만원 넘으면 각종 혜택 못 받아&nbsp;&nbsp;조선일보,조선,2025-09,1년 금융소득 2000만원 넘으면 각종 혜택 못 받아 - 조선일보 1년 금융소득 2000만원 넘으면 각종 혜택 못 받아&nbsp;&nbsp;조선일보
2025-09-20,‘잃어버린 30년’을 도운 日 경제학자들 - 월간조선,‘잃어버린 30년’을 도운 日 경제학자들&nbsp;&nbsp;월간조선,조선,2025-09,‘잃어버린 30년’을 도운 日 경제학자들 - 월간조선 ‘잃어버린 30년’을 도운 日 경제학자들&nbsp;&nbsp;월간조선
2025-09-22,[뉴스줌인] STX 잔혹사: 샐러리맨 신화에서 상폐 위기까지 - 데일리팝,[뉴스줌인] STX 잔혹사: 샐러리맨 신화에서 상폐 위기까지&nbsp;&nbsp;데일리팝,조선,2025-09,[뉴스줌인] STX 잔혹사: 샐러리맨 신화에서 상폐 위기까지 - 데일리팝 [뉴스줌인] STX 잔혹사: 샐러리맨 신화에서 상폐 위기까지&nbsp;&nbsp;데일리팝
2025-09-12,"[단독] 인도네시아 시나르마스, 현대LNG해운 인수 추진 - 조선비즈 - Chosunbiz","[단독] 인도네시아 시나르마스, 현대LNG해운 인수 추진 - 조선비즈&nbsp;&nbsp;Chosunbiz",조선,2025-09,"[단독] 인도네시아 시나르마스, 현대LNG해운 인수 추진 - 조선비즈 - Chosunbiz [단독] 인도네시아 시나르마스, 현대LNG해운 인수 추진 - 조선비즈&nbsp;&nbsp;Chosunbiz"
2025-10-30,젠슨황과 치맥·호실적·HBM 증산 검토…날아오른 삼성전자 주가 - 연합뉴스,젠슨황과 치맥·호실적·HBM 증산 검토…날아오른 삼성전자 주가&nbsp;&nbsp;연합뉴스,HBM,2025-10,젠슨황과 치맥·호실적·HBM 증산 검토…날아오른 삼성전자 주가 - 연합뉴스 젠슨황과 치맥·호실적·HBM 증산 검토…날아오른 삼성전자 주가&nbsp;&nbsp;연합뉴스
2025-10-16,"'최고가 행진' 불붙은 삼성전자 주가…""13만전자 간다"" - 뉴스1","'최고가 행진' 불붙은 삼성전자 주가…""13만전자 간다""&nbsp;&nbsp;뉴스1",HBM,2025-10,"'최고가 행진' 불붙은 삼성전자 주가…""13만전자 간다"" - 뉴스1 '최고가 행진' 불붙은 삼성전자 주가…""13만전자 간다""&nbsp;&nbsp;뉴스1"
2025-10-20,HBM 전쟁에 갑을 바뀐 K-반도체 - 뉴스토마토,HBM 전쟁에 갑을 바뀐 K-반도체&nbsp;&nbsp;뉴스토마토,HBM,2025-10,HBM 전쟁에 갑을 바뀐 K-반도체 - 뉴스토마토 HBM 전쟁에 갑을 바뀐 K-반도체&nbsp;&nbsp;뉴스토마토
2025-10-28,"하이닉스, 실적 발표 D-1...올해 200% 폭등에도 증권가는 ‘70만닉스’ 전망 - 오피니언뉴스","하이닉스, 실적 발표 D-1...올해 200% 폭등에도 증권가는 ‘70만닉스’ 전망&nbsp;&nbsp;오피니언뉴스",HBM,2025-10,"하이닉스, 실적 발표 D-1...올해 200% 폭등에도 증권가는 ‘70만닉스’ 전망 - 오피니언뉴스 하이닉스, 실적 발표 D-1...올해 200% 폭등에도 증권가는 ‘70만닉스’ 전망&nbsp;&nbsp;오피니언뉴스"
2025-10-22,“60만원도 문제 없다”…‘50만닉스’ 찍은 SK하이닉스 목표가 쑥 - 매일경제,“60만원도 문제 없다”…‘50만닉스’ 찍은 SK하이닉스 목표가 쑥&nbsp;&nbsp;매일경제,HBM,2025-10,“60만원도 문제 없다”…‘50만닉스’ 찍은 SK하이닉스 목표가 쑥 - 매일경제 “60만원도 문제 없다”…‘50만닉스’ 찍은 SK하이닉스 목표가 쑥&nbsp;&nbsp;매일경제
2025-10-15,분기 최대 매출 올린 삼성전자… ‘반도체 수퍼사이클’ 4가지 신호 - 조선일보,분기 최대 매출 올린 삼성전자… ‘반도체 수퍼사이클’ 4가지 신호&nbsp;&nbsp;조선일보,HBM,2025-10,분기 최대 매출 올린 삼성전자… ‘반도체 수퍼사이클’ 4가지 신호 - 조선일보 분기 최대 매출 올린 삼성전자… ‘반도체 수퍼사이클’ 4가지 신호&nbsp;&nbsp;조선일보
2025-10-21,"'HBM 1황' SK하이닉스, 기술·제품 모두 시장 우위… LG전자 '어닝 서프라이즈' [株토피아] - v.daum.net","'HBM 1황' SK하이닉스, 기술·제품 모두 시장 우위… LG전자 '어닝 서프라이즈' [株토피아]&nbsp;&nbsp;v.daum.net",HBM,2025-10,"'HBM 1황' SK하이닉스, 기술·제품 모두 시장 우위… LG전자 '어닝 서프라이즈' [株토피아] - v.daum.net 'HBM 1황' SK하이닉스, 기술·제품 모두 시장 우위… LG전자 '어닝 서프라이즈' [株토피아]&nbsp;&nbsp;v.daum.net"
2025-10-11,"""'9만전자' 넘었는데 팔겠다고요?""…증권가 개미 말리는 이유 [선한결의 이기업 왜이래] - 한국경제","""'9만전자' 넘었는데 팔겠다고요?""…증권가 개미 말리는 이유 [선한결의 이기업 왜이래]&nbsp;&nbsp;한국경제",HBM,2025-10,"""'9만전자' 넘었는데 팔겠다고요?""…증권가 개미 말리는 이유 [선한결의 이기업 왜이래] - 한국경제 ""'9만전자' 넘었는데 팔겠다고요?""…증권가 개미 말리는 이유 [선한결의 이기업 왜이래]&nbsp;&nbsp;한국경제"
2025-10-20,"삼성전자, 4분기 영업이익 12조 눈앞… ""내년 13만원 간다"" - 조세일보","삼성전자, 4분기 영업이익 12조 눈앞… ""내년 13만원 간다""&nbsp;&nbsp;조세일보",HBM,2025-10,"삼성전자, 4분기 영업이익 12조 눈앞… ""내년 13만원 간다"" - 조세일보 삼성전자, 4분기 영업이익 12조 눈앞… ""내년 13만원 간다""&nbsp;&nbsp;조세일보"
2025-10-07,삼성전자 주가 전망 분석: 개인투자자가 반드시 알아야 할 3대 핵심 변수 - 네이버 프리미엄콘텐츠,삼성전자 주가 전망 분석: 개인투자자가 반드시 알아야 할 3대 핵심 변수&nbsp;&nbsp;네이버 프리미엄콘텐츠,HBM,2025-10,삼성전자 주가 전망 분석: 개인투자자가 반드시 알아야 할 3대 핵심 변수 - 네이버 프리미엄콘텐츠 삼성전자 주가 전망 분석: 개인투자자가 반드시 알아야 할 3대 핵심 변수&nbsp;&nbsp;네이버 프리미엄콘텐츠
2025-10-27,"""경기 나쁜데 4000피 달성, 왜?"" 주식 베테랑이 말하는 진짜 이유 - 조선일보","""경기 나쁜데 4000피 달성, 왜?"" 주식 베테랑이 말하는 진짜 이유&nbsp;&nbsp;조선일보",HBM,2025-10,"""경기 나쁜데 4000피 달성, 왜?"" 주식 베테랑이 말하는 진짜 이유 - 조선일보 ""경기 나쁜데 4000피 달성, 왜?"" 주식 베테랑이 말하는 진짜 이유&nbsp;&nbsp;조선일보"
2025-10-14,삼성전자 3분기 영업익 12조원 깜짝실적…사상최대 86조원 매출(종합) - 연합뉴스,삼성전자 3분기 영업익 12조원 깜짝실적…사상최대 86조원 매출(종합)&nbsp;&nbsp;연합뉴스,HBM,2025-10,삼성전자 3분기 영업익 12조원 깜짝실적…사상최대 86조원 매출(종합) - 연합뉴스 삼성전자 3분기 영업익 12조원 깜짝실적…사상최대 86조원 매출(종합)&nbsp;&nbsp;연합뉴스
2025-10-02,오랜만에 듣는 ‘반도체 슈퍼사이클’…삼성전자·하이닉스 날아올랐다 - 매일경제,오랜만에 듣는 ‘반도체 슈퍼사이클’…삼성전자·하이닉스 날아올랐다&nbsp;&nbsp;매일경제,HBM,2025-10,오랜만에 듣는 ‘반도체 슈퍼사이클’…삼성전자·하이닉스 날아올랐다 - 매일경제 오랜만에 듣는 ‘반도체 슈퍼사이클’…삼성전자·하이닉스 날아올랐다&nbsp;&nbsp;매일경제
2025-10-31,"""괜히 팔았나"" 삼성전자 매물 쏟아졌는데…'놀라운 상황' [분석+] - 한국경제","""괜히 팔았나"" 삼성전자 매물 쏟아졌는데…'놀라운 상황' [분석+]&nbsp;&nbsp;한국경제",HBM,2025-10,"""괜히 팔았나"" 삼성전자 매물 쏟아졌는데…'놀라운 상황' [분석+] - 한국경제 ""괜히 팔았나"" 삼성전자 매물 쏟아졌는데…'놀라운 상황' [분석+]&nbsp;&nbsp;한국경제"
2025-10-29,"SK하이닉스, 3분기 창사 최대 실적... HBM4 4분기부터 본격 공급 - 조선일보","SK하이닉스, 3분기 창사 최대 실적... HBM4 4분기부터 본격 공급&nbsp;&nbsp;조선일보",HBM,2025-10,"SK하이닉스, 3분기 창사 최대 실적... HBM4 4분기부터 본격 공급 - 조선일보 SK하이닉스, 3분기 창사 최대 실적... HBM4 4분기부터 본격 공급&nbsp;&nbsp;조선일보"
2025-10-29,"SK하이닉스 ""HBM뿐 아니라 일반 메모리도 사실상 완판""(종합) - 연합뉴스","SK하이닉스 ""HBM뿐 아니라 일반 메모리도 사실상 완판""(종합)&nbsp;&nbsp;연합뉴스",HBM,2025-10,"SK하이닉스 ""HBM뿐 아니라 일반 메모리도 사실상 완판""(종합) - 연합뉴스 SK하이닉스 ""HBM뿐 아니라 일반 메모리도 사실상 완판""(종합)&nbsp;&nbsp;연합뉴스"
2025-10-12,AMD와 손잡은 오픈AI… 삼성전자가 웃는다 - 조선일보,AMD와 손잡은 오픈AI… 삼성전자가 웃는다&nbsp;&nbsp;조선일보,HBM,2025-10,AMD와 손잡은 오픈AI… 삼성전자가 웃는다 - 조선일보 AMD와 손잡은 오픈AI… 삼성전자가 웃는다&nbsp;&nbsp;조선일보
2025-10-14,"노근창 현대차증권 리서치센터장 ""AI반도체 수요 정점은 2028년"" - 연합뉴스","노근창 현대차증권 리서치센터장 ""AI반도체 수요 정점은 2028년""&nbsp;&nbsp;연합뉴스",HBM,2025-10,"노근창 현대차증권 리서치센터장 ""AI반도체 수요 정점은 2028년"" - 연합뉴스 노근창 현대차증권 리서치센터장 ""AI반도체 수요 정점은 2028년""&nbsp;&nbsp;연합뉴스"
2025-10-07,삼성전자 ‘10만 전자’ 첫 달성하나...14일 잠정실적 발표 - 조선일보,삼성전자 ‘10만 전자’ 첫 달성하나...14일 잠정실적 발표&nbsp;&nbsp;조선일보,HBM,2025-10,삼성전자 ‘10만 전자’ 첫 달성하나...14일 잠정실적 발표 - 조선일보 삼성전자 ‘10만 전자’ 첫 달성하나...14일 잠정실적 발표&nbsp;&nbsp;조선일보
2025-10-14,삼성전자 반도체 자존심 회복했다...수퍼사이클 올라타며 3분기 영업이익 12.1조원 기록 - 조선일보,삼성전자 반도체 자존심 회복했다...수퍼사이클 올라타며 3분기 영업이익 12.1조원 기록&nbsp;&nbsp;조선일보,HBM,2025-10,삼성전자 반도체 자존심 회복했다...수퍼사이클 올라타며 3분기 영업이익 12.1조원 기록 - 조선일보 삼성전자 반도체 자존심 회복했다...수퍼사이클 올라타며 3분기 영업이익 12.1조원 기록&nbsp;&nbsp;조선일보
2025-10-09,"[단독]엔비디아 GB300에 삼성 HBM 탑재…""이재용 세일즈 통했다"" - v.daum.net","[단독]엔비디아 GB300에 삼성 HBM 탑재…""이재용 세일즈 통했다""&nbsp;&nbsp;v.daum.net",HBM,2025-10,"[단독]엔비디아 GB300에 삼성 HBM 탑재…""이재용 세일즈 통했다"" - v.daum.net [단독]엔비디아 GB300에 삼성 HBM 탑재…""이재용 세일즈 통했다""&nbsp;&nbsp;v.daum.net"
2025-10-13,"""SK하이닉스, 50만원 간다""... HD현대미포 '어닝서프라이즈' 기대 [株토피아] - v.daum.net","""SK하이닉스, 50만원 간다""... HD현대미포 '어닝서프라이즈' 기대 [株토피아]&nbsp;&nbsp;v.daum.net",HBM,2025-10,"""SK하이닉스, 50만원 간다""... HD현대미포 '어닝서프라이즈' 기대 [株토피아] - v.daum.net ""SK하이닉스, 50만원 간다""... HD현대미포 '어닝서프라이즈' 기대 [株토피아]&nbsp;&nbsp;v.daum.net"
2025-10-28,"D램 1위만으론 만족 못한다…하이닉스, HBM 보완할 ‘괴물 낸드’ 공개 - 매일경제","D램 1위만으론 만족 못한다…하이닉스, HBM 보완할 ‘괴물 낸드’ 공개&nbsp;&nbsp;매일경제",HBM,2025-10,"D램 1위만으론 만족 못한다…하이닉스, HBM 보완할 ‘괴물 낸드’ 공개 - 매일경제 D램 1위만으론 만족 못한다…하이닉스, HBM 보완할 ‘괴물 낸드’ 공개&nbsp;&nbsp;매일경제"
2025-10-14,AI 거품론 속 엔비디아 놓친 삼성전자가 웃는 이유 [‘AMD-오픈AI 협력’ 뉴스 해설] - 뉴닉,AI 거품론 속 엔비디아 놓친 삼성전자가 웃는 이유 [‘AMD-오픈AI 협력’ 뉴스 해설]&nbsp;&nbsp;뉴닉,HBM,2025-10,AI 거품론 속 엔비디아 놓친 삼성전자가 웃는 이유 [‘AMD-오픈AI 협력’ 뉴스 해설] - 뉴닉 AI 거품론 속 엔비디아 놓친 삼성전자가 웃는 이유 [‘AMD-오픈AI 협력’ 뉴스 해설]&nbsp;&nbsp;뉴닉
2025-10-16,[투데이 Pick] 삼성 '성과 연동 주식 보상' vs. SK '영업익 10% 성과급'...앞다퉈 '지갑' 여는 속사정 - 뉴스투데이,[투데이 Pick] 삼성 '성과 연동 주식 보상' vs. SK '영업익 10% 성과급'...앞다퉈 '지갑' 여는 속사정&nbsp;&nbsp;뉴스투데이,HBM,2025-10,[투데이 Pick] 삼성 '성과 연동 주식 보상' vs. SK '영업익 10% 성과급'...앞다퉈 '지갑' 여는 속사정 - 뉴스투데이 [투데이 Pick] 삼성 '성과 연동 주식 보상' vs. SK '영업익 10% 성과급'...앞다퉈 '지갑' 여는 속사정&nbsp;&nbsp;뉴스투데이
2025-10-25,"“전원주처럼 계속 가지고 있으면 될까?”...50만원 넘은 SK하이닉스, 실적 이후는 - 매일경제","“전원주처럼 계속 가지고 있으면 될까?”...50만원 넘은 SK하이닉스, 실적 이후는&nbsp;&nbsp;매일경제",HBM,2025-10,"“전원주처럼 계속 가지고 있으면 될까?”...50만원 넘은 SK하이닉스, 실적 이후는 - 매일경제 “전원주처럼 계속 가지고 있으면 될까?”...50만원 넘은 SK하이닉스, 실적 이후는&nbsp;&nbsp;매일경제"
2025-10-13,"오픈AI와 AMD 손잡자, 삼성·엔비디아도 웃었다 - 조선일보","오픈AI와 AMD 손잡자, 삼성·엔비디아도 웃었다&nbsp;&nbsp;조선일보",HBM,2025-10,"오픈AI와 AMD 손잡자, 삼성·엔비디아도 웃었다 - 조선일보 오픈AI와 AMD 손잡자, 삼성·엔비디아도 웃었다&nbsp;&nbsp;조선일보"
2025-10-27,"SK하이닉스, 'HBM 생산' M15X에 첫 장비반입…연내 준공 순항 - 연합뉴스","SK하이닉스, 'HBM 생산' M15X에 첫 장비반입…연내 준공 순항&nbsp;&nbsp;연합뉴스",HBM,2025-10,"SK하이닉스, 'HBM 생산' M15X에 첫 장비반입…연내 준공 순항 - 연합뉴스 SK하이닉스, 'HBM 생산' M15X에 첫 장비반입…연내 준공 순항&nbsp;&nbsp;연합뉴스"
2025-10-24,9만전자·50만닉스 놓쳤다면 …'K반도체 명품조연' 5총사 주목 - 매일경제,9만전자·50만닉스 놓쳤다면 …'K반도체 명품조연' 5총사 주목&nbsp;&nbsp;매일경제,HBM,2025-10,9만전자·50만닉스 놓쳤다면 …'K반도체 명품조연' 5총사 주목 - 매일경제 9만전자·50만닉스 놓쳤다면 …'K반도체 명품조연' 5총사 주목&nbsp;&nbsp;매일경제
2025-10-27,"삼성전자, 드디어 10만원 뚫었다…시총 600조 돌파 - 한국경제","삼성전자, 드디어 10만원 뚫었다…시총 600조 돌파&nbsp;&nbsp;한국경제",HBM,2025-10,"삼성전자, 드디어 10만원 뚫었다…시총 600조 돌파 - 한국경제 삼성전자, 드디어 10만원 뚫었다…시총 600조 돌파&nbsp;&nbsp;한국경제"
2025-10-05,"""이젠 56만닉스"" 실탄 더 장전해야 하나…개미들 신났다 [선한결의 이기업 왜이래] - 한국경제","""이젠 56만닉스"" 실탄 더 장전해야 하나…개미들 신났다 [선한결의 이기업 왜이래]&nbsp;&nbsp;한국경제",HBM,2025-10,"""이젠 56만닉스"" 실탄 더 장전해야 하나…개미들 신났다 [선한결의 이기업 왜이래] - 한국경제 ""이젠 56만닉스"" 실탄 더 장전해야 하나…개미들 신났다 [선한결의 이기업 왜이래]&nbsp;&nbsp;한국경제"
2025-10-30,"[뉴스락 주식네비 10월 30일] SK하이닉스(000660), 터지는 도파민...중요한 건 꺾이지 않는 마음 - 뉴스락","[뉴스락 주식네비 10월 30일] SK하이닉스(000660), 터지는 도파민...중요한 건 꺾이지 않는 마음&nbsp;&nbsp;뉴스락",HBM,2025-10,"[뉴스락 주식네비 10월 30일] SK하이닉스(000660), 터지는 도파민...중요한 건 꺾이지 않는 마음 - 뉴스락 [뉴스락 주식네비 10월 30일] SK하이닉스(000660), 터지는 도파민...중요한 건 꺾이지 않는 마음&nbsp;&nbsp;뉴스락"
2025-10-09,"[이슈&논란] 엔비디아 GB300에 삼성 HBM3E 탑재 '확정', 젠슨 황 직접 서신…삼성의 '집요함'과 이재용 '세일즈 성과' - 뉴스스페이스","[이슈&논란] 엔비디아 GB300에 삼성 HBM3E 탑재 '확정', 젠슨 황 직접 서신…삼성의 '집요함'과 이재용 '세일즈 성과'&nbsp;&nbsp;뉴스스페이스",HBM,2025-10,"[이슈&논란] 엔비디아 GB300에 삼성 HBM3E 탑재 '확정', 젠슨 황 직접 서신…삼성의 '집요함'과 이재용 '세일즈 성과' - 뉴스스페이스 [이슈&논란] 엔비디아 GB300에 삼성 HBM3E 탑재 '확정', 젠슨 황 직접 서신…삼성의 '집요함'과 이재용 '세일즈 성과'&nbsp;&nbsp;뉴스스페이스"
2025-10-28,"""수익률 100%"" 김구라도 '대박'…'10만전자'에 인증 쏟아졌다 - 한국경제","""수익률 100%"" 김구라도 '대박'…'10만전자'에 인증 쏟아졌다&nbsp;&nbsp;한국경제",HBM,2025-10,"""수익률 100%"" 김구라도 '대박'…'10만전자'에 인증 쏟아졌다 - 한국경제 ""수익률 100%"" 김구라도 '대박'…'10만전자'에 인증 쏟아졌다&nbsp;&nbsp;한국경제"
2025-10-30,"“SK하이닉스, ‘이 기세’ 2027년까지 이어질 것”…목표가↑ - 매일경제","“SK하이닉스, ‘이 기세’ 2027년까지 이어질 것”…목표가↑&nbsp;&nbsp;매일경제",HBM,2025-10,"“SK하이닉스, ‘이 기세’ 2027년까지 이어질 것”…목표가↑ - 매일경제 “SK하이닉스, ‘이 기세’ 2027년까지 이어질 것”…목표가↑&nbsp;&nbsp;매일경제"
2025-10-08,"붉은 반도체, 한국 먹거리 HBM까지 바짝 쫓아왔다 - nocutnews.co.kr","붉은 반도체, 한국 먹거리 HBM까지 바짝 쫓아왔다&nbsp;&nbsp;nocutnews.co.kr",HBM,2025-10,"붉은 반도체, 한국 먹거리 HBM까지 바짝 쫓아왔다 - nocutnews.co.kr 붉은 반도체, 한국 먹거리 HBM까지 바짝 쫓아왔다&nbsp;&nbsp;nocutnews.co.kr"
2025-10-10,‘10만 전자’가 보인다... 이재용 회장 주식평가액 20조 첫 돌파 - 조선일보,‘10만 전자’가 보인다... 이재용 회장 주식평가액 20조 첫 돌파&nbsp;&nbsp;조선일보,HBM,2025-10,‘10만 전자’가 보인다... 이재용 회장 주식평가액 20조 첫 돌파 - 조선일보 ‘10만 전자’가 보인다... 이재용 회장 주식평가액 20조 첫 돌파&nbsp;&nbsp;조선일보
2025-10-01,HBM 호황에 D램·낸드까지 급등 … K반도체 역대급 실적 나오나 - 매일경제,HBM 호황에 D램·낸드까지 급등 … K반도체 역대급 실적 나오나&nbsp;&nbsp;매일경제,HBM,2025-10,HBM 호황에 D램·낸드까지 급등 … K반도체 역대급 실적 나오나 - 매일경제 HBM 호황에 D램·낸드까지 급등 … K반도체 역대급 실적 나오나&nbsp;&nbsp;매일경제
2025-10-06,"삼성 HBM 고객사 美 AMD, 오픈AI에 AI가속기 대량 공급키로 - 한국경제","삼성 HBM 고객사 美 AMD, 오픈AI에 AI가속기 대량 공급키로&nbsp;&nbsp;한국경제",HBM,2025-10,"삼성 HBM 고객사 美 AMD, 오픈AI에 AI가속기 대량 공급키로 - 한국경제 삼성 HBM 고객사 美 AMD, 오픈AI에 AI가속기 대량 공급키로&nbsp;&nbsp;한국경제"
2025-10-30,"""그때 살걸"" SK하이닉스, 70만닉스 간다…""내년엔 더 좋아"" - 이데일리","""그때 살걸"" SK하이닉스, 70만닉스 간다…""내년엔 더 좋아""&nbsp;&nbsp;이데일리",HBM,2025-10,"""그때 살걸"" SK하이닉스, 70만닉스 간다…""내년엔 더 좋아"" - 이데일리 ""그때 살걸"" SK하이닉스, 70만닉스 간다…""내년엔 더 좋아""&nbsp;&nbsp;이데일리"
2025-10-29,"SK하이닉스 개미는 좋겠네…""수익률 418% 인증합니다"" [돈앤톡] - 한국경제","SK하이닉스 개미는 좋겠네…""수익률 418% 인증합니다"" [돈앤톡]&nbsp;&nbsp;한국경제",HBM,2025-10,"SK하이닉스 개미는 좋겠네…""수익률 418% 인증합니다"" [돈앤톡] - 한국경제 SK하이닉스 개미는 좋겠네…""수익률 418% 인증합니다"" [돈앤톡]&nbsp;&nbsp;한국경제"
2025-10-11,새 역사 쓴 삼성전자…우선주도 따라갈까[종목현미경] - v.daum.net,새 역사 쓴 삼성전자…우선주도 따라갈까[종목현미경]&nbsp;&nbsp;v.daum.net,HBM,2025-10,새 역사 쓴 삼성전자…우선주도 따라갈까[종목현미경] - v.daum.net 새 역사 쓴 삼성전자…우선주도 따라갈까[종목현미경]&nbsp;&nbsp;v.daum.net
2025-10-08,"AMD·오픈AI 동맹…""삼성·하이닉스에 호재"" - 한국경제","AMD·오픈AI 동맹…""삼성·하이닉스에 호재""&nbsp;&nbsp;한국경제",HBM,2025-10,"AMD·오픈AI 동맹…""삼성·하이닉스에 호재"" - 한국경제 AMD·오픈AI 동맹…""삼성·하이닉스에 호재""&nbsp;&nbsp;한국경제"
2025-10-22,"""삼성전자 부활 최대 수혜""…기관 쓸어담더니 144% 뛰었다 [종목+] - 한국경제","""삼성전자 부활 최대 수혜""…기관 쓸어담더니 144% 뛰었다 [종목+]&nbsp;&nbsp;한국경제",HBM,2025-10,"""삼성전자 부활 최대 수혜""…기관 쓸어담더니 144% 뛰었다 [종목+] - 한국경제 ""삼성전자 부활 최대 수혜""…기관 쓸어담더니 144% 뛰었다 [종목+]&nbsp;&nbsp;한국경제"
2025-10-31,"""삼성전자 82조 돈방석 앉는다""…지금 들어가야 하나 '술렁' - 한국경제","""삼성전자 82조 돈방석 앉는다""…지금 들어가야 하나 '술렁'&nbsp;&nbsp;한국경제",HBM,2025-10,"""삼성전자 82조 돈방석 앉는다""…지금 들어가야 하나 '술렁' - 한국경제 ""삼성전자 82조 돈방석 앉는다""…지금 들어가야 하나 '술렁'&nbsp;&nbsp;한국경제"
2025-10-01,"[단독] ""넥스트 HBM 선점하라"" 삼성, HBF 개발 참전 - 파이낸셜뉴스","[단독] ""넥스트 HBM 선점하라"" 삼성, HBF 개발 참전&nbsp;&nbsp;파이낸셜뉴스",HBM,2025-10,"[단독] ""넥스트 HBM 선점하라"" 삼성, HBF 개발 참전 - 파이낸셜뉴스 [단독] ""넥스트 HBM 선점하라"" 삼성, HBF 개발 참전&nbsp;&nbsp;파이낸셜뉴스"
2025-10-31,"삼성전자, 엔비디아에 HBM 공급…세계 최대 규모 'AI 팩토리' 구축 본격화 - 네이트","삼성전자, 엔비디아에 HBM 공급…세계 최대 규모 'AI 팩토리' 구축 본격화&nbsp;&nbsp;네이트",HBM,2025-10,"삼성전자, 엔비디아에 HBM 공급…세계 최대 규모 'AI 팩토리' 구축 본격화 - 네이트 삼성전자, 엔비디아에 HBM 공급…세계 최대 규모 'AI 팩토리' 구축 본격화&nbsp;&nbsp;네이트"
2025-10-07,낸드플래시도 'AI' 특수 맞는다…HBF 뭐길래? - 네이트,낸드플래시도 'AI' 특수 맞는다…HBF 뭐길래?&nbsp;&nbsp;네이트,HBM,2025-10,낸드플래시도 'AI' 특수 맞는다…HBF 뭐길래? - 네이트 낸드플래시도 'AI' 특수 맞는다…HBF 뭐길래?&nbsp;&nbsp;네이트
2025-10-29,"토스증권, 글로벌 뉴스 서비스 확대… “주식정보 경쟁력 강화” - 조선비즈 - Chosunbiz","토스증권, 글로벌 뉴스 서비스 확대… “주식정보 경쟁력 강화” - 조선비즈&nbsp;&nbsp;Chosunbiz",조선,2025-10,"토스증권, 글로벌 뉴스 서비스 확대… “주식정보 경쟁력 강화” - 조선비즈 - Chosunbiz 토스증권, 글로벌 뉴스 서비스 확대… “주식정보 경쟁력 강화” - 조선비즈&nbsp;&nbsp;Chosunbiz"
2025-10-27,영업익 13배 뛴 한화오션…실적·수급 쌍끌이속 조선株도 랠리 - 매일경제,영업익 13배 뛴 한화오션…실적·수급 쌍끌이속 조선株도 랠리&nbsp;&nbsp;매일경제,조선,2025-10,영업익 13배 뛴 한화오션…실적·수급 쌍끌이속 조선株도 랠리 - 매일경제 영업익 13배 뛴 한화오션…실적·수급 쌍끌이속 조선株도 랠리&nbsp;&nbsp;매일경제
2025-10-06,"엔비디아 다음은 이것, 지금 사면 5년 후 큰 돈 벌게 해줄 주식 - v.daum.net","엔비디아 다음은 이것, 지금 사면 5년 후 큰 돈 벌게 해줄 주식&nbsp;&nbsp;v.daum.net",조선,2025-10,"엔비디아 다음은 이것, 지금 사면 5년 후 큰 돈 벌게 해줄 주식 - v.daum.net 엔비디아 다음은 이것, 지금 사면 5년 후 큰 돈 벌게 해줄 주식&nbsp;&nbsp;v.daum.net"
2025-10-09,개미들 9조원 팔아치울 때…부자들 '이 종목' 쓸어 담았다 - 한국경제,개미들 9조원 팔아치울 때…부자들 '이 종목' 쓸어 담았다&nbsp;&nbsp;한국경제,조선,2025-10,개미들 9조원 팔아치울 때…부자들 '이 종목' 쓸어 담았다 - 한국경제 개미들 9조원 팔아치울 때…부자들 '이 종목' 쓸어 담았다&nbsp;&nbsp;한국경제
2025-10-28,TV조선 “고교동창 알려줘 주식 매도” 민중기 특검측 “답변 부적절” - 미디어오늘,TV조선 “고교동창 알려줘 주식 매도” 민중기 특검측 “답변 부적절”&nbsp;&nbsp;미디어오늘,조선,2025-10,TV조선 “고교동창 알려줘 주식 매도” 민중기 특검측 “답변 부적절” - 미디어오늘 TV조선 “고교동창 알려줘 주식 매도” 민중기 특검측 “답변 부적절”&nbsp;&nbsp;미디어오늘
2025-10-26,2026년 증시 키워드 '투자·가격 전가력'...반도체·조선·방산 '주목' - 경인방송 뉴스,2026년 증시 키워드 '투자·가격 전가력'...반도체·조선·방산 '주목'&nbsp;&nbsp;경인방송 뉴스,조선,2025-10,2026년 증시 키워드 '투자·가격 전가력'...반도체·조선·방산 '주목' - 경인방송 뉴스 2026년 증시 키워드 '투자·가격 전가력'...반도체·조선·방산 '주목'&nbsp;&nbsp;경인방송 뉴스
2025-10-28,"‘K-조선 vs 미국 AI’ 등 ETF 7종, 코스피 상장 - 뉴스웰","‘K-조선 vs 미국 AI’ 등 ETF 7종, 코스피 상장&nbsp;&nbsp;뉴스웰",조선,2025-10,"‘K-조선 vs 미국 AI’ 등 ETF 7종, 코스피 상장 - 뉴스웰 ‘K-조선 vs 미국 AI’ 등 ETF 7종, 코스피 상장&nbsp;&nbsp;뉴스웰"
2025-10-28,"[특징주] 한화오션, ‘투자주의’ 지정에 약세 - 조선비즈 - Chosunbiz","[특징주] 한화오션, ‘투자주의’ 지정에 약세 - 조선비즈&nbsp;&nbsp;Chosunbiz",조선,2025-10,"[특징주] 한화오션, ‘투자주의’ 지정에 약세 - 조선비즈 - Chosunbiz [특징주] 한화오션, ‘투자주의’ 지정에 약세 - 조선비즈&nbsp;&nbsp;Chosunbiz"
2025-10-31,"넷플릭스, 주식 10대 1 액면분할한다...워너브라더스에도 눈독? - v.daum.net","넷플릭스, 주식 10대 1 액면분할한다...워너브라더스에도 눈독?&nbsp;&nbsp;v.daum.net",조선,2025-10,"넷플릭스, 주식 10대 1 액면분할한다...워너브라더스에도 눈독? - v.daum.net 넷플릭스, 주식 10대 1 액면분할한다...워너브라더스에도 눈독?&nbsp;&nbsp;v.daum.net"
2025-10-27,"""경기 나쁜데 4000피 달성, 왜?"" 주식 베테랑이 말하는 진짜 이유 - 조선일보","""경기 나쁜데 4000피 달성, 왜?"" 주식 베테랑이 말하는 진짜 이유&nbsp;&nbsp;조선일보",조선,2025-10,"""경기 나쁜데 4000피 달성, 왜?"" 주식 베테랑이 말하는 진짜 이유 - 조선일보 ""경기 나쁜데 4000피 달성, 왜?"" 주식 베테랑이 말하는 진짜 이유&nbsp;&nbsp;조선일보"
2025-10-14,"삼성전자, 전직원에게 성과 연동 주식 준다...우수 인재 채용 목적 - v.daum.net","삼성전자, 전직원에게 성과 연동 주식 준다...우수 인재 채용 목적&nbsp;&nbsp;v.daum.net",조선,2025-10,"삼성전자, 전직원에게 성과 연동 주식 준다...우수 인재 채용 목적 - v.daum.net 삼성전자, 전직원에게 성과 연동 주식 준다...우수 인재 채용 목적&nbsp;&nbsp;v.daum.net"
2025-10-20,"주식도 금도 은도 다 올랐는데 코인만… ""비트코인 7만달러까지 하락할 수도"" - 조선일보","주식도 금도 은도 다 올랐는데 코인만… ""비트코인 7만달러까지 하락할 수도""&nbsp;&nbsp;조선일보",조선,2025-10,"주식도 금도 은도 다 올랐는데 코인만… ""비트코인 7만달러까지 하락할 수도"" - 조선일보 주식도 금도 은도 다 올랐는데 코인만… ""비트코인 7만달러까지 하락할 수도""&nbsp;&nbsp;조선일보"
2025-10-21,“눈물 나는 우리집 계좌”… 여의도 고수 5人의 ‘지금 담을 주식’ - 조선일보,“눈물 나는 우리집 계좌”… 여의도 고수 5人의 ‘지금 담을 주식’&nbsp;&nbsp;조선일보,조선,2025-10,“눈물 나는 우리집 계좌”… 여의도 고수 5人의 ‘지금 담을 주식’ - 조선일보 “눈물 나는 우리집 계좌”… 여의도 고수 5人의 ‘지금 담을 주식’&nbsp;&nbsp;조선일보
2025-10-13,"우리투자증권, 해외 주식·AI 기능 강화한 신규 MTS 출시 - 조선비즈 - Chosunbiz","우리투자증권, 해외 주식·AI 기능 강화한 신규 MTS 출시 - 조선비즈&nbsp;&nbsp;Chosunbiz",조선,2025-10,"우리투자증권, 해외 주식·AI 기능 강화한 신규 MTS 출시 - 조선비즈 - Chosunbiz 우리투자증권, 해외 주식·AI 기능 강화한 신규 MTS 출시 - 조선비즈&nbsp;&nbsp;Chosunbiz"
2025-10-27,골드만삭스 “기업 몸값 여전히 높지만 투자금 회수 환경 개선” - 조선비즈 - Chosunbiz,골드만삭스 “기업 몸값 여전히 높지만 투자금 회수 환경 개선” - 조선비즈&nbsp;&nbsp;Chosunbiz,조선,2025-10,골드만삭스 “기업 몸값 여전히 높지만 투자금 회수 환경 개선” - 조선비즈 - Chosunbiz 골드만삭스 “기업 몸값 여전히 높지만 투자금 회수 환경 개선” - 조선비즈&nbsp;&nbsp;Chosunbiz
2025-10-14,"‘깜짝 실적’ 삼성전자, 프리마켓서 역대 최고가 경신 - 조선비즈 - Chosunbiz","‘깜짝 실적’ 삼성전자, 프리마켓서 역대 최고가 경신 - 조선비즈&nbsp;&nbsp;Chosunbiz",조선,2025-10,"‘깜짝 실적’ 삼성전자, 프리마켓서 역대 최고가 경신 - 조선비즈 - Chosunbiz ‘깜짝 실적’ 삼성전자, 프리마켓서 역대 최고가 경신 - 조선비즈&nbsp;&nbsp;Chosunbiz"
2025-10-20,‘주식 억대 수익’에 입 연 민중기 특검 “죄송… 미공개정보 이용 등 위법 없어” - 조선일보,‘주식 억대 수익’에 입 연 민중기 특검 “죄송… 미공개정보 이용 등 위법 없어”&nbsp;&nbsp;조선일보,조선,2025-10,‘주식 억대 수익’에 입 연 민중기 특검 “죄송… 미공개정보 이용 등 위법 없어” - 조선일보 ‘주식 억대 수익’에 입 연 민중기 특검 “죄송… 미공개정보 이용 등 위법 없어”&nbsp;&nbsp;조선일보
2025-10-11,미중 무역 전쟁 우려에 빅테크 시총 1100조원 날아갔다 - 조선일보,미중 무역 전쟁 우려에 빅테크 시총 1100조원 날아갔다&nbsp;&nbsp;조선일보,조선,2025-10,미중 무역 전쟁 우려에 빅테크 시총 1100조원 날아갔다 - 조선일보 미중 무역 전쟁 우려에 빅테크 시총 1100조원 날아갔다&nbsp;&nbsp;조선일보
2025-10-21,SK하이닉스 날았다… 프리마켓서 50만원 돌파 - 조선비즈 - Chosunbiz,SK하이닉스 날았다… 프리마켓서 50만원 돌파 - 조선비즈&nbsp;&nbsp;Chosunbiz,조선,2025-10,SK하이닉스 날았다… 프리마켓서 50만원 돌파 - 조선비즈 - Chosunbiz SK하이닉스 날았다… 프리마켓서 50만원 돌파 - 조선비즈&nbsp;&nbsp;Chosunbiz
2025-10-23,고개 드는 증권주… ‘호재 3박자’ 수혜로 기대감 '업' - IT조선,고개 드는 증권주… ‘호재 3박자’ 수혜로 기대감 '업'&nbsp;&nbsp;IT조선,조선,2025-10,고개 드는 증권주… ‘호재 3박자’ 수혜로 기대감 '업' - IT조선 고개 드는 증권주… ‘호재 3박자’ 수혜로 기대감 '업'&nbsp;&nbsp;IT조선
2025-10-19,"조선일보 “김건희와 같은 의혹 민중기 특검, 내로남불” - 미디어오늘","조선일보 “김건희와 같은 의혹 민중기 특검, 내로남불”&nbsp;&nbsp;미디어오늘",조선,2025-10,"조선일보 “김건희와 같은 의혹 민중기 특검, 내로남불” - 미디어오늘 조선일보 “김건희와 같은 의혹 민중기 특검, 내로남불”&nbsp;&nbsp;미디어오늘"
2025-10-29,"증권사 ‘수수료 경쟁=고객 이익’인데... 금감원, 경쟁에 메스 댈까 - 조선비즈 - Chosunbiz","증권사 ‘수수료 경쟁=고객 이익’인데... 금감원, 경쟁에 메스 댈까 - 조선비즈&nbsp;&nbsp;Chosunbiz",조선,2025-10,"증권사 ‘수수료 경쟁=고객 이익’인데... 금감원, 경쟁에 메스 댈까 - 조선비즈 - Chosunbiz 증권사 ‘수수료 경쟁=고객 이익’인데... 금감원, 경쟁에 메스 댈까 - 조선비즈&nbsp;&nbsp;Chosunbiz"
2025-10-09,미 S&P500 올해 7000 넘을까 - 조선일보,미 S&amp;P500 올해 7000 넘을까&nbsp;&nbsp;조선일보,조선,2025-10,미 S&P500 올해 7000 넘을까 - 조선일보 미 S&amp;P500 올해 7000 넘을까&nbsp;&nbsp;조선일보
2025-10-10,8일 만에 열리는 한국 증시… 연휴 기간 美 반도체 좋았지만 1420원 환율이 부담 - 조선비즈 - Chosunbiz,8일 만에 열리는 한국 증시… 연휴 기간 美 반도체 좋았지만 1420원 환율이 부담 - 조선비즈&nbsp;&nbsp;Chosunbiz,조선,2025-10,8일 만에 열리는 한국 증시… 연휴 기간 美 반도체 좋았지만 1420원 환율이 부담 - 조선비즈 - Chosunbiz 8일 만에 열리는 한국 증시… 연휴 기간 美 반도체 좋았지만 1420원 환율이 부담 - 조선비즈&nbsp;&nbsp;Chosunbiz
2025-10-14,"노벨상 받자 폭등하는 양자컴 주가… ""거품 꺼질 위험"" 경고 - 조선일보","노벨상 받자 폭등하는 양자컴 주가… ""거품 꺼질 위험"" 경고&nbsp;&nbsp;조선일보",조선,2025-10,"노벨상 받자 폭등하는 양자컴 주가… ""거품 꺼질 위험"" 경고 - 조선일보 노벨상 받자 폭등하는 양자컴 주가… ""거품 꺼질 위험"" 경고&nbsp;&nbsp;조선일보"
2025-10-30,"홍라희·이부진·이서현, 1.8조 규모 삼성전자 지분 블록딜 - 조선비즈 - Chosunbiz","홍라희·이부진·이서현, 1.8조 규모 삼성전자 지분 블록딜 - 조선비즈&nbsp;&nbsp;Chosunbiz",조선,2025-10,"홍라희·이부진·이서현, 1.8조 규모 삼성전자 지분 블록딜 - 조선비즈 - Chosunbiz 홍라희·이부진·이서현, 1.8조 규모 삼성전자 지분 블록딜 - 조선비즈&nbsp;&nbsp;Chosunbiz"
2025-10-21,글로벌 AI 투자 광풍에 ‘거품론’ 확산… 월가 “위험 신호 감지” - 조선비즈 - Chosunbiz,글로벌 AI 투자 광풍에 ‘거품론’ 확산… 월가 “위험 신호 감지” - 조선비즈&nbsp;&nbsp;Chosunbiz,조선,2025-10,글로벌 AI 투자 광풍에 ‘거품론’ 확산… 월가 “위험 신호 감지” - 조선비즈 - Chosunbiz 글로벌 AI 투자 광풍에 ‘거품론’ 확산… 월가 “위험 신호 감지” - 조선비즈&nbsp;&nbsp;Chosunbiz
2025-10-21,‘주식 억대 수익’ 민중기 특검에... 현직 고검장 “수사 배제가 맞다” - v.daum.net,‘주식 억대 수익’ 민중기 특검에... 현직 고검장 “수사 배제가 맞다”&nbsp;&nbsp;v.daum.net,조선,2025-10,‘주식 억대 수익’ 민중기 특검에... 현직 고검장 “수사 배제가 맞다” - v.daum.net ‘주식 억대 수익’ 민중기 특검에... 현직 고검장 “수사 배제가 맞다”&nbsp;&nbsp;v.daum.net
2025-10-09,"삼성전자·SK하이닉스 질주, 국내 시총 3200조 육박···건설·유통 추락 - 시사저널e","삼성전자·SK하이닉스 질주, 국내 시총 3200조 육박···건설·유통 추락&nbsp;&nbsp;시사저널e",조선,2025-10,"삼성전자·SK하이닉스 질주, 국내 시총 3200조 육박···건설·유통 추락 - 시사저널e 삼성전자·SK하이닉스 질주, 국내 시총 3200조 육박···건설·유통 추락&nbsp;&nbsp;시사저널e"
2025-10-01,이재용 웃고 방시혁 울고… 그룹 총수 주식재산 따져보니 - 조선비즈 - Chosunbiz,이재용 웃고 방시혁 울고… 그룹 총수 주식재산 따져보니 - 조선비즈&nbsp;&nbsp;Chosunbiz,조선,2025-10,이재용 웃고 방시혁 울고… 그룹 총수 주식재산 따져보니 - 조선비즈 - Chosunbiz 이재용 웃고 방시혁 울고… 그룹 총수 주식재산 따져보니 - 조선비즈&nbsp;&nbsp;Chosunbiz
2025-10-25,"엔비디아 테슬라 놓쳤다면 주목, 앞으로 미국 증시 주도할 종목 10개 - 조선일보","엔비디아 테슬라 놓쳤다면 주목, 앞으로 미국 증시 주도할 종목 10개&nbsp;&nbsp;조선일보",조선,2025-10,"엔비디아 테슬라 놓쳤다면 주목, 앞으로 미국 증시 주도할 종목 10개 - 조선일보 엔비디아 테슬라 놓쳤다면 주목, 앞으로 미국 증시 주도할 종목 10개&nbsp;&nbsp;조선일보"
2025-10-15,"성과 연동 주식 보상 시행… 삼성전자 직원, 3년 후 받아 - 조선일보","성과 연동 주식 보상 시행… 삼성전자 직원, 3년 후 받아&nbsp;&nbsp;조선일보",조선,2025-10,"성과 연동 주식 보상 시행… 삼성전자 직원, 3년 후 받아 - 조선일보 성과 연동 주식 보상 시행… 삼성전자 직원, 3년 후 받아&nbsp;&nbsp;조선일보"
2025-10-09,"""증권사 리포트 안 봐요""…'주식 대박' 꿈에 인기 폭발한 곳 - 한국경제","""증권사 리포트 안 봐요""…'주식 대박' 꿈에 인기 폭발한 곳&nbsp;&nbsp;한국경제",조선,2025-10,"""증권사 리포트 안 봐요""…'주식 대박' 꿈에 인기 폭발한 곳 - 한국경제 ""증권사 리포트 안 봐요""…'주식 대박' 꿈에 인기 폭발한 곳&nbsp;&nbsp;한국경제"
2025-10-22,국장 상승에 바빠진 증권 업계…앞다투어 K-ETF 상장하는 운용사들 - 조선일보,국장 상승에 바빠진 증권 업계…앞다투어 K-ETF 상장하는 운용사들&nbsp;&nbsp;조선일보,조선,2025-10,국장 상승에 바빠진 증권 업계…앞다투어 K-ETF 상장하는 운용사들 - 조선일보 국장 상승에 바빠진 증권 업계…앞다투어 K-ETF 상장하는 운용사들&nbsp;&nbsp;조선일보
2025-10-31,"SK하이닉스, 시총 비중 10% 돌파… 펀드 투자 한도 풀린다 - 조선비즈 - Chosunbiz","SK하이닉스, 시총 비중 10% 돌파… 펀드 투자 한도 풀린다 - 조선비즈&nbsp;&nbsp;Chosunbiz",조선,2025-10,"SK하이닉스, 시총 비중 10% 돌파… 펀드 투자 한도 풀린다 - 조선비즈 - Chosunbiz SK하이닉스, 시총 비중 10% 돌파… 펀드 투자 한도 풀린다 - 조선비즈&nbsp;&nbsp;Chosunbiz"
2025-10-29,"KB증권 “코스피 5,000 시대 열린다”…연간전망서 목표 상향 - 라이센스뉴스","KB증권 “코스피 5,000 시대 열린다”…연간전망서 목표 상향&nbsp;&nbsp;라이센스뉴스",조선,2025-10,"KB증권 “코스피 5,000 시대 열린다”…연간전망서 목표 상향 - 라이센스뉴스 KB증권 “코스피 5,000 시대 열린다”…연간전망서 목표 상향&nbsp;&nbsp;라이센스뉴스"
2025-10-27,미래에셋 반발에 미뤄지는 두나무 주주서한 발송... 네이버 합병 늦어지나 - 조선비즈 - Chosunbiz,미래에셋 반발에 미뤄지는 두나무 주주서한 발송... 네이버 합병 늦어지나 - 조선비즈&nbsp;&nbsp;Chosunbiz,조선,2025-10,미래에셋 반발에 미뤄지는 두나무 주주서한 발송... 네이버 합병 늦어지나 - 조선비즈 - Chosunbiz 미래에셋 반발에 미뤄지는 두나무 주주서한 발송... 네이버 합병 늦어지나 - 조선비즈&nbsp;&nbsp;Chosunbiz
2025-10-31,"""관세협상 수혜주는?""…자동차·조선·항공기부품株 '트리플 강세' 기대 - 박스뉴스","""관세협상 수혜주는?""…자동차·조선·항공기부품株 '트리플 강세' 기대&nbsp;&nbsp;박스뉴스",조선,2025-10,"""관세협상 수혜주는?""…자동차·조선·항공기부품株 '트리플 강세' 기대 - 박스뉴스 ""관세협상 수혜주는?""…자동차·조선·항공기부품株 '트리플 강세' 기대&nbsp;&nbsp;박스뉴스"
2025-10-12,AMD와 손잡은 오픈AI… 삼성전자가 웃는다 - 조선일보,AMD와 손잡은 오픈AI… 삼성전자가 웃는다&nbsp;&nbsp;조선일보,조선,2025-10,AMD와 손잡은 오픈AI… 삼성전자가 웃는다 - 조선일보 AMD와 손잡은 오픈AI… 삼성전자가 웃는다&nbsp;&nbsp;조선일보
2025-10-28,"토스증권, WTS 업데이트… 첫 거래 수수료 지원 이벤트 - 조선비즈 - Chosunbiz","토스증권, WTS 업데이트… 첫 거래 수수료 지원 이벤트 - 조선비즈&nbsp;&nbsp;Chosunbiz",조선,2025-10,"토스증권, WTS 업데이트… 첫 거래 수수료 지원 이벤트 - 조선비즈 - Chosunbiz 토스증권, WTS 업데이트… 첫 거래 수수료 지원 이벤트 - 조선비즈&nbsp;&nbsp;Chosunbiz"
2025-10-09,"어느덧 한 돈에 80만원 ""금(金), 이렇게 사면 돈 번다"" - 조선일보","어느덧 한 돈에 80만원 ""금(金), 이렇게 사면 돈 번다""&nbsp;&nbsp;조선일보",조선,2025-10,"어느덧 한 돈에 80만원 ""금(金), 이렇게 사면 돈 번다"" - 조선일보 어느덧 한 돈에 80만원 ""금(金), 이렇게 사면 돈 번다""&nbsp;&nbsp;조선일보"
2025-10-01,"[2025 3Q. IPO 리뷰] KB證, 시작과 끝 화려하게 장식했다 - 뉴스톱","[2025 3Q. IPO 리뷰] KB證, 시작과 끝 화려하게 장식했다&nbsp;&nbsp;뉴스톱",조선,2025-10,"[2025 3Q. IPO 리뷰] KB證, 시작과 끝 화려하게 장식했다 - 뉴스톱 [2025 3Q. IPO 리뷰] KB證, 시작과 끝 화려하게 장식했다&nbsp;&nbsp;뉴스톱"
2025-10-16,"톰 리 비트마인 회장 ""이더리움, 조만간 수퍼 사이클 진입"" - 조선일보","톰 리 비트마인 회장 ""이더리움, 조만간 수퍼 사이클 진입""&nbsp;&nbsp;조선일보",조선,2025-10,"톰 리 비트마인 회장 ""이더리움, 조만간 수퍼 사이클 진입"" - 조선일보 톰 리 비트마인 회장 ""이더리움, 조만간 수퍼 사이클 진입""&nbsp;&nbsp;조선일보"
2025-10-23,"주식고수 매수 3위 '조선 슈퍼사이클' 한화오션, 2위 두산에너빌리티 [주식고수의 선택] - 와이드경제","주식고수 매수 3위 '조선 슈퍼사이클' 한화오션, 2위 두산에너빌리티 [주식고수의 선택]&nbsp;&nbsp;와이드경제",조선,2025-10,"주식고수 매수 3위 '조선 슈퍼사이클' 한화오션, 2위 두산에너빌리티 [주식고수의 선택] - 와이드경제 주식고수 매수 3위 '조선 슈퍼사이클' 한화오션, 2위 두산에너빌리티 [주식고수의 선택]&nbsp;&nbsp;와이드경제"
2025-10-21,금 투자 열풍인데… 계좌 잘 골라야 ‘절세’도 가능 - 조선비즈 - Chosunbiz,금 투자 열풍인데… 계좌 잘 골라야 ‘절세’도 가능 - 조선비즈&nbsp;&nbsp;Chosunbiz,조선,2025-10,금 투자 열풍인데… 계좌 잘 골라야 ‘절세’도 가능 - 조선비즈 - Chosunbiz 금 투자 열풍인데… 계좌 잘 골라야 ‘절세’도 가능 - 조선비즈&nbsp;&nbsp;Chosunbiz
2025-10-15,한국거래소 수수료 내려야겠네… 점유율 빠르게 높인 넥스트레이드 - 조선비즈 - Chosunbiz,한국거래소 수수료 내려야겠네… 점유율 빠르게 높인 넥스트레이드 - 조선비즈&nbsp;&nbsp;Chosunbiz,조선,2025-10,한국거래소 수수료 내려야겠네… 점유율 빠르게 높인 넥스트레이드 - 조선비즈 - Chosunbiz 한국거래소 수수료 내려야겠네… 점유율 빠르게 높인 넥스트레이드 - 조선비즈&nbsp;&nbsp;Chosunbiz
2025-10-23,‘토스 호주’ 서비스 곧 개시… IPO 향한 두번째 글로벌 도전 - 조선비즈 - Chosunbiz,‘토스 호주’ 서비스 곧 개시… IPO 향한 두번째 글로벌 도전 - 조선비즈&nbsp;&nbsp;Chosunbiz,조선,2025-10,‘토스 호주’ 서비스 곧 개시… IPO 향한 두번째 글로벌 도전 - 조선비즈 - Chosunbiz ‘토스 호주’ 서비스 곧 개시… IPO 향한 두번째 글로벌 도전 - 조선비즈&nbsp;&nbsp;Chosunbiz
2025-10-31,젠슨 황이 누구길래? 현대차 타고 씽씽 달린 ‘AI·로봇·자율주행 관련주’ [뉴스톡 웰스톡] - 뉴스웰,젠슨 황이 누구길래? 현대차 타고 씽씽 달린 ‘AI·로봇·자율주행 관련주’ [뉴스톡 웰스톡]&nbsp;&nbsp;뉴스웰,로봇,2025-10,젠슨 황이 누구길래? 현대차 타고 씽씽 달린 ‘AI·로봇·자율주행 관련주’ [뉴스톡 웰스톡] - 뉴스웰 젠슨 황이 누구길래? 현대차 타고 씽씽 달린 ‘AI·로봇·자율주행 관련주’ [뉴스톡 웰스톡]&nbsp;&nbsp;뉴스웰
2025-10-20,"대세는 로봇주? 휴림로봇, 투자 확대 소식에 순매수 1위 [주식 초고수는 지금] - 서울경제","대세는 로봇주? 휴림로봇, 투자 확대 소식에 순매수 1위 [주식 초고수는 지금]&nbsp;&nbsp;서울경제",로봇,2025-10,"대세는 로봇주? 휴림로봇, 투자 확대 소식에 순매수 1위 [주식 초고수는 지금] - 서울경제 대세는 로봇주? 휴림로봇, 투자 확대 소식에 순매수 1위 [주식 초고수는 지금]&nbsp;&nbsp;서울경제"
2025-10-20,코스피 3810 돌파...증권·반도체·로봇 견인...미래에셋증권 17.17% 올라 - 오피니언뉴스,코스피 3810 돌파...증권·반도체·로봇 견인...미래에셋증권 17.17% 올라&nbsp;&nbsp;오피니언뉴스,로봇,2025-10,코스피 3810 돌파...증권·반도체·로봇 견인...미래에셋증권 17.17% 올라 - 오피니언뉴스 코스피 3810 돌파...증권·반도체·로봇 견인...미래에셋증권 17.17% 올라&nbsp;&nbsp;오피니언뉴스
2025-10-20,“역시 반도체·로봇株가 대세”...초고수들 지금 ‘이 종목’ 풀매수 [주식 초고수는 지금] - 매일경제,“역시 반도체·로봇株가 대세”...초고수들 지금 ‘이 종목’ 풀매수 [주식 초고수는 지금]&nbsp;&nbsp;매일경제,로봇,2025-10,“역시 반도체·로봇株가 대세”...초고수들 지금 ‘이 종목’ 풀매수 [주식 초고수는 지금] - 매일경제 “역시 반도체·로봇株가 대세”...초고수들 지금 ‘이 종목’ 풀매수 [주식 초고수는 지금]&nbsp;&nbsp;매일경제
2025-10-10,"클로봇, 소프트뱅크 ABB 인수 호재에 상한가 직행 [종목+] - 한국경제","클로봇, 소프트뱅크 ABB 인수 호재에 상한가 직행 [종목+]&nbsp;&nbsp;한국경제",로봇,2025-10,"클로봇, 소프트뱅크 ABB 인수 호재에 상한가 직행 [종목+] - 한국경제 클로봇, 소프트뱅크 ABB 인수 호재에 상한가 직행 [종목+]&nbsp;&nbsp;한국경제"
2025-10-24,"휴림로봇, 테마주 열풍속 대량 장내매도 소식...‘피크 판단’ 적신호 - 파이낸셜투데이","휴림로봇, 테마주 열풍속 대량 장내매도 소식...‘피크 판단’ 적신호&nbsp;&nbsp;파이낸셜투데이",로봇,2025-10,"휴림로봇, 테마주 열풍속 대량 장내매도 소식...‘피크 판단’ 적신호 - 파이낸셜투데이 휴림로봇, 테마주 열풍속 대량 장내매도 소식...‘피크 판단’ 적신호&nbsp;&nbsp;파이낸셜투데이"
2025-10-27,"美 서브 로보틱스, 주식매각해 1430억원 확보한다 - 로봇신문","美 서브 로보틱스, 주식매각해 1430억원 확보한다&nbsp;&nbsp;로봇신문",로봇,2025-10,"美 서브 로보틱스, 주식매각해 1430억원 확보한다 - 로봇신문 美 서브 로보틱스, 주식매각해 1430억원 확보한다&nbsp;&nbsp;로봇신문"
2025-10-12,"휴머노이드 로봇, 10년뒤 ‘8경 시장’ 열린다... 한국은 어디쯤? - 조선일보","휴머노이드 로봇, 10년뒤 ‘8경 시장’ 열린다... 한국은 어디쯤?&nbsp;&nbsp;조선일보",로봇,2025-10,"휴머노이드 로봇, 10년뒤 ‘8경 시장’ 열린다... 한국은 어디쯤? - 조선일보 휴머노이드 로봇, 10년뒤 ‘8경 시장’ 열린다... 한국은 어디쯤?&nbsp;&nbsp;조선일보"
2025-10-23,"아마존, '로봇이용' 창고 자동화 '성큼'…""현장 테스트 중"" - 연합뉴스","아마존, '로봇이용' 창고 자동화 '성큼'…""현장 테스트 중""&nbsp;&nbsp;연합뉴스",로봇,2025-10,"아마존, '로봇이용' 창고 자동화 '성큼'…""현장 테스트 중"" - 연합뉴스 아마존, '로봇이용' 창고 자동화 '성큼'…""현장 테스트 중""&nbsp;&nbsp;연합뉴스"
2025-10-16,"텍사스 다녀온 토스증권 ""테슬라와 엔비디아가 로봇 기술 선도"" - 연합인포맥스","텍사스 다녀온 토스증권 ""테슬라와 엔비디아가 로봇 기술 선도""&nbsp;&nbsp;연합인포맥스",로봇,2025-10,"텍사스 다녀온 토스증권 ""테슬라와 엔비디아가 로봇 기술 선도"" - 연합인포맥스 텍사스 다녀온 토스증권 ""테슬라와 엔비디아가 로봇 기술 선도""&nbsp;&nbsp;연합인포맥스"
2025-10-30,"로봇개 美 1억, 中은 226만원…“멍청이” 불렸던 90년생 반란 - 중앙일보","로봇개 美 1억, 中은 226만원…“멍청이” 불렸던 90년생 반란&nbsp;&nbsp;중앙일보",로봇,2025-10,"로봇개 美 1억, 中은 226만원…“멍청이” 불렸던 90년생 반란 - 중앙일보 로봇개 美 1억, 中은 226만원…“멍청이” 불렸던 90년생 반란&nbsp;&nbsp;중앙일보"
2025-10-14,"[특징주] 로보스타, “美 JP모건 로봇공학 등 100억달러 투자” 산업 로봇 기술력 부각되며 수혜주로 ‘주목’ - 와이드경제","[특징주] 로보스타, “美 JP모건 로봇공학 등 100억달러 투자” 산업 로봇 기술력 부각되며 수혜주로 ‘주목’&nbsp;&nbsp;와이드경제",로봇,2025-10,"[특징주] 로보스타, “美 JP모건 로봇공학 등 100억달러 투자” 산업 로봇 기술력 부각되며 수혜주로 ‘주목’ - 와이드경제 [특징주] 로보스타, “美 JP모건 로봇공학 등 100억달러 투자” 산업 로봇 기술력 부각되며 수혜주로 ‘주목’&nbsp;&nbsp;와이드경제"
2025-10-23,HD현대로보틱스 1800억 투자 유치 확정... ‘정기선 체제’ 로봇 사업 도약 발판 마련 - 조선비즈 - Chosunbiz,HD현대로보틱스 1800억 투자 유치 확정... ‘정기선 체제’ 로봇 사업 도약 발판 마련 - 조선비즈&nbsp;&nbsp;Chosunbiz,로봇,2025-10,HD현대로보틱스 1800억 투자 유치 확정... ‘정기선 체제’ 로봇 사업 도약 발판 마련 - 조선비즈 - Chosunbiz HD현대로보틱스 1800억 투자 유치 확정... ‘정기선 체제’ 로봇 사업 도약 발판 마련 - 조선비즈&nbsp;&nbsp;Chosunbiz
2025-10-14,"네이버, 미국 차세대 AI 로보틱스 스타트업에 베팅 - 한국경제","네이버, 미국 차세대 AI 로보틱스 스타트업에 베팅&nbsp;&nbsp;한국경제",로봇,2025-10,"네이버, 미국 차세대 AI 로보틱스 스타트업에 베팅 - 한국경제 네이버, 미국 차세대 AI 로보틱스 스타트업에 베팅&nbsp;&nbsp;한국경제"
2025-10-21,중국산이 점령한 서빙로봇…'보안 사각지대' 논란 - 연합뉴스,중국산이 점령한 서빙로봇…'보안 사각지대' 논란&nbsp;&nbsp;연합뉴스,로봇,2025-10,중국산이 점령한 서빙로봇…'보안 사각지대' 논란 - 연합뉴스 중국산이 점령한 서빙로봇…'보안 사각지대' 논란&nbsp;&nbsp;연합뉴스
2025-10-23,미래 첨단기술 전시 'FIX 2025' 이틀째…휴머노이드 로봇 총출동 - 연합뉴스,미래 첨단기술 전시 'FIX 2025' 이틀째…휴머노이드 로봇 총출동&nbsp;&nbsp;연합뉴스,로봇,2025-10,미래 첨단기술 전시 'FIX 2025' 이틀째…휴머노이드 로봇 총출동 - 연합뉴스 미래 첨단기술 전시 'FIX 2025' 이틀째…휴머노이드 로봇 총출동&nbsp;&nbsp;연합뉴스
2025-10-20,"로봇산업 지원 추진에…고수들, 휴림로봇 집중 매수 - 한국경제","로봇산업 지원 추진에…고수들, 휴림로봇 집중 매수&nbsp;&nbsp;한국경제",로봇,2025-10,"로봇산업 지원 추진에…고수들, 휴림로봇 집중 매수 - 한국경제 로봇산업 지원 추진에…고수들, 휴림로봇 집중 매수&nbsp;&nbsp;한국경제"
2025-10-30,"우후죽순 상장한 휴머노이드 로봇 ETF, 5개월 성적표는? - 조선비즈 - Chosunbiz","우후죽순 상장한 휴머노이드 로봇 ETF, 5개월 성적표는? - 조선비즈&nbsp;&nbsp;Chosunbiz",로봇,2025-10,"우후죽순 상장한 휴머노이드 로봇 ETF, 5개월 성적표는? - 조선비즈 - Chosunbiz 우후죽순 상장한 휴머노이드 로봇 ETF, 5개월 성적표는? - 조선비즈&nbsp;&nbsp;Chosunbiz"
2025-10-14,로봇에 푹 빠진 네이버…'피지컬 AI' 신규 투자처 찾는다 - 한국경제,로봇에 푹 빠진 네이버…'피지컬 AI' 신규 투자처 찾는다&nbsp;&nbsp;한국경제,로봇,2025-10,로봇에 푹 빠진 네이버…'피지컬 AI' 신규 투자처 찾는다 - 한국경제 로봇에 푹 빠진 네이버…'피지컬 AI' 신규 투자처 찾는다&nbsp;&nbsp;한국경제
2025-10-31,사족보행 반려로봇 '스팟'과 바이올린 연주 공연 - 연합뉴스,사족보행 반려로봇 '스팟'과 바이올린 연주 공연&nbsp;&nbsp;연합뉴스,로봇,2025-10,사족보행 반려로봇 '스팟'과 바이올린 연주 공연 - 연합뉴스 사족보행 반려로봇 '스팟'과 바이올린 연주 공연&nbsp;&nbsp;연합뉴스
2025-10-30,"금속노조 ""현대제철 보행로봇 도입, 노동자 감시"" - 연합뉴스","금속노조 ""현대제철 보행로봇 도입, 노동자 감시""&nbsp;&nbsp;연합뉴스",로봇,2025-10,"금속노조 ""현대제철 보행로봇 도입, 노동자 감시"" - 연합뉴스 금속노조 ""현대제철 보행로봇 도입, 노동자 감시""&nbsp;&nbsp;연합뉴스"
2025-10-30,"하스우트 CEO ""휴머노이드는 시기상조…협동로봇이 자동화 이끌 것"" - 한국경제","하스우트 CEO ""휴머노이드는 시기상조…협동로봇이 자동화 이끌 것""&nbsp;&nbsp;한국경제",로봇,2025-10,"하스우트 CEO ""휴머노이드는 시기상조…협동로봇이 자동화 이끌 것"" - 한국경제 하스우트 CEO ""휴머노이드는 시기상조…협동로봇이 자동화 이끌 것""&nbsp;&nbsp;한국경제"
2025-10-01,국군의날에 무인기·로봇 등 대거 선보여…괴물미사일 현무-5도 - 연합뉴스,국군의날에 무인기·로봇 등 대거 선보여…괴물미사일 현무-5도&nbsp;&nbsp;연합뉴스,로봇,2025-10,국군의날에 무인기·로봇 등 대거 선보여…괴물미사일 현무-5도 - 연합뉴스 국군의날에 무인기·로봇 등 대거 선보여…괴물미사일 현무-5도&nbsp;&nbsp;연합뉴스
2025-10-10,"유아이패스(PATH) 주식 전망: RPA에서 AI 에이전트까지, 사야 할까? - 네이버 프리미엄콘텐츠","유아이패스(PATH) 주식 전망: RPA에서 AI 에이전트까지, 사야 할까?&nbsp;&nbsp;네이버 프리미엄콘텐츠",로봇,2025-10,"유아이패스(PATH) 주식 전망: RPA에서 AI 에이전트까지, 사야 할까? - 네이버 프리미엄콘텐츠 유아이패스(PATH) 주식 전망: RPA에서 AI 에이전트까지, 사야 할까?&nbsp;&nbsp;네이버 프리미엄콘텐츠"
2025-10-13,"현대차그룹, 로봇사업 적자에도 장부가 상향…상장 지연 부담 - 스트레이트뉴스","현대차그룹, 로봇사업 적자에도 장부가 상향…상장 지연 부담&nbsp;&nbsp;스트레이트뉴스",로봇,2025-10,"현대차그룹, 로봇사업 적자에도 장부가 상향…상장 지연 부담 - 스트레이트뉴스 현대차그룹, 로봇사업 적자에도 장부가 상향…상장 지연 부담&nbsp;&nbsp;스트레이트뉴스"
2025-10-15,국내 최대 로봇경진대회 강릉에서 열린다 - 연합뉴스,국내 최대 로봇경진대회 강릉에서 열린다&nbsp;&nbsp;연합뉴스,로봇,2025-10,국내 최대 로봇경진대회 강릉에서 열린다 - 연합뉴스 국내 최대 로봇경진대회 강릉에서 열린다&nbsp;&nbsp;연합뉴스
2025-10-13,"[초점] 테슬라, 전기차 시대 넘어 'AI·로봇 생태계' 구축 - 초이스스탁","[초점] 테슬라, 전기차 시대 넘어 'AI·로봇 생태계' 구축&nbsp;&nbsp;초이스스탁",로봇,2025-10,"[초점] 테슬라, 전기차 시대 넘어 'AI·로봇 생태계' 구축 - 초이스스탁 [초점] 테슬라, 전기차 시대 넘어 'AI·로봇 생태계' 구축&nbsp;&nbsp;초이스스탁"
2025-10-14,"한라캐스트, 미래차·로봇 수주 기대감 속 오버행 리스크도 넘어선 반등 흐름 - 한국경제","한라캐스트, 미래차·로봇 수주 기대감 속 오버행 리스크도 넘어선 반등 흐름&nbsp;&nbsp;한국경제",로봇,2025-10,"한라캐스트, 미래차·로봇 수주 기대감 속 오버행 리스크도 넘어선 반등 흐름 - 한국경제 한라캐스트, 미래차·로봇 수주 기대감 속 오버행 리스크도 넘어선 반등 흐름&nbsp;&nbsp;한국경제"
2025-10-16,"카카오페이증권, “AI 이어 양자컴퓨팅 부상…9월 투자 테마 변화"" - 팝콘뉴스","카카오페이증권, “AI 이어 양자컴퓨팅 부상…9월 투자 테마 변화""&nbsp;&nbsp;팝콘뉴스",로봇,2025-10,"카카오페이증권, “AI 이어 양자컴퓨팅 부상…9월 투자 테마 변화"" - 팝콘뉴스 카카오페이증권, “AI 이어 양자컴퓨팅 부상…9월 투자 테마 변화""&nbsp;&nbsp;팝콘뉴스"
2025-10-14,[포항소식] 강기원 한국로봇융합연구원장 취임 - 연합뉴스,[포항소식] 강기원 한국로봇융합연구원장 취임&nbsp;&nbsp;연합뉴스,로봇,2025-10,[포항소식] 강기원 한국로봇융합연구원장 취임 - 연합뉴스 [포항소식] 강기원 한국로봇융합연구원장 취임&nbsp;&nbsp;연합뉴스
2025-10-27,"""中휴머노이드 로봇株 담을 때… ETF 수익률만 40% 달해"" [투자고수를 찾아서] - 한국경제","""中휴머노이드 로봇株 담을 때… ETF 수익률만 40% 달해"" [투자고수를 찾아서]&nbsp;&nbsp;한국경제",로봇,2025-10,"""中휴머노이드 로봇株 담을 때… ETF 수익률만 40% 달해"" [투자고수를 찾아서] - 한국경제 ""中휴머노이드 로봇株 담을 때… ETF 수익률만 40% 달해"" [투자고수를 찾아서]&nbsp;&nbsp;한국경제"
2025-10-17,휴림로봇 주가 10% 상승...SK 인수설 또 확산 - gukjenews.com,휴림로봇 주가 10% 상승...SK 인수설 또 확산&nbsp;&nbsp;gukjenews.com,로봇,2025-10,휴림로봇 주가 10% 상승...SK 인수설 또 확산 - gukjenews.com 휴림로봇 주가 10% 상승...SK 인수설 또 확산&nbsp;&nbsp;gukjenews.com
2025-10-19,"테슬라, ‘옵티머스’ 부품 9460억원 규모 주문…내년 중 양산 임박 - 초이스스탁","테슬라, ‘옵티머스’ 부품 9460억원 규모 주문…내년 중 양산 임박&nbsp;&nbsp;초이스스탁",로봇,2025-10,"테슬라, ‘옵티머스’ 부품 9460억원 규모 주문…내년 중 양산 임박 - 초이스스탁 테슬라, ‘옵티머스’ 부품 9460억원 규모 주문…내년 중 양산 임박&nbsp;&nbsp;초이스스탁"
2025-10-24,국감장에 나타난 사족보행 로봇 - 연합뉴스,국감장에 나타난 사족보행 로봇&nbsp;&nbsp;연합뉴스,로봇,2025-10,국감장에 나타난 사족보행 로봇 - 연합뉴스 국감장에 나타난 사족보행 로봇&nbsp;&nbsp;연합뉴스
2025-10-21,[단독]정기선式 로봇혁신으로 中과 경쟁 - 부산파이낸셜뉴스,[단독]정기선式 로봇혁신으로 中과 경쟁&nbsp;&nbsp;부산파이낸셜뉴스,로봇,2025-10,[단독]정기선式 로봇혁신으로 中과 경쟁 - 부산파이낸셜뉴스 [단독]정기선式 로봇혁신으로 中과 경쟁&nbsp;&nbsp;부산파이낸셜뉴스
2025-10-01,"충북도, 전국 최초로 자율주행 주차로봇 실증 - nocutnews.co.kr","충북도, 전국 최초로 자율주행 주차로봇 실증&nbsp;&nbsp;nocutnews.co.kr",로봇,2025-10,"충북도, 전국 최초로 자율주행 주차로봇 실증 - nocutnews.co.kr 충북도, 전국 최초로 자율주행 주차로봇 실증&nbsp;&nbsp;nocutnews.co.kr"
2025-10-10,"손정의, 대출까지 받아 'AI 올인'하나…Arm 주식 담보로 50억달러 대출 진행 - 더쎈뉴스","손정의, 대출까지 받아 'AI 올인'하나…Arm 주식 담보로 50억달러 대출 진행&nbsp;&nbsp;더쎈뉴스",로봇,2025-10,"손정의, 대출까지 받아 'AI 올인'하나…Arm 주식 담보로 50억달러 대출 진행 - 더쎈뉴스 손정의, 대출까지 받아 'AI 올인'하나…Arm 주식 담보로 50억달러 대출 진행&nbsp;&nbsp;더쎈뉴스"
2025-10-10,테슬라 옵티머스 로봇 생산량 수백대 그쳐…1만대 목표는 허상 - 디지털투데이,테슬라 옵티머스 로봇 생산량 수백대 그쳐…1만대 목표는 허상&nbsp;&nbsp;디지털투데이,로봇,2025-10,테슬라 옵티머스 로봇 생산량 수백대 그쳐…1만대 목표는 허상 - 디지털투데이 테슬라 옵티머스 로봇 생산량 수백대 그쳐…1만대 목표는 허상&nbsp;&nbsp;디지털투데이
2025-10-27,테슬라의 미래는 로봇 군단? 머스크의 통제 욕망 드러난 발언 논란 : 네이버 블로그 - Naver Blog,테슬라의 미래는 로봇 군단? 머스크의 통제 욕망 드러난 발언 논란 : 네이버 블로그&nbsp;&nbsp;Naver Blog,로봇,2025-10,테슬라의 미래는 로봇 군단? 머스크의 통제 욕망 드러난 발언 논란 : 네이버 블로그 - Naver Blog 테슬라의 미래는 로봇 군단? 머스크의 통제 욕망 드러난 발언 논란 : 네이버 블로그&nbsp;&nbsp;Naver Blog
2025-10-13,2개 빼곤 전부 '마이너스'…차이나 ETF 줄줄이 하락 - 한국경제,2개 빼곤 전부 '마이너스'…차이나 ETF 줄줄이 하락&nbsp;&nbsp;한국경제,로봇,2025-10,2개 빼곤 전부 '마이너스'…차이나 ETF 줄줄이 하락 - 한국경제 2개 빼곤 전부 '마이너스'…차이나 ETF 줄줄이 하락&nbsp;&nbsp;한국경제
2025-10-25,"반년 만에 주가 75% 뛰었는데…""곧 중국이 따라잡는다"" 경고 [선한결의 이기업 왜이래] - 한국경제","반년 만에 주가 75% 뛰었는데…""곧 중국이 따라잡는다"" 경고 [선한결의 이기업 왜이래]&nbsp;&nbsp;한국경제",로봇,2025-10,"반년 만에 주가 75% 뛰었는데…""곧 중국이 따라잡는다"" 경고 [선한결의 이기업 왜이래] - 한국경제 반년 만에 주가 75% 뛰었는데…""곧 중국이 따라잡는다"" 경고 [선한결의 이기업 왜이래]&nbsp;&nbsp;한국경제"
2025-10-24,"레인보우로보틱스-삼성중공업, 로봇 기반 '스마트 조선소' 구현 맞손 - 네이트","레인보우로보틱스-삼성중공업, 로봇 기반 '스마트 조선소' 구현 맞손&nbsp;&nbsp;네이트",로봇,2025-10,"레인보우로보틱스-삼성중공업, 로봇 기반 '스마트 조선소' 구현 맞손 - 네이트 레인보우로보틱스-삼성중공업, 로봇 기반 '스마트 조선소' 구현 맞손&nbsp;&nbsp;네이트"
2025-10-09,"""챗GPT처럼…3년내 로봇 대중화"" - 네이트","""챗GPT처럼…3년내 로봇 대중화""&nbsp;&nbsp;네이트",로봇,2025-10,"""챗GPT처럼…3년내 로봇 대중화"" - 네이트 ""챗GPT처럼…3년내 로봇 대중화""&nbsp;&nbsp;네이트"
2025-10-02,"휴머노이드로봇, 손은 왜 사람처럼 못 만들까 - 네이트","휴머노이드로봇, 손은 왜 사람처럼 못 만들까&nbsp;&nbsp;네이트",로봇,2025-10,"휴머노이드로봇, 손은 왜 사람처럼 못 만들까 - 네이트 휴머노이드로봇, 손은 왜 사람처럼 못 만들까&nbsp;&nbsp;네이트"
2025-10-08,"쓰레기로 병든 바다, AI와 로봇공학이 살린다 - 네이트","쓰레기로 병든 바다, AI와 로봇공학이 살린다&nbsp;&nbsp;네이트",로봇,2025-10,"쓰레기로 병든 바다, AI와 로봇공학이 살린다 - 네이트 쓰레기로 병든 바다, AI와 로봇공학이 살린다&nbsp;&nbsp;네이트"
2025-10-23,"[아이포럼 2025] 최리군 현대차 상무 ""로봇지능사회 온다⋯인간을 돕는 로봇 구현"" - 네이트","[아이포럼 2025] 최리군 현대차 상무 ""로봇지능사회 온다⋯인간을 돕는 로봇 구현""&nbsp;&nbsp;네이트",로봇,2025-10,"[아이포럼 2025] 최리군 현대차 상무 ""로봇지능사회 온다⋯인간을 돕는 로봇 구현"" - 네이트 [아이포럼 2025] 최리군 현대차 상무 ""로봇지능사회 온다⋯인간을 돕는 로봇 구현""&nbsp;&nbsp;네이트"
2025-10-01,"[단독] LG전자, 휴머노이드 핵심 '로봇 두뇌' 개발 나선다 - 네이트","[단독] LG전자, 휴머노이드 핵심 '로봇 두뇌' 개발 나선다&nbsp;&nbsp;네이트",로봇,2025-10,"[단독] LG전자, 휴머노이드 핵심 '로봇 두뇌' 개발 나선다 - 네이트 [단독] LG전자, 휴머노이드 핵심 '로봇 두뇌' 개발 나선다&nbsp;&nbsp;네이트"
2025-10-27,'코리아 디스카운트'는 옛말…코스피 상승률 압도적 세계 1위(종합) - 연합뉴스,'코리아 디스카운트'는 옛말…코스피 상승률 압도적 세계 1위(종합)&nbsp;&nbsp;연합뉴스,SI,2025-10,'코리아 디스카운트'는 옛말…코스피 상승률 압도적 세계 1위(종합) - 연합뉴스 '코리아 디스카운트'는 옛말…코스피 상승률 압도적 세계 1위(종합)&nbsp;&nbsp;연합뉴스
2025-10-20,"심텍홀딩스, 페이퍼컴퍼니에 1000억원 송금… 오너일가 곳간 채우기? - abcn.kr","심텍홀딩스, 페이퍼컴퍼니에 1000억원 송금… 오너일가 곳간 채우기?&nbsp;&nbsp;abcn.kr",SI,2025-10,"심텍홀딩스, 페이퍼컴퍼니에 1000억원 송금… 오너일가 곳간 채우기? - abcn.kr 심텍홀딩스, 페이퍼컴퍼니에 1000억원 송금… 오너일가 곳간 채우기?&nbsp;&nbsp;abcn.kr"
2025-10-10,"[카드뉴스] 10월 10일, 주식시장·은행·택배 운영 상황 총정리 - 이투데이","[카드뉴스] 10월 10일, 주식시장·은행·택배 운영 상황 총정리&nbsp;&nbsp;이투데이",은행,2025-10,"[카드뉴스] 10월 10일, 주식시장·은행·택배 운영 상황 총정리 - 이투데이 [카드뉴스] 10월 10일, 주식시장·은행·택배 운영 상황 총정리&nbsp;&nbsp;이투데이"
2025-10-17,"뉴욕증시, 되살아난 지역은행 부실 공포…하락 마감 - 연합뉴스","뉴욕증시, 되살아난 지역은행 부실 공포…하락 마감&nbsp;&nbsp;연합뉴스",은행,2025-10,"뉴욕증시, 되살아난 지역은행 부실 공포…하락 마감 - 연합뉴스 뉴욕증시, 되살아난 지역은행 부실 공포…하락 마감&nbsp;&nbsp;연합뉴스"
2025-10-12,금융시장이 불안할 때 금은 현명한 투자처일까? - BBC,금융시장이 불안할 때 금은 현명한 투자처일까?&nbsp;&nbsp;BBC,은행,2025-10,금융시장이 불안할 때 금은 현명한 투자처일까? - BBC 금융시장이 불안할 때 금은 현명한 투자처일까?&nbsp;&nbsp;BBC
2025-10-22,"[스트레이트뉴스 여론조사] 농협은행, 퇴직연금 맡기고 싶은 회사 1위 - 스트레이트뉴스","[스트레이트뉴스 여론조사] 농협은행, 퇴직연금 맡기고 싶은 회사 1위&nbsp;&nbsp;스트레이트뉴스",은행,2025-10,"[스트레이트뉴스 여론조사] 농협은행, 퇴직연금 맡기고 싶은 회사 1위 - 스트레이트뉴스 [스트레이트뉴스 여론조사] 농협은행, 퇴직연금 맡기고 싶은 회사 1위&nbsp;&nbsp;스트레이트뉴스"
2025-10-18,美 지역은행 ETF 1%대 반등…'저가 매수' 추천도 - 연합인포맥스,美 지역은행 ETF 1%대 반등…'저가 매수' 추천도&nbsp;&nbsp;연합인포맥스,은행,2025-10,美 지역은행 ETF 1%대 반등…'저가 매수' 추천도 - 연합인포맥스 美 지역은행 ETF 1%대 반등…'저가 매수' 추천도&nbsp;&nbsp;연합인포맥스
2025-10-19,"더 커진 비트코인 파워…日, 은행 ‘가상화폐 보유’ 허용 추진 - v.daum.net","더 커진 비트코인 파워…日, 은행 ‘가상화폐 보유’ 허용 추진&nbsp;&nbsp;v.daum.net",은행,2025-10,"더 커진 비트코인 파워…日, 은행 ‘가상화폐 보유’ 허용 추진 - v.daum.net 더 커진 비트코인 파워…日, 은행 ‘가상화폐 보유’ 허용 추진&nbsp;&nbsp;v.daum.net"
2025-10-23,트럼프의 금융 규제 완화 효과에...M&A로 돈 많이 번 美 5대 투자은행 - 조선일보,트럼프의 금융 규제 완화 효과에...M&amp;A로 돈 많이 번 美 5대 투자은행&nbsp;&nbsp;조선일보,은행,2025-10,트럼프의 금융 규제 완화 효과에...M&A로 돈 많이 번 美 5대 투자은행 - 조선일보 트럼프의 금융 규제 완화 효과에...M&amp;A로 돈 많이 번 美 5대 투자은행&nbsp;&nbsp;조선일보
2025-10-22,"""목표주가 낮추고 가이던스 내리고""...옥석가리기 나선 美 월가 - 오피니언뉴스","""목표주가 낮추고 가이던스 내리고""...옥석가리기 나선 美 월가&nbsp;&nbsp;오피니언뉴스",은행,2025-10,"""목표주가 낮추고 가이던스 내리고""...옥석가리기 나선 美 월가 - 오피니언뉴스 ""목표주가 낮추고 가이던스 내리고""...옥석가리기 나선 美 월가&nbsp;&nbsp;오피니언뉴스"
2025-10-15,"""지금이야말로 살 때죠""…증권가 입모아 사라는 '국민주' 정체 [분석+] - 한국경제","""지금이야말로 살 때죠""…증권가 입모아 사라는 '국민주' 정체 [분석+]&nbsp;&nbsp;한국경제",은행,2025-10,"""지금이야말로 살 때죠""…증권가 입모아 사라는 '국민주' 정체 [분석+] - 한국경제 ""지금이야말로 살 때죠""…증권가 입모아 사라는 '국민주' 정체 [분석+]&nbsp;&nbsp;한국경제"
2025-10-29,"토스증권, 글로벌 뉴스 서비스 확대…""WSJ부터 바론즈까지 한국어로"" - ebn.co.kr","토스증권, 글로벌 뉴스 서비스 확대…""WSJ부터 바론즈까지 한국어로""&nbsp;&nbsp;ebn.co.kr",은행,2025-10,"토스증권, 글로벌 뉴스 서비스 확대…""WSJ부터 바론즈까지 한국어로"" - ebn.co.kr 토스증권, 글로벌 뉴스 서비스 확대…""WSJ부터 바론즈까지 한국어로""&nbsp;&nbsp;ebn.co.kr"
2025-10-30,"국내외 주식 한 번에…하나은행, '모두 다 하나통장' 출시 - 뉴스1","국내외 주식 한 번에…하나은행, '모두 다 하나통장' 출시&nbsp;&nbsp;뉴스1",은행,2025-10,"국내외 주식 한 번에…하나은행, '모두 다 하나통장' 출시 - 뉴스1 국내외 주식 한 번에…하나은행, '모두 다 하나통장' 출시&nbsp;&nbsp;뉴스1"
2025-10-27,[이코노워치] 역사를 새로 쓰는 코스피 - 연합뉴스,[이코노워치] 역사를 새로 쓰는 코스피&nbsp;&nbsp;연합뉴스,은행,2025-10,[이코노워치] 역사를 새로 쓰는 코스피 - 연합뉴스 [이코노워치] 역사를 새로 쓰는 코스피&nbsp;&nbsp;연합뉴스
2025-10-16,[10·15 부동산 대책] 은행주 영향 제한적인 까닭은 - 오피니언뉴스,[10·15 부동산 대책] 은행주 영향 제한적인 까닭은&nbsp;&nbsp;오피니언뉴스,은행,2025-10,[10·15 부동산 대책] 은행주 영향 제한적인 까닭은 - 오피니언뉴스 [10·15 부동산 대책] 은행주 영향 제한적인 까닭은&nbsp;&nbsp;오피니언뉴스
2025-10-19,'방탄 증시'에 돌아온 변동성…위기 신호? 매수 기회? [빈난새의 빈틈없이월가] - 한국경제,'방탄 증시'에 돌아온 변동성…위기 신호? 매수 기회? [빈난새의 빈틈없이월가]&nbsp;&nbsp;한국경제,은행,2025-10,'방탄 증시'에 돌아온 변동성…위기 신호? 매수 기회? [빈난새의 빈틈없이월가] - 한국경제 '방탄 증시'에 돌아온 변동성…위기 신호? 매수 기회? [빈난새의 빈틈없이월가]&nbsp;&nbsp;한국경제
2025-10-23,"""中 불법개입해서 코스피랠리?""…지분 4% 중국은 '한국서 조막손' [팩트, 첵첵첵] - v.daum.net","""中 불법개입해서 코스피랠리?""…지분 4% 중국은 '한국서 조막손' [팩트, 첵첵첵]&nbsp;&nbsp;v.daum.net",은행,2025-10,"""中 불법개입해서 코스피랠리?""…지분 4% 중국은 '한국서 조막손' [팩트, 첵첵첵] - v.daum.net ""中 불법개입해서 코스피랠리?""…지분 4% 중국은 '한국서 조막손' [팩트, 첵첵첵]&nbsp;&nbsp;v.daum.net"
2025-10-31,"삼성家 블록딜 성공적 마무리…""삼성전자·생명 매각"" - 연합인포맥스","삼성家 블록딜 성공적 마무리…""삼성전자·생명 매각""&nbsp;&nbsp;연합인포맥스",은행,2025-10,"삼성家 블록딜 성공적 마무리…""삼성전자·생명 매각"" - 연합인포맥스 삼성家 블록딜 성공적 마무리…""삼성전자·생명 매각""&nbsp;&nbsp;연합인포맥스"
2025-10-28,'미공개 정보이용' NH투자증권 압수수색…불공정거래 척결 '2호' - 연합뉴스,'미공개 정보이용' NH투자증권 압수수색…불공정거래 척결 '2호'&nbsp;&nbsp;연합뉴스,은행,2025-10,'미공개 정보이용' NH투자증권 압수수색…불공정거래 척결 '2호' - 연합뉴스 '미공개 정보이용' NH투자증권 압수수색…불공정거래 척결 '2호'&nbsp;&nbsp;연합뉴스
2025-10-20,"하나증권 ""국내 최초 외국인통합계좌 첫 거래 성공적 완료"" - 연합뉴스","하나증권 ""국내 최초 외국인통합계좌 첫 거래 성공적 완료""&nbsp;&nbsp;연합뉴스",은행,2025-10,"하나증권 ""국내 최초 외국인통합계좌 첫 거래 성공적 완료"" - 연합뉴스 하나증권 ""국내 최초 외국인통합계좌 첫 거래 성공적 완료""&nbsp;&nbsp;연합뉴스"
2025-10-09,올해 국내주식 가장 자주 매매한 외국인은 '영국인'…44.7% 차지 - 연합뉴스,올해 국내주식 가장 자주 매매한 외국인은 '영국인'…44.7% 차지&nbsp;&nbsp;연합뉴스,은행,2025-10,올해 국내주식 가장 자주 매매한 외국인은 '영국인'…44.7% 차지 - 연합뉴스 올해 국내주식 가장 자주 매매한 외국인은 '영국인'…44.7% 차지&nbsp;&nbsp;연합뉴스
2025-10-02,"올해 코스피 연동 ETF 투자했다면…""수익률 정기예금 33배"" - 연합뉴스","올해 코스피 연동 ETF 투자했다면…""수익률 정기예금 33배""&nbsp;&nbsp;연합뉴스",은행,2025-10,"올해 코스피 연동 ETF 투자했다면…""수익률 정기예금 33배"" - 연합뉴스 올해 코스피 연동 ETF 투자했다면…""수익률 정기예금 33배""&nbsp;&nbsp;연합뉴스"
2025-10-20,"주식도 금도 은도 다 올랐는데 코인만… ""비트코인 7만달러까지 하락할 수도"" - 조선일보","주식도 금도 은도 다 올랐는데 코인만… ""비트코인 7만달러까지 하락할 수도""&nbsp;&nbsp;조선일보",은행,2025-10,"주식도 금도 은도 다 올랐는데 코인만… ""비트코인 7만달러까지 하락할 수도"" - 조선일보 주식도 금도 은도 다 올랐는데 코인만… ""비트코인 7만달러까지 하락할 수도""&nbsp;&nbsp;조선일보"
2025-10-31,"상상인저축은행, KBI그룹 품으로…1107억에 지분 90% 매각 - 인더스트리뉴스","상상인저축은행, KBI그룹 품으로…1107억에 지분 90% 매각&nbsp;&nbsp;인더스트리뉴스",은행,2025-10,"상상인저축은행, KBI그룹 품으로…1107억에 지분 90% 매각 - 인더스트리뉴스 상상인저축은행, KBI그룹 품으로…1107억에 지분 90% 매각&nbsp;&nbsp;인더스트리뉴스"
2025-10-10,"[카드뉴스] 10월 10일, 주식시장·은행·택배 운영 상황 총정리 - 네이트","[카드뉴스] 10월 10일, 주식시장·은행·택배 운영 상황 총정리&nbsp;&nbsp;네이트",은행,2025-10,"[카드뉴스] 10월 10일, 주식시장·은행·택배 운영 상황 총정리 - 네이트 [카드뉴스] 10월 10일, 주식시장·은행·택배 운영 상황 총정리&nbsp;&nbsp;네이트"
2025-10-29,[글로벌 랠리] ③계속 오른다는 국내외 증시...어떤 전략 유리할까? - 오피니언뉴스,[글로벌 랠리] ③계속 오른다는 국내외 증시...어떤 전략 유리할까?&nbsp;&nbsp;오피니언뉴스,은행,2025-10,[글로벌 랠리] ③계속 오른다는 국내외 증시...어떤 전략 유리할까? - 오피니언뉴스 [글로벌 랠리] ③계속 오른다는 국내외 증시...어떤 전략 유리할까?&nbsp;&nbsp;오피니언뉴스
2025-10-30,"""지금 물렸다가는 큰일""…고점 가늠하는 3가지 지표 - 뉴스1","""지금 물렸다가는 큰일""…고점 가늠하는 3가지 지표&nbsp;&nbsp;뉴스1",은행,2025-10,"""지금 물렸다가는 큰일""…고점 가늠하는 3가지 지표 - 뉴스1 ""지금 물렸다가는 큰일""…고점 가늠하는 3가지 지표&nbsp;&nbsp;뉴스1"
2025-10-26,"대출 막히자 다 끌어썼다…5대 은행, 요구불 예금 한 달 새 20조원 ‘뚝’ - 중앙일보","대출 막히자 다 끌어썼다…5대 은행, 요구불 예금 한 달 새 20조원 ‘뚝’&nbsp;&nbsp;중앙일보",은행,2025-10,"대출 막히자 다 끌어썼다…5대 은행, 요구불 예금 한 달 새 20조원 ‘뚝’ - 중앙일보 대출 막히자 다 끌어썼다…5대 은행, 요구불 예금 한 달 새 20조원 ‘뚝’&nbsp;&nbsp;중앙일보"
2025-10-28,"키움증권, ′포인트 서비스′ 가입자 30만 명 돌파 - KPI뉴스","키움증권, ′포인트 서비스′ 가입자 30만 명 돌파&nbsp;&nbsp;KPI뉴스",은행,2025-10,"키움증권, ′포인트 서비스′ 가입자 30만 명 돌파 - KPI뉴스 키움증권, ′포인트 서비스′ 가입자 30만 명 돌파&nbsp;&nbsp;KPI뉴스"
2025-10-01,"前 골드만 FX 수석 ""中 국유은행이 대신 달러 산다…주식 등으로 유입"" - 연합인포맥스","前 골드만 FX 수석 ""中 국유은행이 대신 달러 산다…주식 등으로 유입""&nbsp;&nbsp;연합인포맥스",은행,2025-10,"前 골드만 FX 수석 ""中 국유은행이 대신 달러 산다…주식 등으로 유입"" - 연합인포맥스 前 골드만 FX 수석 ""中 국유은행이 대신 달러 산다…주식 등으로 유입""&nbsp;&nbsp;연합인포맥스"
2025-10-17,또 불거진 美 지역은행 부실 사태...실리콘밸리뱅크 악몽 재현되나 - 오피니언뉴스,또 불거진 美 지역은행 부실 사태...실리콘밸리뱅크 악몽 재현되나&nbsp;&nbsp;오피니언뉴스,은행,2025-10,또 불거진 美 지역은행 부실 사태...실리콘밸리뱅크 악몽 재현되나 - 오피니언뉴스 또 불거진 美 지역은행 부실 사태...실리콘밸리뱅크 악몽 재현되나&nbsp;&nbsp;오피니언뉴스
2025-10-20,"하나증권, 국내 최초 ‘외국인통합계좌’ 첫 거래 개시 - 하이뉴스","하나증권, 국내 최초 ‘외국인통합계좌’ 첫 거래 개시&nbsp;&nbsp;하이뉴스",은행,2025-10,"하나증권, 국내 최초 ‘외국인통합계좌’ 첫 거래 개시 - 하이뉴스 하나증권, 국내 최초 ‘외국인통합계좌’ 첫 거래 개시&nbsp;&nbsp;하이뉴스"
2025-10-14,국내주식 소수점거래 '찬밥신세'…해외주식 '130분의 1' 수준 - 뉴스1,국내주식 소수점거래 '찬밥신세'…해외주식 '130분의 1' 수준&nbsp;&nbsp;뉴스1,은행,2025-10,국내주식 소수점거래 '찬밥신세'…해외주식 '130분의 1' 수준 - 뉴스1 국내주식 소수점거래 '찬밥신세'…해외주식 '130분의 1' 수준&nbsp;&nbsp;뉴스1
2025-10-24,삼부토건 수사 여파에…디와이디 지배구조 ‘상상인’이 흔드나 - 필드뉴스,삼부토건 수사 여파에…디와이디 지배구조 ‘상상인’이 흔드나&nbsp;&nbsp;필드뉴스,은행,2025-10,삼부토건 수사 여파에…디와이디 지배구조 ‘상상인’이 흔드나 - 필드뉴스 삼부토건 수사 여파에…디와이디 지배구조 ‘상상인’이 흔드나&nbsp;&nbsp;필드뉴스
2025-10-15,′금 수요′ 잡아라…증권사들 수수료 인하 등 경쟁 치열 - KPI뉴스,′금 수요′ 잡아라…증권사들 수수료 인하 등 경쟁 치열&nbsp;&nbsp;KPI뉴스,은행,2025-10,′금 수요′ 잡아라…증권사들 수수료 인하 등 경쟁 치열 - KPI뉴스 ′금 수요′ 잡아라…증권사들 수수료 인하 등 경쟁 치열&nbsp;&nbsp;KPI뉴스
2025-10-02,"""삼성전자에 꽂혔다"" 외인, 1.4조 폭풍매수…발 뺀 종목은 '이것' - 머니투데이 - 머니투데이","""삼성전자에 꽂혔다"" 외인, 1.4조 폭풍매수…발 뺀 종목은 '이것' - 머니투데이&nbsp;&nbsp;머니투데이",은행,2025-10,"""삼성전자에 꽂혔다"" 외인, 1.4조 폭풍매수…발 뺀 종목은 '이것' - 머니투데이 - 머니투데이 ""삼성전자에 꽂혔다"" 외인, 1.4조 폭풍매수…발 뺀 종목은 '이것' - 머니투데이&nbsp;&nbsp;머니투데이"
2025-10-28,"KB證, ‘둔촌역PB센터’ 오픈…서울 동남권 고객서비스 강화 - 라이센스뉴스","KB證, ‘둔촌역PB센터’ 오픈…서울 동남권 고객서비스 강화&nbsp;&nbsp;라이센스뉴스",은행,2025-10,"KB證, ‘둔촌역PB센터’ 오픈…서울 동남권 고객서비스 강화 - 라이센스뉴스 KB證, ‘둔촌역PB센터’ 오픈…서울 동남권 고객서비스 강화&nbsp;&nbsp;라이센스뉴스"
2025-10-29,"토스증권, 글로벌 뉴스 서비스 대폭 확대…해외주식 정보 경쟁력 강화 - 팝콘뉴스","토스증권, 글로벌 뉴스 서비스 대폭 확대…해외주식 정보 경쟁력 강화&nbsp;&nbsp;팝콘뉴스",은행,2025-10,"토스증권, 글로벌 뉴스 서비스 대폭 확대…해외주식 정보 경쟁력 강화 - 팝콘뉴스 토스증권, 글로벌 뉴스 서비스 대폭 확대…해외주식 정보 경쟁력 강화&nbsp;&nbsp;팝콘뉴스"
2025-10-17,"교보생명, SBI저축은행 인수로 다각화 준비…지주사 전환 움직임 - 오피니언뉴스","교보생명, SBI저축은행 인수로 다각화 준비…지주사 전환 움직임&nbsp;&nbsp;오피니언뉴스",은행,2025-10,"교보생명, SBI저축은행 인수로 다각화 준비…지주사 전환 움직임 - 오피니언뉴스 교보생명, SBI저축은행 인수로 다각화 준비…지주사 전환 움직임&nbsp;&nbsp;오피니언뉴스"
2025-10-30,"하나은행, 입출금 통장으로 주식거래까지 ‘원스톱’ - 하이뉴스","하나은행, 입출금 통장으로 주식거래까지 ‘원스톱’&nbsp;&nbsp;하이뉴스",은행,2025-10,"하나은행, 입출금 통장으로 주식거래까지 ‘원스톱’ - 하이뉴스 하나은행, 입출금 통장으로 주식거래까지 ‘원스톱’&nbsp;&nbsp;하이뉴스"
2025-10-01,"민주당 정일영 ""수출입은행, KAI 민영화 계획 없음 공식 확인"" - 인천투데이","민주당 정일영 ""수출입은행, KAI 민영화 계획 없음 공식 확인""&nbsp;&nbsp;인천투데이",은행,2025-10,"민주당 정일영 ""수출입은행, KAI 민영화 계획 없음 공식 확인"" - 인천투데이 민주당 정일영 ""수출입은행, KAI 민영화 계획 없음 공식 확인""&nbsp;&nbsp;인천투데이"
2025-10-30,치솟는 금값... 황금 마케팅 힘주는 하나은행 - 프레스맨,치솟는 금값... 황금 마케팅 힘주는 하나은행&nbsp;&nbsp;프레스맨,은행,2025-10,치솟는 금값... 황금 마케팅 힘주는 하나은행 - 프레스맨 치솟는 금값... 황금 마케팅 힘주는 하나은행&nbsp;&nbsp;프레스맨
2025-10-28,"""코스피 4000 아직도 싸다""…기재부 이례적 발표에 '술렁' [김익환의 부처 핸즈업] - 한국경제","""코스피 4000 아직도 싸다""…기재부 이례적 발표에 '술렁' [김익환의 부처 핸즈업]&nbsp;&nbsp;한국경제",은행,2025-10,"""코스피 4000 아직도 싸다""…기재부 이례적 발표에 '술렁' [김익환의 부처 핸즈업] - 한국경제 ""코스피 4000 아직도 싸다""…기재부 이례적 발표에 '술렁' [김익환의 부처 핸즈업]&nbsp;&nbsp;한국경제"
2025-10-17,"삼성家 세 모녀, 삼성전자 주식 1.7조 처분…""세금 납부 목적"" - 뉴스1","삼성家 세 모녀, 삼성전자 주식 1.7조 처분…""세금 납부 목적""&nbsp;&nbsp;뉴스1",은행,2025-10,"삼성家 세 모녀, 삼성전자 주식 1.7조 처분…""세금 납부 목적"" - 뉴스1 삼성家 세 모녀, 삼성전자 주식 1.7조 처분…""세금 납부 목적""&nbsp;&nbsp;뉴스1"
2025-10-10,"한국은행, 금 보유 비중 주요국 대비 최하위권 - ebn.co.kr","한국은행, 금 보유 비중 주요국 대비 최하위권&nbsp;&nbsp;ebn.co.kr",은행,2025-10,"한국은행, 금 보유 비중 주요국 대비 최하위권 - ebn.co.kr 한국은행, 금 보유 비중 주요국 대비 최하위권&nbsp;&nbsp;ebn.co.kr"
2025-10-07,[퇴직연금 500조 시대 ①] 불붙은 수익률 경쟁...은행·증권 비보장형 수익률 격차 극심 - 뉴스퀘스트,[퇴직연금 500조 시대 ①] 불붙은 수익률 경쟁...은행·증권 비보장형 수익률 격차 극심&nbsp;&nbsp;뉴스퀘스트,은행,2025-10,[퇴직연금 500조 시대 ①] 불붙은 수익률 경쟁...은행·증권 비보장형 수익률 격차 극심 - 뉴스퀘스트 [퇴직연금 500조 시대 ①] 불붙은 수익률 경쟁...은행·증권 비보장형 수익률 격차 극심&nbsp;&nbsp;뉴스퀘스트
2025-10-30,"하나은행, 모두 다 하나로 ‘모두 다 하나통장’ 출시 - 디스커버리뉴스(DISCOVERYNEWS)","하나은행, 모두 다 하나로 ‘모두 다 하나통장’ 출시&nbsp;&nbsp;디스커버리뉴스(DISCOVERYNEWS)",은행,2025-10,"하나은행, 모두 다 하나로 ‘모두 다 하나통장’ 출시 - 디스커버리뉴스(DISCOVERYNEWS) 하나은행, 모두 다 하나로 ‘모두 다 하나통장’ 출시&nbsp;&nbsp;디스커버리뉴스(DISCOVERYNEWS)"
2025-10-29,KB증권 “40년만의 강세장…코스피 5000 간다” - 시사포커스,KB증권 “40년만의 강세장…코스피 5000 간다”&nbsp;&nbsp;시사포커스,은행,2025-10,KB증권 “40년만의 강세장…코스피 5000 간다” - 시사포커스 KB증권 “40년만의 강세장…코스피 5000 간다”&nbsp;&nbsp;시사포커스
2025-10-28,"[뉴스줌인] 상상인의 CB 투자, 코스닥 위기기업의 숨통인가 연명인가 - 데일리팝","[뉴스줌인] 상상인의 CB 투자, 코스닥 위기기업의 숨통인가 연명인가&nbsp;&nbsp;데일리팝",은행,2025-10,"[뉴스줌인] 상상인의 CB 투자, 코스닥 위기기업의 숨통인가 연명인가 - 데일리팝 [뉴스줌인] 상상인의 CB 투자, 코스닥 위기기업의 숨통인가 연명인가&nbsp;&nbsp;데일리팝"
2025-10-15,글로벌 '골드러시'의 역습…'좋은 금고'가 부족하다 [글로벌 머니 X파일] - 한국경제,글로벌 '골드러시'의 역습…'좋은 금고'가 부족하다 [글로벌 머니 X파일]&nbsp;&nbsp;한국경제,은행,2025-10,글로벌 '골드러시'의 역습…'좋은 금고'가 부족하다 [글로벌 머니 X파일] - 한국경제 글로벌 '골드러시'의 역습…'좋은 금고'가 부족하다 [글로벌 머니 X파일]&nbsp;&nbsp;한국경제
2025-10-18,"삼성家 세 모녀, 삼성전자 주식 1.7조 처분…""세금 납부 목적"" - 박스뉴스","삼성家 세 모녀, 삼성전자 주식 1.7조 처분…""세금 납부 목적""&nbsp;&nbsp;박스뉴스",은행,2025-10,"삼성家 세 모녀, 삼성전자 주식 1.7조 처분…""세금 납부 목적"" - 박스뉴스 삼성家 세 모녀, 삼성전자 주식 1.7조 처분…""세금 납부 목적""&nbsp;&nbsp;박스뉴스"
2025-10-01,"강태영 농협은행장, 추석 비상대응체계 점검 - 서울파이낸스","강태영 농협은행장, 추석 비상대응체계 점검&nbsp;&nbsp;서울파이낸스",은행,2025-10,"강태영 농협은행장, 추석 비상대응체계 점검 - 서울파이낸스 강태영 농협은행장, 추석 비상대응체계 점검&nbsp;&nbsp;서울파이낸스"
2025-11-27,"“삼성전자, AI 거품론에도 여전히 사라”…이유는? - 매일경제","“삼성전자, AI 거품론에도 여전히 사라”…이유는?&nbsp;&nbsp;매일경제",HBM,2025-11,"“삼성전자, AI 거품론에도 여전히 사라”…이유는? - 매일경제 “삼성전자, AI 거품론에도 여전히 사라”…이유는?&nbsp;&nbsp;매일경제"
2025-11-25,AI 거품? 엔비디아의 진짜 무기는 칩이 아니다 - v.daum.net,AI 거품? 엔비디아의 진짜 무기는 칩이 아니다&nbsp;&nbsp;v.daum.net,HBM,2025-11,AI 거품? 엔비디아의 진짜 무기는 칩이 아니다 - v.daum.net AI 거품? 엔비디아의 진짜 무기는 칩이 아니다&nbsp;&nbsp;v.daum.net
2025-11-14,"“17만원→62만원”…올들어 주가 급등한 ‘이 주식’, 목표주가는 100만원? - 헤럴드경제","“17만원→62만원”…올들어 주가 급등한 ‘이 주식’, 목표주가는 100만원?&nbsp;&nbsp;헤럴드경제",HBM,2025-11,"“17만원→62만원”…올들어 주가 급등한 ‘이 주식’, 목표주가는 100만원? - 헤럴드경제 “17만원→62만원”…올들어 주가 급등한 ‘이 주식’, 목표주가는 100만원?&nbsp;&nbsp;헤럴드경제"
2025-11-30,"구글 TPU가 바꾼 판도…삼성·SK, 마이크론 뺀 'HBM 양강' 구축(종합) - 연합뉴스","구글 TPU가 바꾼 판도…삼성·SK, 마이크론 뺀 'HBM 양강' 구축(종합)&nbsp;&nbsp;연합뉴스",HBM,2025-11,"구글 TPU가 바꾼 판도…삼성·SK, 마이크론 뺀 'HBM 양강' 구축(종합) - 연합뉴스 구글 TPU가 바꾼 판도…삼성·SK, 마이크론 뺀 'HBM 양강' 구축(종합)&nbsp;&nbsp;연합뉴스"
2025-11-03,"삼성전자, HBM4 핵심 ‘1c D램’ 개발팀에 인센티브 - 조선일보","삼성전자, HBM4 핵심 ‘1c D램’ 개발팀에 인센티브&nbsp;&nbsp;조선일보",HBM,2025-11,"삼성전자, HBM4 핵심 ‘1c D램’ 개발팀에 인센티브 - 조선일보 삼성전자, HBM4 핵심 ‘1c D램’ 개발팀에 인센티브&nbsp;&nbsp;조선일보"
2025-11-03,"[단독] 삼성전자, HBM4 핵심 ‘1C D램’ 개발팀에 특급 보너스 - 파이낸셜뉴스","[단독] 삼성전자, HBM4 핵심 ‘1C D램’ 개발팀에 특급 보너스&nbsp;&nbsp;파이낸셜뉴스",HBM,2025-11,"[단독] 삼성전자, HBM4 핵심 ‘1C D램’ 개발팀에 특급 보너스 - 파이낸셜뉴스 [단독] 삼성전자, HBM4 핵심 ‘1C D램’ 개발팀에 특급 보너스&nbsp;&nbsp;파이낸셜뉴스"
2025-11-18,"""하이닉스 급등"" 1년 전 예견하더니 또…'파격 전망' [인터뷰+] - 한국경제","""하이닉스 급등"" 1년 전 예견하더니 또…'파격 전망' [인터뷰+]&nbsp;&nbsp;한국경제",HBM,2025-11,"""하이닉스 급등"" 1년 전 예견하더니 또…'파격 전망' [인터뷰+] - 한국경제 ""하이닉스 급등"" 1년 전 예견하더니 또…'파격 전망' [인터뷰+]&nbsp;&nbsp;한국경제"
2025-11-03,"AI 반도체 최대 이슈, HBM 특집 2편: 삼성전자와 SK하이닉스의 경쟁 - 네이버 프리미엄콘텐츠","AI 반도체 최대 이슈, HBM 특집 2편: 삼성전자와 SK하이닉스의 경쟁&nbsp;&nbsp;네이버 프리미엄콘텐츠",HBM,2025-11,"AI 반도체 최대 이슈, HBM 특집 2편: 삼성전자와 SK하이닉스의 경쟁 - 네이버 프리미엄콘텐츠 AI 반도체 최대 이슈, HBM 특집 2편: 삼성전자와 SK하이닉스의 경쟁&nbsp;&nbsp;네이버 프리미엄콘텐츠"
2025-11-27,삼성전자 조직개편 단행…HBM개발팀 D램개발실 산하로 - 연합뉴스TV,삼성전자 조직개편 단행…HBM개발팀 D램개발실 산하로&nbsp;&nbsp;연합뉴스TV,HBM,2025-11,삼성전자 조직개편 단행…HBM개발팀 D램개발실 산하로 - 연합뉴스TV 삼성전자 조직개편 단행…HBM개발팀 D램개발실 산하로&nbsp;&nbsp;연합뉴스TV
2025-11-25,"알파벳, 美 시총 3위 등극...‘TPU’ 앞세워 챗GPT 잡는다 - 오피니언뉴스","알파벳, 美 시총 3위 등극...‘TPU’ 앞세워 챗GPT 잡는다&nbsp;&nbsp;오피니언뉴스",HBM,2025-11,"알파벳, 美 시총 3위 등극...‘TPU’ 앞세워 챗GPT 잡는다 - 오피니언뉴스 알파벳, 美 시총 3위 등극...‘TPU’ 앞세워 챗GPT 잡는다&nbsp;&nbsp;오피니언뉴스"
2025-11-19,"""D램 30년 만의 호황""...삼성전자, 내년도 영업이익 82조 원 기대 - 글로벌이코노믹","""D램 30년 만의 호황""...삼성전자, 내년도 영업이익 82조 원 기대&nbsp;&nbsp;글로벌이코노믹",HBM,2025-11,"""D램 30년 만의 호황""...삼성전자, 내년도 영업이익 82조 원 기대 - 글로벌이코노믹 ""D램 30년 만의 호황""...삼성전자, 내년도 영업이익 82조 원 기대&nbsp;&nbsp;글로벌이코노믹"
2025-11-12,낸드 가격 10년 만에 최대 인상…AI 수요 완판 행진 [AI 프리즘*주식투자자 뉴스] - 서울경제,낸드 가격 10년 만에 최대 인상…AI 수요 완판 행진 [AI 프리즘*주식투자자 뉴스]&nbsp;&nbsp;서울경제,HBM,2025-11,낸드 가격 10년 만에 최대 인상…AI 수요 완판 행진 [AI 프리즘*주식투자자 뉴스] - 서울경제 낸드 가격 10년 만에 최대 인상…AI 수요 완판 행진 [AI 프리즘*주식투자자 뉴스]&nbsp;&nbsp;서울경제
2025-11-14,"주가 내리면 매수 기회?... ‘100만닉스’ 전망 나온 SK하이닉스, 과거와 다른 이유 - 조선비즈 - Chosunbiz","주가 내리면 매수 기회?... ‘100만닉스’ 전망 나온 SK하이닉스, 과거와 다른 이유 - 조선비즈&nbsp;&nbsp;Chosunbiz",HBM,2025-11,"주가 내리면 매수 기회?... ‘100만닉스’ 전망 나온 SK하이닉스, 과거와 다른 이유 - 조선비즈 - Chosunbiz 주가 내리면 매수 기회?... ‘100만닉스’ 전망 나온 SK하이닉스, 과거와 다른 이유 - 조선비즈&nbsp;&nbsp;Chosunbiz"
2025-11-11,"젠슨 황, HBM '경쟁체제' 공식화…삼성·SK하닉 '캐파 확대' 속도전 - v.daum.net","젠슨 황, HBM '경쟁체제' 공식화…삼성·SK하닉 '캐파 확대' 속도전&nbsp;&nbsp;v.daum.net",HBM,2025-11,"젠슨 황, HBM '경쟁체제' 공식화…삼성·SK하닉 '캐파 확대' 속도전 - v.daum.net 젠슨 황, HBM '경쟁체제' 공식화…삼성·SK하닉 '캐파 확대' 속도전&nbsp;&nbsp;v.daum.net"
2025-11-04,"한미반도체, 와이드 TC 본더 내년말 출시 - 연합뉴스","한미반도체, 와이드 TC 본더 내년말 출시&nbsp;&nbsp;연합뉴스",HBM,2025-11,"한미반도체, 와이드 TC 본더 내년말 출시 - 연합뉴스 한미반도체, 와이드 TC 본더 내년말 출시&nbsp;&nbsp;연합뉴스"
2025-11-02,"‘84만닉스’ 파격 전망, 해외서 나왔다…“영업익, TSMC 마저 넘어설 것” - 매일경제","‘84만닉스’ 파격 전망, 해외서 나왔다…“영업익, TSMC 마저 넘어설 것”&nbsp;&nbsp;매일경제",HBM,2025-11,"‘84만닉스’ 파격 전망, 해외서 나왔다…“영업익, TSMC 마저 넘어설 것” - 매일경제 ‘84만닉스’ 파격 전망, 해외서 나왔다…“영업익, TSMC 마저 넘어설 것”&nbsp;&nbsp;매일경제"
2025-11-13,"""삼성전자 적정 시총 1000조…내년 D램 가격 상승 수혜"" - 한국경제","""삼성전자 적정 시총 1000조…내년 D램 가격 상승 수혜""&nbsp;&nbsp;한국경제",HBM,2025-11,"""삼성전자 적정 시총 1000조…내년 D램 가격 상승 수혜"" - 한국경제 ""삼성전자 적정 시총 1000조…내년 D램 가격 상승 수혜""&nbsp;&nbsp;한국경제"
2025-11-26,편의점에 진열된 'HBM 칩스' - 연합뉴스,편의점에 진열된 'HBM 칩스'&nbsp;&nbsp;연합뉴스,HBM,2025-11,편의점에 진열된 'HBM 칩스' - 연합뉴스 편의점에 진열된 'HBM 칩스'&nbsp;&nbsp;연합뉴스
2025-11-26,"SK하이닉스, 편의점에 'HBM 칩스' 출시 - 연합뉴스","SK하이닉스, 편의점에 'HBM 칩스' 출시&nbsp;&nbsp;연합뉴스",HBM,2025-11,"SK하이닉스, 편의점에 'HBM 칩스' 출시 - 연합뉴스 SK하이닉스, 편의점에 'HBM 칩스' 출시&nbsp;&nbsp;연합뉴스"
2025-11-30,"마이크론, 日히로시마 공장 확충…""2028년 차세대 HBM 출하"" - 연합뉴스","마이크론, 日히로시마 공장 확충…""2028년 차세대 HBM 출하""&nbsp;&nbsp;연합뉴스",HBM,2025-11,"마이크론, 日히로시마 공장 확충…""2028년 차세대 HBM 출하"" - 연합뉴스 마이크론, 日히로시마 공장 확충…""2028년 차세대 HBM 출하""&nbsp;&nbsp;연합뉴스"
2025-11-30,"""SK하이닉스 바짝 쫓겠다""…日에 새 공장 짓는 美마이크론 - 한국경제","""SK하이닉스 바짝 쫓겠다""…日에 새 공장 짓는 美마이크론&nbsp;&nbsp;한국경제",HBM,2025-11,"""SK하이닉스 바짝 쫓겠다""…日에 새 공장 짓는 美마이크론 - 한국경제 ""SK하이닉스 바짝 쫓겠다""…日에 새 공장 짓는 美마이크론&nbsp;&nbsp;한국경제"
2025-11-04,"SK하이닉스, M15X 인력 충원 속도…HBM 캐파 집중 - 네이트","SK하이닉스, M15X 인력 충원 속도…HBM 캐파 집중&nbsp;&nbsp;네이트",HBM,2025-11,"SK하이닉스, M15X 인력 충원 속도…HBM 캐파 집중 - 네이트 SK하이닉스, M15X 인력 충원 속도…HBM 캐파 집중&nbsp;&nbsp;네이트"
2025-11-27,"HBM '본궤도' 오른 삼성, 별동대 접고 메모리 개발실로 통합 - 파이낸셜뉴스","HBM '본궤도' 오른 삼성, 별동대 접고 메모리 개발실로 통합&nbsp;&nbsp;파이낸셜뉴스",HBM,2025-11,"HBM '본궤도' 오른 삼성, 별동대 접고 메모리 개발실로 통합 - 파이낸셜뉴스 HBM '본궤도' 오른 삼성, 별동대 접고 메모리 개발실로 통합&nbsp;&nbsp;파이낸셜뉴스"
2025-11-25,"""메타도 구글 텐서칩 투자""…텐서칩, GPU 대항마 될까? - 한국경제","""메타도 구글 텐서칩 투자""…텐서칩, GPU 대항마 될까?&nbsp;&nbsp;한국경제",HBM,2025-11,"""메타도 구글 텐서칩 투자""…텐서칩, GPU 대항마 될까? - 한국경제 ""메타도 구글 텐서칩 투자""…텐서칩, GPU 대항마 될까?&nbsp;&nbsp;한국경제"
2025-11-03,"SK하이닉스, 차세대 HBM 로드맵 공개 - 연합뉴스","SK하이닉스, 차세대 HBM 로드맵 공개&nbsp;&nbsp;연합뉴스",HBM,2025-11,"SK하이닉스, 차세대 HBM 로드맵 공개 - 연합뉴스 SK하이닉스, 차세대 HBM 로드맵 공개&nbsp;&nbsp;연합뉴스"
2025-11-24,"""2년도 못가 고철될라""…'AI 데이터센터' 좌초 자산 경고한 이유 [글로벌 머니 X파일] - 한국경제","""2년도 못가 고철될라""…'AI 데이터센터' 좌초 자산 경고한 이유 [글로벌 머니 X파일]&nbsp;&nbsp;한국경제",HBM,2025-11,"""2년도 못가 고철될라""…'AI 데이터센터' 좌초 자산 경고한 이유 [글로벌 머니 X파일] - 한국경제 ""2년도 못가 고철될라""…'AI 데이터센터' 좌초 자산 경고한 이유 [글로벌 머니 X파일]&nbsp;&nbsp;한국경제"
2025-11-26,'HBM 칩' 과자로 먹는다…편의점·반도체 첫 이색 협업 - 네이트,'HBM 칩' 과자로 먹는다…편의점·반도체 첫 이색 협업&nbsp;&nbsp;네이트,HBM,2025-11,'HBM 칩' 과자로 먹는다…편의점·반도체 첫 이색 협업 - 네이트 'HBM 칩' 과자로 먹는다…편의점·반도체 첫 이색 협업&nbsp;&nbsp;네이트
2025-11-12,"""HBM으로 돈방석 앉게 생겼다""…삼성·SK에 날아든 '빅 뉴스' - 이콘밍글","""HBM으로 돈방석 앉게 생겼다""…삼성·SK에 날아든 '빅 뉴스'&nbsp;&nbsp;이콘밍글",HBM,2025-11,"""HBM으로 돈방석 앉게 생겼다""…삼성·SK에 날아든 '빅 뉴스' - 이콘밍글 ""HBM으로 돈방석 앉게 생겼다""…삼성·SK에 날아든 '빅 뉴스'&nbsp;&nbsp;이콘밍글"
2025-11-14,"김동관 3형제의 한화에너지 어떻게 한화그룹 지배하게 됐나, 출발은 자본금 30억 SI회사 - 비즈니스포스트","김동관 3형제의 한화에너지 어떻게 한화그룹 지배하게 됐나, 출발은 자본금 30억 SI회사&nbsp;&nbsp;비즈니스포스트",SI,2025-11,"김동관 3형제의 한화에너지 어떻게 한화그룹 지배하게 됐나, 출발은 자본금 30억 SI회사 - 비즈니스포스트 김동관 3형제의 한화에너지 어떻게 한화그룹 지배하게 됐나, 출발은 자본금 30억 SI회사&nbsp;&nbsp;비즈니스포스트"
2025-11-23,"4달만에 주가 200% 폭등한 로봇주…스몰캡 전문가의 진단 살펴보니 [K주식, 이걸 사? 말아?] - v.daum.net","4달만에 주가 200% 폭등한 로봇주…스몰캡 전문가의 진단 살펴보니 [K주식, 이걸 사? 말아?]&nbsp;&nbsp;v.daum.net",로봇,2025-11,"4달만에 주가 200% 폭등한 로봇주…스몰캡 전문가의 진단 살펴보니 [K주식, 이걸 사? 말아?] - v.daum.net 4달만에 주가 200% 폭등한 로봇주…스몰캡 전문가의 진단 살펴보니 [K주식, 이걸 사? 말아?]&nbsp;&nbsp;v.daum.net"
2025-11-08,삼성전자 pick ‘레인보우로보틱스’…롤러코스터 탄 주가 [종목콬!] - 쿠키뉴스,삼성전자 pick ‘레인보우로보틱스’…롤러코스터 탄 주가 [종목콬!]&nbsp;&nbsp;쿠키뉴스,로봇,2025-11,삼성전자 pick ‘레인보우로보틱스’…롤러코스터 탄 주가 [종목콬!] - 쿠키뉴스 삼성전자 pick ‘레인보우로보틱스’…롤러코스터 탄 주가 [종목콬!]&nbsp;&nbsp;쿠키뉴스
2025-11-04,새내기·AI·로봇주 주식 회전율 '쑥'…코스닥 인기종목 보니 - 한국경제,새내기·AI·로봇주 주식 회전율 '쑥'…코스닥 인기종목 보니&nbsp;&nbsp;한국경제,로봇,2025-11,새내기·AI·로봇주 주식 회전율 '쑥'…코스닥 인기종목 보니 - 한국경제 새내기·AI·로봇주 주식 회전율 '쑥'…코스닥 인기종목 보니&nbsp;&nbsp;한국경제
2025-11-16,"현대차그룹, 5년간 국내에 '역대 최대' 125.2조 투자…로봇공장 구축 - 연합뉴스","현대차그룹, 5년간 국내에 '역대 최대' 125.2조 투자…로봇공장 구축&nbsp;&nbsp;연합뉴스",로봇,2025-11,"현대차그룹, 5년간 국내에 '역대 최대' 125.2조 투자…로봇공장 구축 - 연합뉴스 현대차그룹, 5년간 국내에 '역대 최대' 125.2조 투자…로봇공장 구축&nbsp;&nbsp;연합뉴스"
2025-11-06,"토스증권 리서치센터, ‘미국 산업 대전환 주목’…로봇·헬스케어·첨단안보가 핵심” - 인더스트리뉴스","토스증권 리서치센터, ‘미국 산업 대전환 주목’…로봇·헬스케어·첨단안보가 핵심”&nbsp;&nbsp;인더스트리뉴스",로봇,2025-11,"토스증권 리서치센터, ‘미국 산업 대전환 주목’…로봇·헬스케어·첨단안보가 핵심” - 인더스트리뉴스 토스증권 리서치센터, ‘미국 산업 대전환 주목’…로봇·헬스케어·첨단안보가 핵심”&nbsp;&nbsp;인더스트리뉴스"
2025-11-25,"로봇청소기 패배 설욕전…LG전자, K반도체 손잡은 이유 [AI 프리즘*주식투자자 뉴스] - 서울경제","로봇청소기 패배 설욕전…LG전자, K반도체 손잡은 이유 [AI 프리즘*주식투자자 뉴스]&nbsp;&nbsp;서울경제",로봇,2025-11,"로봇청소기 패배 설욕전…LG전자, K반도체 손잡은 이유 [AI 프리즘*주식투자자 뉴스] - 서울경제 로봇청소기 패배 설욕전…LG전자, K반도체 손잡은 이유 [AI 프리즘*주식투자자 뉴스]&nbsp;&nbsp;서울경제"
2025-11-24,[특징주 분석] 스마트 제조·로봇 수요 확대… 스맥 스마트팩토리 관련주 중장기 모멘텀 확장 - 톱스타뉴스,[특징주 분석] 스마트 제조·로봇 수요 확대… 스맥 스마트팩토리 관련주 중장기 모멘텀 확장&nbsp;&nbsp;톱스타뉴스,로봇,2025-11,[특징주 분석] 스마트 제조·로봇 수요 확대… 스맥 스마트팩토리 관련주 중장기 모멘텀 확장 - 톱스타뉴스 [특징주 분석] 스마트 제조·로봇 수요 확대… 스맥 스마트팩토리 관련주 중장기 모멘텀 확장&nbsp;&nbsp;톱스타뉴스
2025-11-14,카카오페이證 10월 수익률…美 주식고수 79% vs 韓주식고수 42% - 뉴스1,카카오페이證 10월 수익률…美 주식고수 79% vs 韓주식고수 42%&nbsp;&nbsp;뉴스1,로봇,2025-11,카카오페이證 10월 수익률…美 주식고수 79% vs 韓주식고수 42% - 뉴스1 카카오페이證 10월 수익률…美 주식고수 79% vs 韓주식고수 42%&nbsp;&nbsp;뉴스1
2025-11-02,"""중국 로봇 성장 비결은 수요·정책·독자공급망"" - 연합뉴스","""중국 로봇 성장 비결은 수요·정책·독자공급망""&nbsp;&nbsp;연합뉴스",로봇,2025-11,"""중국 로봇 성장 비결은 수요·정책·독자공급망"" - 연합뉴스 ""중국 로봇 성장 비결은 수요·정책·독자공급망""&nbsp;&nbsp;연합뉴스"
2025-11-16,"경북도, AI·로봇 활용 스마트 돌봄 서비스 추진 - 연합뉴스","경북도, AI·로봇 활용 스마트 돌봄 서비스 추진&nbsp;&nbsp;연합뉴스",로봇,2025-11,"경북도, AI·로봇 활용 스마트 돌봄 서비스 추진 - 연합뉴스 경북도, AI·로봇 활용 스마트 돌봄 서비스 추진&nbsp;&nbsp;연합뉴스"
2025-11-02,"""그건 할수 없어요"" 오류…""로봇에 LLM 적용은 시기상조"" - 연합뉴스","""그건 할수 없어요"" 오류…""로봇에 LLM 적용은 시기상조""&nbsp;&nbsp;연합뉴스",로봇,2025-11,"""그건 할수 없어요"" 오류…""로봇에 LLM 적용은 시기상조"" - 연합뉴스 ""그건 할수 없어요"" 오류…""로봇에 LLM 적용은 시기상조""&nbsp;&nbsp;연합뉴스"
2025-11-05,'피지컬 AI 시대' 용접하는 휴머노이드 로봇 - 연합뉴스,'피지컬 AI 시대' 용접하는 휴머노이드 로봇&nbsp;&nbsp;연합뉴스,로봇,2025-11,'피지컬 AI 시대' 용접하는 휴머노이드 로봇 - 연합뉴스 '피지컬 AI 시대' 용접하는 휴머노이드 로봇&nbsp;&nbsp;연합뉴스
2025-11-05,'피지컬 AI 시대' 로봇의 손짓 - 연합뉴스,'피지컬 AI 시대' 로봇의 손짓&nbsp;&nbsp;연합뉴스,로봇,2025-11,'피지컬 AI 시대' 로봇의 손짓 - 연합뉴스 '피지컬 AI 시대' 로봇의 손짓&nbsp;&nbsp;연합뉴스
2025-11-07,"휴머노이드 데이터 전쟁…중국 독주, 한국은 '걸음마' - 연합뉴스","휴머노이드 데이터 전쟁…중국 독주, 한국은 '걸음마'&nbsp;&nbsp;연합뉴스",로봇,2025-11,"휴머노이드 데이터 전쟁…중국 독주, 한국은 '걸음마' - 연합뉴스 휴머노이드 데이터 전쟁…중국 독주, 한국은 '걸음마'&nbsp;&nbsp;연합뉴스"
2025-11-05,'피지컬 AI 시대' 팝콘 담는 로봇 - 연합뉴스,'피지컬 AI 시대' 팝콘 담는 로봇&nbsp;&nbsp;연합뉴스,로봇,2025-11,'피지컬 AI 시대' 팝콘 담는 로봇 - 연합뉴스 '피지컬 AI 시대' 팝콘 담는 로봇&nbsp;&nbsp;연합뉴스
2025-11-27,민간·공공데이터 AI 학습용 개방…자율주행·로봇 규제 합리화 - 연합뉴스,민간·공공데이터 AI 학습용 개방…자율주행·로봇 규제 합리화&nbsp;&nbsp;연합뉴스,로봇,2025-11,민간·공공데이터 AI 학습용 개방…자율주행·로봇 규제 합리화 - 연합뉴스 민간·공공데이터 AI 학습용 개방…자율주행·로봇 규제 합리화&nbsp;&nbsp;연합뉴스
2025-11-26,전기차 충전 플러그 꽂는 로봇팔 - 연합뉴스,전기차 충전 플러그 꽂는 로봇팔&nbsp;&nbsp;연합뉴스,로봇,2025-11,전기차 충전 플러그 꽂는 로봇팔 - 연합뉴스 전기차 충전 플러그 꽂는 로봇팔&nbsp;&nbsp;연합뉴스
2025-11-07,"강원랜드, AI·로봇 결합한 '카운트룸 자동화 시스템' 운영 - 연합뉴스","강원랜드, AI·로봇 결합한 '카운트룸 자동화 시스템' 운영&nbsp;&nbsp;연합뉴스",로봇,2025-11,"강원랜드, AI·로봇 결합한 '카운트룸 자동화 시스템' 운영 - 연합뉴스 강원랜드, AI·로봇 결합한 '카운트룸 자동화 시스템' 운영&nbsp;&nbsp;연합뉴스"
2025-11-13,"머스크, 1조 달러의 사나이 될까? - 조선일보","머스크, 1조 달러의 사나이 될까?&nbsp;&nbsp;조선일보",로봇,2025-11,"머스크, 1조 달러의 사나이 될까? - 조선일보 머스크, 1조 달러의 사나이 될까?&nbsp;&nbsp;조선일보"
2025-11-27,[생생한 주식쇼 생쇼] 알트 (459550) 요약 - 매일경제TV,[생생한 주식쇼 생쇼] 알트 (459550) 요약&nbsp;&nbsp;매일경제TV,로봇,2025-11,[생생한 주식쇼 생쇼] 알트 (459550) 요약 - 매일경제TV [생생한 주식쇼 생쇼] 알트 (459550) 요약&nbsp;&nbsp;매일경제TV
2025-11-07,"""이젠 AI 수혜주""…장수기업 노키아의 부활 - 한국경제","""이젠 AI 수혜주""…장수기업 노키아의 부활&nbsp;&nbsp;한국경제",로봇,2025-11,"""이젠 AI 수혜주""…장수기업 노키아의 부활 - 한국경제 ""이젠 AI 수혜주""…장수기업 노키아의 부활&nbsp;&nbsp;한국경제"
2025-11-05,"[현장] 오준호 삼성 로봇단장 ""빅테크 손잡고 휴머노이드 AI 개발"" - ebn.co.kr","[현장] 오준호 삼성 로봇단장 ""빅테크 손잡고 휴머노이드 AI 개발""&nbsp;&nbsp;ebn.co.kr",로봇,2025-11,"[현장] 오준호 삼성 로봇단장 ""빅테크 손잡고 휴머노이드 AI 개발"" - ebn.co.kr [현장] 오준호 삼성 로봇단장 ""빅테크 손잡고 휴머노이드 AI 개발""&nbsp;&nbsp;ebn.co.kr"
2025-11-12,"""삼성·LG 있는 나라가 대체 왜…"" 美 석학 '일침' 날린 까닭 [김인엽의 퓨처 디스패치] - 한국경제","""삼성·LG 있는 나라가 대체 왜…"" 美 석학 '일침' 날린 까닭 [김인엽의 퓨처 디스패치]&nbsp;&nbsp;한국경제",로봇,2025-11,"""삼성·LG 있는 나라가 대체 왜…"" 美 석학 '일침' 날린 까닭 [김인엽의 퓨처 디스패치] - 한국경제 ""삼성·LG 있는 나라가 대체 왜…"" 美 석학 '일침' 날린 까닭 [김인엽의 퓨처 디스패치]&nbsp;&nbsp;한국경제"
2025-11-13,"엔도로보틱스, 국내 첫 'FDA 로봇수술 코드' 획득 - 연합뉴스","엔도로보틱스, 국내 첫 'FDA 로봇수술 코드' 획득&nbsp;&nbsp;연합뉴스",로봇,2025-11,"엔도로보틱스, 국내 첫 'FDA 로봇수술 코드' 획득 - 연합뉴스 엔도로보틱스, 국내 첫 'FDA 로봇수술 코드' 획득&nbsp;&nbsp;연합뉴스"
2025-11-05,"네이버 ""로봇 시장에서 OS·제어 점유율 39%↑ 예상"" - 한국경제","네이버 ""로봇 시장에서 OS·제어 점유율 39%↑ 예상""&nbsp;&nbsp;한국경제",로봇,2025-11,"네이버 ""로봇 시장에서 OS·제어 점유율 39%↑ 예상"" - 한국경제 네이버 ""로봇 시장에서 OS·제어 점유율 39%↑ 예상""&nbsp;&nbsp;한국경제"
2025-11-19,"[특징주] AJ네트웍스, 로봇 렌탈 사업화 기대감에…4%대 강세 - 조선비즈 - Chosunbiz","[특징주] AJ네트웍스, 로봇 렌탈 사업화 기대감에…4%대 강세 - 조선비즈&nbsp;&nbsp;Chosunbiz",로봇,2025-11,"[특징주] AJ네트웍스, 로봇 렌탈 사업화 기대감에…4%대 강세 - 조선비즈 - Chosunbiz [특징주] AJ네트웍스, 로봇 렌탈 사업화 기대감에…4%대 강세 - 조선비즈&nbsp;&nbsp;Chosunbiz"
2025-11-07,테슬라 주총서 '머스크에 1천400조원 보상안' 통과 - 연합뉴스,테슬라 주총서 '머스크에 1천400조원 보상안' 통과&nbsp;&nbsp;연합뉴스,로봇,2025-11,테슬라 주총서 '머스크에 1천400조원 보상안' 통과 - 연합뉴스 테슬라 주총서 '머스크에 1천400조원 보상안' 통과&nbsp;&nbsp;연합뉴스
2025-11-17,"[AI의 종목 이야기] 中 유니트리 IPO 속도, 'A주 휴머노이드 1호주' 노린다 - 네이트","[AI의 종목 이야기] 中 유니트리 IPO 속도, 'A주 휴머노이드 1호주' 노린다&nbsp;&nbsp;네이트",로봇,2025-11,"[AI의 종목 이야기] 中 유니트리 IPO 속도, 'A주 휴머노이드 1호주' 노린다 - 네이트 [AI의 종목 이야기] 中 유니트리 IPO 속도, 'A주 휴머노이드 1호주' 노린다&nbsp;&nbsp;네이트"
2025-11-07,테슬라 주총서 ‘머스크에 1400조원 보상안’ 통과... “주식 꽉 잡아라” - 조선일보,테슬라 주총서 ‘머스크에 1400조원 보상안’ 통과... “주식 꽉 잡아라”&nbsp;&nbsp;조선일보,로봇,2025-11,테슬라 주총서 ‘머스크에 1400조원 보상안’ 통과... “주식 꽉 잡아라” - 조선일보 테슬라 주총서 ‘머스크에 1400조원 보상안’ 통과... “주식 꽉 잡아라”&nbsp;&nbsp;조선일보
2025-11-06,"현대차·기아, 스마트 팩토리 전시 성료…로봇순찰·디지털트윈 - 연합뉴스","현대차·기아, 스마트 팩토리 전시 성료…로봇순찰·디지털트윈&nbsp;&nbsp;연합뉴스",로봇,2025-11,"현대차·기아, 스마트 팩토리 전시 성료…로봇순찰·디지털트윈 - 연합뉴스 현대차·기아, 스마트 팩토리 전시 성료…로봇순찰·디지털트윈&nbsp;&nbsp;연합뉴스"
2025-11-12,"큐렉소, '의료로봇 매출국가 다변화' 힘입어 3분기 흑자전환 - 히트뉴스","큐렉소, '의료로봇 매출국가 다변화' 힘입어 3분기 흑자전환&nbsp;&nbsp;히트뉴스",로봇,2025-11,"큐렉소, '의료로봇 매출국가 다변화' 힘입어 3분기 흑자전환 - 히트뉴스 큐렉소, '의료로봇 매출국가 다변화' 힘입어 3분기 흑자전환&nbsp;&nbsp;히트뉴스"
2025-11-10,가정으로 들어온 휴머노이드 로봇…설거지·빨래·반려동물 밥까지 챙긴다 - 한국경제,가정으로 들어온 휴머노이드 로봇…설거지·빨래·반려동물 밥까지 챙긴다&nbsp;&nbsp;한국경제,로봇,2025-11,가정으로 들어온 휴머노이드 로봇…설거지·빨래·반려동물 밥까지 챙긴다 - 한국경제 가정으로 들어온 휴머노이드 로봇…설거지·빨래·반려동물 밥까지 챙긴다&nbsp;&nbsp;한국경제
2025-11-11,"""하늘 나는 차 팔아요""…올해 125% 오른 '중국판 테슬라' - 한국경제","""하늘 나는 차 팔아요""…올해 125% 오른 '중국판 테슬라'&nbsp;&nbsp;한국경제",로봇,2025-11,"""하늘 나는 차 팔아요""…올해 125% 오른 '중국판 테슬라' - 한국경제 ""하늘 나는 차 팔아요""…올해 125% 오른 '중국판 테슬라'&nbsp;&nbsp;한국경제"
2025-11-27,"클로봇, 11월 27일 장중 38,050원 5.69% 상승 - 스타데일리뉴스","클로봇, 11월 27일 장중 38,050원 5.69% 상승&nbsp;&nbsp;스타데일리뉴스",로봇,2025-11,"클로봇, 11월 27일 장중 38,050원 5.69% 상승 - 스타데일리뉴스 클로봇, 11월 27일 장중 38,050원 5.69% 상승&nbsp;&nbsp;스타데일리뉴스"
2025-11-22,월마트의 로봇이 아마존의 물류 자동화 점유율 잠식 - Benzinga,월마트의 로봇이 아마존의 물류 자동화 점유율 잠식&nbsp;&nbsp;Benzinga,로봇,2025-11,월마트의 로봇이 아마존의 물류 자동화 점유율 잠식 - Benzinga 월마트의 로봇이 아마존의 물류 자동화 점유율 잠식&nbsp;&nbsp;Benzinga
2025-11-05,"웰니스 로봇 나무엑스, ""보안 기준을 바꾸다"" - 파이낸셜뉴스","웰니스 로봇 나무엑스, ""보안 기준을 바꾸다""&nbsp;&nbsp;파이낸셜뉴스",로봇,2025-11,"웰니스 로봇 나무엑스, ""보안 기준을 바꾸다"" - 파이낸셜뉴스 웰니스 로봇 나무엑스, ""보안 기준을 바꾸다""&nbsp;&nbsp;파이낸셜뉴스"
2025-11-28,"휴림로봇, 11월 28일 장중 5,310원 5.78% 상승 - 스타데일리뉴스","휴림로봇, 11월 28일 장중 5,310원 5.78% 상승&nbsp;&nbsp;스타데일리뉴스",로봇,2025-11,"휴림로봇, 11월 28일 장중 5,310원 5.78% 상승 - 스타데일리뉴스 휴림로봇, 11월 28일 장중 5,310원 5.78% 상승&nbsp;&nbsp;스타데일리뉴스"
2025-11-05,일론 머스크의 역대 최대 1400조원 보상안 물 건너가나? 여기저기 반대 목소리 - 조선일보,일론 머스크의 역대 최대 1400조원 보상안 물 건너가나? 여기저기 반대 목소리&nbsp;&nbsp;조선일보,로봇,2025-11,일론 머스크의 역대 최대 1400조원 보상안 물 건너가나? 여기저기 반대 목소리 - 조선일보 일론 머스크의 역대 최대 1400조원 보상안 물 건너가나? 여기저기 반대 목소리&nbsp;&nbsp;조선일보
2025-11-05,요리사 대체는 아직 멀었나…주방 난장판 만든 로봇 - 네이트,요리사 대체는 아직 멀었나…주방 난장판 만든 로봇&nbsp;&nbsp;네이트,로봇,2025-11,요리사 대체는 아직 멀었나…주방 난장판 만든 로봇 - 네이트 요리사 대체는 아직 멀었나…주방 난장판 만든 로봇&nbsp;&nbsp;네이트
2025-11-20,로봇청소기 보급률 24%…4가구 중 1가구 사용 - 네이트,로봇청소기 보급률 24%…4가구 중 1가구 사용&nbsp;&nbsp;네이트,로봇,2025-11,로봇청소기 보급률 24%…4가구 중 1가구 사용 - 네이트 로봇청소기 보급률 24%…4가구 중 1가구 사용&nbsp;&nbsp;네이트
2025-11-08,"""안에 누구 있나?""…인간 똑닮은 중국 휴머노이드 로봇 '눈길' - 네이트","""안에 누구 있나?""…인간 똑닮은 중국 휴머노이드 로봇 '눈길'&nbsp;&nbsp;네이트",로봇,2025-11,"""안에 누구 있나?""…인간 똑닮은 중국 휴머노이드 로봇 '눈길' - 네이트 ""안에 누구 있나?""…인간 똑닮은 중국 휴머노이드 로봇 '눈길'&nbsp;&nbsp;네이트"
2025-11-10,25화 스윙 매매(Swing Trading) - 브런치,25화 스윙 매매(Swing Trading)&nbsp;&nbsp;브런치,로봇,2025-11,25화 스윙 매매(Swing Trading) - 브런치 25화 스윙 매매(Swing Trading)&nbsp;&nbsp;브런치
2025-11-04,"휴림로봇, 11월 4일 7,330원 3.39% 상승 마감 - 스타데일리뉴스","휴림로봇, 11월 4일 7,330원 3.39% 상승 마감&nbsp;&nbsp;스타데일리뉴스",로봇,2025-11,"휴림로봇, 11월 4일 7,330원 3.39% 상승 마감 - 스타데일리뉴스 휴림로봇, 11월 4일 7,330원 3.39% 상승 마감&nbsp;&nbsp;스타데일리뉴스"
2025-11-26,"휴림로봇, 11월 26일 장중 4,870원 2.10% 상승 - 스타데일리뉴스","휴림로봇, 11월 26일 장중 4,870원 2.10% 상승&nbsp;&nbsp;스타데일리뉴스",로봇,2025-11,"휴림로봇, 11월 26일 장중 4,870원 2.10% 상승 - 스타데일리뉴스 휴림로봇, 11월 26일 장중 4,870원 2.10% 상승&nbsp;&nbsp;스타데일리뉴스"
2025-11-05,‘고평가’ 경고음 나오는 뉴욕 증시...나스닥 2% 이상 하락 - 조선일보,‘고평가’ 경고음 나오는 뉴욕 증시...나스닥 2% 이상 하락&nbsp;&nbsp;조선일보,조선,2025-11,‘고평가’ 경고음 나오는 뉴욕 증시...나스닥 2% 이상 하락 - 조선일보 ‘고평가’ 경고음 나오는 뉴욕 증시...나스닥 2% 이상 하락&nbsp;&nbsp;조선일보
2025-11-06,"[데이터 뉴스룸] 운송業 중 시총 100% 넘게 뛴 종목은?…한화에어로스페이스·한화오션,·HD현대중공업, 11개월 새 시총 20조 이상 불어나 - 녹색경제신문","[데이터 뉴스룸] 운송業 중 시총 100% 넘게 뛴 종목은?…한화에어로스페이스·한화오션,·HD현대중공업, 11개월 새 시총 20조 이상 불어나&nbsp;&nbsp;녹색경제신문",조선,2025-11,"[데이터 뉴스룸] 운송業 중 시총 100% 넘게 뛴 종목은?…한화에어로스페이스·한화오션,·HD현대중공업, 11개월 새 시총 20조 이상 불어나 - 녹색경제신문 [데이터 뉴스룸] 운송業 중 시총 100% 넘게 뛴 종목은?…한화에어로스페이스·한화오션,·HD현대중공업, 11개월 새 시총 20조 이상 불어나&nbsp;&nbsp;녹색경제신문"
2025-11-18,버핏도 막지 못했다...뉴욕 증시 일제히 하락 - v.daum.net,버핏도 막지 못했다...뉴욕 증시 일제히 하락&nbsp;&nbsp;v.daum.net,조선,2025-11,버핏도 막지 못했다...뉴욕 증시 일제히 하락 - v.daum.net 버핏도 막지 못했다...뉴욕 증시 일제히 하락&nbsp;&nbsp;v.daum.net
2025-11-12,"대한조선, 3개월 뒤의 보호예수 해제 물량 ""정말로 우려할 수준인가에 대해""...업사이드 리스크 큰 구간 - 쉬핑뉴스넷","대한조선, 3개월 뒤의 보호예수 해제 물량 ""정말로 우려할 수준인가에 대해""...업사이드 리스크 큰 구간&nbsp;&nbsp;쉬핑뉴스넷",조선,2025-11,"대한조선, 3개월 뒤의 보호예수 해제 물량 ""정말로 우려할 수준인가에 대해""...업사이드 리스크 큰 구간 - 쉬핑뉴스넷 대한조선, 3개월 뒤의 보호예수 해제 물량 ""정말로 우려할 수준인가에 대해""...업사이드 리스크 큰 구간&nbsp;&nbsp;쉬핑뉴스넷"
2025-11-27,"[뉴스모음] 신세계 조선호텔, 메리츠證 손잡고 명동·판교 호텔 인수 外 - 딜사이트","[뉴스모음] 신세계 조선호텔, 메리츠證 손잡고 명동·판교 호텔 인수 外&nbsp;&nbsp;딜사이트",조선,2025-11,"[뉴스모음] 신세계 조선호텔, 메리츠證 손잡고 명동·판교 호텔 인수 外 - 딜사이트 [뉴스모음] 신세계 조선호텔, 메리츠證 손잡고 명동·판교 호텔 인수 外&nbsp;&nbsp;딜사이트"
2025-11-21,엔비디아도 못 막은 뉴욕증시...AI 거품론에 나스닥 2% 이상 하락 - 조선일보,엔비디아도 못 막은 뉴욕증시...AI 거품론에 나스닥 2% 이상 하락&nbsp;&nbsp;조선일보,조선,2025-11,엔비디아도 못 막은 뉴욕증시...AI 거품론에 나스닥 2% 이상 하락 - 조선일보 엔비디아도 못 막은 뉴욕증시...AI 거품론에 나스닥 2% 이상 하락&nbsp;&nbsp;조선일보
2025-11-14,"삼성重·HSG성동조선, 외주 넘어 통건조 '상생의 길'로 - v.daum.net","삼성重·HSG성동조선, 외주 넘어 통건조 '상생의 길'로&nbsp;&nbsp;v.daum.net",조선,2025-11,"삼성重·HSG성동조선, 외주 넘어 통건조 '상생의 길'로 - v.daum.net 삼성重·HSG성동조선, 외주 넘어 통건조 '상생의 길'로&nbsp;&nbsp;v.daum.net"
2025-11-17,2026년은 '한국 조선업에 다시 오는 두마리 토끼의 해'... ‘바다를 지배하는 자 세계를 지배’ 공감 최대 - 쉬핑뉴스넷,2026년은 '한국 조선업에 다시 오는 두마리 토끼의 해'... ‘바다를 지배하는 자 세계를 지배’ 공감 최대&nbsp;&nbsp;쉬핑뉴스넷,조선,2025-11,2026년은 '한국 조선업에 다시 오는 두마리 토끼의 해'... ‘바다를 지배하는 자 세계를 지배’ 공감 최대 - 쉬핑뉴스넷 2026년은 '한국 조선업에 다시 오는 두마리 토끼의 해'... ‘바다를 지배하는 자 세계를 지배’ 공감 최대&nbsp;&nbsp;쉬핑뉴스넷
2025-11-12,달러로 美주식 사는 서학개미... 환율 장중 1470원 터치 - 조선일보,달러로 美주식 사는 서학개미... 환율 장중 1470원 터치&nbsp;&nbsp;조선일보,조선,2025-11,달러로 美주식 사는 서학개미... 환율 장중 1470원 터치 - 조선일보 달러로 美주식 사는 서학개미... 환율 장중 1470원 터치&nbsp;&nbsp;조선일보
2025-11-12,"[사설] 국민연금 투입에 ‘빚투’ 조장, 위험한 ‘증시의 정치화’ - v.daum.net","[사설] 국민연금 투입에 ‘빚투’ 조장, 위험한 ‘증시의 정치화’&nbsp;&nbsp;v.daum.net",조선,2025-11,"[사설] 국민연금 투입에 ‘빚투’ 조장, 위험한 ‘증시의 정치화’ - v.daum.net [사설] 국민연금 투입에 ‘빚투’ 조장, 위험한 ‘증시의 정치화’&nbsp;&nbsp;v.daum.net"
2025-11-24,[특징주] 삼성전자·SK하이닉스 강세…코스피 지수 쌍끌이 - 조선비즈 - Chosunbiz,[특징주] 삼성전자·SK하이닉스 강세…코스피 지수 쌍끌이 - 조선비즈&nbsp;&nbsp;Chosunbiz,조선,2025-11,[특징주] 삼성전자·SK하이닉스 강세…코스피 지수 쌍끌이 - 조선비즈 - Chosunbiz [특징주] 삼성전자·SK하이닉스 강세…코스피 지수 쌍끌이 - 조선비즈&nbsp;&nbsp;Chosunbiz
2025-11-11,급등한 주가가 어닝 쇼크 원인… 두산에너빌리티의 아이러니 - 조선비즈 - Chosunbiz,급등한 주가가 어닝 쇼크 원인… 두산에너빌리티의 아이러니 - 조선비즈&nbsp;&nbsp;Chosunbiz,조선,2025-11,급등한 주가가 어닝 쇼크 원인… 두산에너빌리티의 아이러니 - 조선비즈 - Chosunbiz 급등한 주가가 어닝 쇼크 원인… 두산에너빌리티의 아이러니 - 조선비즈&nbsp;&nbsp;Chosunbiz
2025-11-26,격화된 엔비디아와 구글의 AI 대전…뉴욕증시 일제히 상승 - 조선일보,격화된 엔비디아와 구글의 AI 대전…뉴욕증시 일제히 상승&nbsp;&nbsp;조선일보,조선,2025-11,격화된 엔비디아와 구글의 AI 대전…뉴욕증시 일제히 상승 - 조선일보 격화된 엔비디아와 구글의 AI 대전…뉴욕증시 일제히 상승&nbsp;&nbsp;조선일보
2025-11-11,"하나증권, ‘미국주식 주간 거래 이벤트’ 진행 - 조선비즈 - Chosunbiz","하나증권, ‘미국주식 주간 거래 이벤트’ 진행 - 조선비즈&nbsp;&nbsp;Chosunbiz",조선,2025-11,"하나증권, ‘미국주식 주간 거래 이벤트’ 진행 - 조선비즈 - Chosunbiz 하나증권, ‘미국주식 주간 거래 이벤트’ 진행 - 조선비즈&nbsp;&nbsp;Chosunbiz"
2025-11-26,"해외주식 양도세 강화 여부에... 구윤철 ""필요하면 얼마든지 검토"" - 조선일보","해외주식 양도세 강화 여부에... 구윤철 ""필요하면 얼마든지 검토""&nbsp;&nbsp;조선일보",조선,2025-11,"해외주식 양도세 강화 여부에... 구윤철 ""필요하면 얼마든지 검토"" - 조선일보 해외주식 양도세 강화 여부에... 구윤철 ""필요하면 얼마든지 검토""&nbsp;&nbsp;조선일보"
2025-11-01,'코스피 5000'의 착시… 주가 올라도 경제체력 떨어진다 - 조선일보,'코스피 5000'의 착시… 주가 올라도 경제체력 떨어진다&nbsp;&nbsp;조선일보,조선,2025-11,'코스피 5000'의 착시… 주가 올라도 경제체력 떨어진다 - 조선일보 '코스피 5000'의 착시… 주가 올라도 경제체력 떨어진다&nbsp;&nbsp;조선일보
2025-11-21,뉴욕증시 급락 여파에 코스피 3900 또 붕괴 - 조선일보,뉴욕증시 급락 여파에 코스피 3900 또 붕괴&nbsp;&nbsp;조선일보,조선,2025-11,뉴욕증시 급락 여파에 코스피 3900 또 붕괴 - 조선일보 뉴욕증시 급락 여파에 코스피 3900 또 붕괴&nbsp;&nbsp;조선일보
2025-11-20,"1500원 바라보는 환율, 기업과 개인 엇갈리는 희비 - 조선일보","1500원 바라보는 환율, 기업과 개인 엇갈리는 희비&nbsp;&nbsp;조선일보",조선,2025-11,"1500원 바라보는 환율, 기업과 개인 엇갈리는 희비 - 조선일보 1500원 바라보는 환율, 기업과 개인 엇갈리는 희비&nbsp;&nbsp;조선일보"
2025-11-25,"환율 1500원 앞두고… 정부, 기업·국민연금도 모자라 증권사까지 동원해 ‘방어전’ - 조선일보","환율 1500원 앞두고… 정부, 기업·국민연금도 모자라 증권사까지 동원해 ‘방어전’&nbsp;&nbsp;조선일보",조선,2025-11,"환율 1500원 앞두고… 정부, 기업·국민연금도 모자라 증권사까지 동원해 ‘방어전’ - 조선일보 환율 1500원 앞두고… 정부, 기업·국민연금도 모자라 증권사까지 동원해 ‘방어전’&nbsp;&nbsp;조선일보"
2025-11-05,코스피 4000 간신히 방어...‘10만전자’는 지켰다 - 조선일보,코스피 4000 간신히 방어...‘10만전자’는 지켰다&nbsp;&nbsp;조선일보,조선,2025-11,코스피 4000 간신히 방어...‘10만전자’는 지켰다 - 조선일보 코스피 4000 간신히 방어...‘10만전자’는 지켰다&nbsp;&nbsp;조선일보
2025-11-07,"다시 고개 든 AI 거품 논란, 나스닥 2% 하락 - 조선일보","다시 고개 든 AI 거품 논란, 나스닥 2% 하락&nbsp;&nbsp;조선일보",조선,2025-11,"다시 고개 든 AI 거품 논란, 나스닥 2% 하락 - 조선일보 다시 고개 든 AI 거품 논란, 나스닥 2% 하락&nbsp;&nbsp;조선일보"
2025-11-09,"‘AI 거품론’에 화들짝… 외국인, 코스피 주간 순매도 역대 최대 - 조선비즈 - Chosunbiz","‘AI 거품론’에 화들짝… 외국인, 코스피 주간 순매도 역대 최대 - 조선비즈&nbsp;&nbsp;Chosunbiz",조선,2025-11,"‘AI 거품론’에 화들짝… 외국인, 코스피 주간 순매도 역대 최대 - 조선비즈 - Chosunbiz ‘AI 거품론’에 화들짝… 외국인, 코스피 주간 순매도 역대 최대 - 조선비즈&nbsp;&nbsp;Chosunbiz"
2025-11-24,"또 종가 왜곡… KB증권, 자기매매로 종가 관여해 경고 처분 - 조선비즈 - Chosunbiz","또 종가 왜곡… KB증권, 자기매매로 종가 관여해 경고 처분 - 조선비즈&nbsp;&nbsp;Chosunbiz",조선,2025-11,"또 종가 왜곡… KB증권, 자기매매로 종가 관여해 경고 처분 - 조선비즈 - Chosunbiz 또 종가 왜곡… KB증권, 자기매매로 종가 관여해 경고 처분 - 조선비즈&nbsp;&nbsp;Chosunbiz"
2025-11-22,연준 2인자가 살려낸 뉴욕 증시…3대 지수 일제히 상승 - 조선일보,연준 2인자가 살려낸 뉴욕 증시…3대 지수 일제히 상승&nbsp;&nbsp;조선일보,조선,2025-11,연준 2인자가 살려낸 뉴욕 증시…3대 지수 일제히 상승 - 조선일보 연준 2인자가 살려낸 뉴욕 증시…3대 지수 일제히 상승&nbsp;&nbsp;조선일보
2025-11-19,"‘서학개미’ 美 주식 더 사고, 주가도 올라…해외 증권 투자 또 사상 최대 - 조선일보","‘서학개미’ 美 주식 더 사고, 주가도 올라…해외 증권 투자 또 사상 최대&nbsp;&nbsp;조선일보",조선,2025-11,"‘서학개미’ 美 주식 더 사고, 주가도 올라…해외 증권 투자 또 사상 최대 - 조선일보 ‘서학개미’ 美 주식 더 사고, 주가도 올라…해외 증권 투자 또 사상 최대&nbsp;&nbsp;조선일보"
2025-11-03,"NH투자증권, 주간거래 재개 기념 투자지원금 이벤트 진행 - 조선비즈 - Chosunbiz","NH투자증권, 주간거래 재개 기념 투자지원금 이벤트 진행 - 조선비즈&nbsp;&nbsp;Chosunbiz",조선,2025-11,"NH투자증권, 주간거래 재개 기념 투자지원금 이벤트 진행 - 조선비즈 - Chosunbiz NH투자증권, 주간거래 재개 기념 투자지원금 이벤트 진행 - 조선비즈&nbsp;&nbsp;Chosunbiz"
2025-11-11,"JP모간 ""1년 내 코스피 6000 가능""…주도주에 올라타라 - 한국경제","JP모간 ""1년 내 코스피 6000 가능""…주도주에 올라타라&nbsp;&nbsp;한국경제",조선,2025-11,"JP모간 ""1년 내 코스피 6000 가능""…주도주에 올라타라 - 한국경제 JP모간 ""1년 내 코스피 6000 가능""…주도주에 올라타라&nbsp;&nbsp;한국경제"
2025-11-25,"한화, 미국 투자의 추가 조선, 방위산업으로 기울다 - 쉬핑뉴스넷","한화, 미국 투자의 추가 조선, 방위산업으로 기울다&nbsp;&nbsp;쉬핑뉴스넷",조선,2025-11,"한화, 미국 투자의 추가 조선, 방위산업으로 기울다 - 쉬핑뉴스넷 한화, 미국 투자의 추가 조선, 방위산업으로 기울다&nbsp;&nbsp;쉬핑뉴스넷"
2025-11-17,NH證 공개매수 시장 위상 흔들… IB 수익성 이상 감지 - 조선비즈 - Chosunbiz,NH證 공개매수 시장 위상 흔들… IB 수익성 이상 감지 - 조선비즈&nbsp;&nbsp;Chosunbiz,조선,2025-11,NH證 공개매수 시장 위상 흔들… IB 수익성 이상 감지 - 조선비즈 - Chosunbiz NH證 공개매수 시장 위상 흔들… IB 수익성 이상 감지 - 조선비즈&nbsp;&nbsp;Chosunbiz
2025-11-21,"‘돈나무 언니’ 캐시우드, 엔비디아 저가매수 나섰다 - 조선비즈 - Chosunbiz","‘돈나무 언니’ 캐시우드, 엔비디아 저가매수 나섰다 - 조선비즈&nbsp;&nbsp;Chosunbiz",조선,2025-11,"‘돈나무 언니’ 캐시우드, 엔비디아 저가매수 나섰다 - 조선비즈 - Chosunbiz ‘돈나무 언니’ 캐시우드, 엔비디아 저가매수 나섰다 - 조선비즈&nbsp;&nbsp;Chosunbiz"
2025-11-10,"카카오페이증권, 중개형 ISA 출시... ‘쉽고 편리한 절세’ 돕는다 - 조선비즈 - Chosunbiz","카카오페이증권, 중개형 ISA 출시... ‘쉽고 편리한 절세’ 돕는다 - 조선비즈&nbsp;&nbsp;Chosunbiz",조선,2025-11,"카카오페이증권, 중개형 ISA 출시... ‘쉽고 편리한 절세’ 돕는다 - 조선비즈 - Chosunbiz 카카오페이증권, 중개형 ISA 출시... ‘쉽고 편리한 절세’ 돕는다 - 조선비즈&nbsp;&nbsp;Chosunbiz"
2025-11-14,"화이자, 멧세라 최종 인수 완료...비만약 파이프라인 확보 - 히트뉴스","화이자, 멧세라 최종 인수 완료...비만약 파이프라인 확보&nbsp;&nbsp;히트뉴스",화이자,2025-11,"화이자, 멧세라 최종 인수 완료...비만약 파이프라인 확보 - 히트뉴스 화이자, 멧세라 최종 인수 완료...비만약 파이프라인 확보&nbsp;&nbsp;히트뉴스"
2025-11-14,"화이자, 멧세라 인수 절차 공식 종결…상장폐지·완전 자회사로 편입 - 메디코파마","화이자, 멧세라 인수 절차 공식 종결…상장폐지·완전 자회사로 편입&nbsp;&nbsp;메디코파마",화이자,2025-11,"화이자, 멧세라 인수 절차 공식 종결…상장폐지·완전 자회사로 편입 - 메디코파마 화이자, 멧세라 인수 절차 공식 종결…상장폐지·완전 자회사로 편입&nbsp;&nbsp;메디코파마"
2025-11-17,"화이자 ""2028년 비만 시장 진입 기대""…노보 ""비핵심 자산 매각, 비만·당뇨에 더 집중"" - MEDI:GATE NEWS","화이자 ""2028년 비만 시장 진입 기대""…노보 ""비핵심 자산 매각, 비만·당뇨에 더 집중""&nbsp;&nbsp;MEDI:GATE NEWS",화이자,2025-11,"화이자 ""2028년 비만 시장 진입 기대""…노보 ""비핵심 자산 매각, 비만·당뇨에 더 집중"" - MEDI:GATE NEWS 화이자 ""2028년 비만 시장 진입 기대""…노보 ""비핵심 자산 매각, 비만·당뇨에 더 집중""&nbsp;&nbsp;MEDI:GATE NEWS"
2025-11-09,"화이자, 멧세라 인수…100억달러 비만약 인수전 승리 - v.daum.net","화이자, 멧세라 인수…100억달러 비만약 인수전 승리&nbsp;&nbsp;v.daum.net",화이자,2025-11,"화이자, 멧세라 인수…100억달러 비만약 인수전 승리 - v.daum.net 화이자, 멧세라 인수…100억달러 비만약 인수전 승리&nbsp;&nbsp;v.daum.net"
2025-11-09,반토막 난 화이자 주가 ‘비만치료제’ 덕에 불씨?…‘100억달러’ 베팅에 목표가 쑥 - 매일경제,반토막 난 화이자 주가 ‘비만치료제’ 덕에 불씨?…‘100억달러’ 베팅에 목표가 쑥&nbsp;&nbsp;매일경제,화이자,2025-11,반토막 난 화이자 주가 ‘비만치료제’ 덕에 불씨?…‘100억달러’ 베팅에 목표가 쑥 - 매일경제 반토막 난 화이자 주가 ‘비만치료제’ 덕에 불씨?…‘100억달러’ 베팅에 목표가 쑥&nbsp;&nbsp;매일경제
2025-11-11,"화이자, 멧세라 품었다...비만약 '월 1회 투약' 혁신 가속 - 팜뉴스","화이자, 멧세라 품었다...비만약 '월 1회 투약' 혁신 가속&nbsp;&nbsp;팜뉴스",화이자,2025-11,"화이자, 멧세라 품었다...비만약 '월 1회 투약' 혁신 가속 - 팜뉴스 화이자, 멧세라 품었다...비만약 '월 1회 투약' 혁신 가속&nbsp;&nbsp;팜뉴스"
2025-11-07,"위고비 CEO의 도발…화이자에 ""멧세라 사려면 돈 더 써라"" - 연합뉴스","위고비 CEO의 도발…화이자에 ""멧세라 사려면 돈 더 써라""&nbsp;&nbsp;연합뉴스",화이자,2025-11,"위고비 CEO의 도발…화이자에 ""멧세라 사려면 돈 더 써라"" - 연합뉴스 위고비 CEO의 도발…화이자에 ""멧세라 사려면 돈 더 써라""&nbsp;&nbsp;연합뉴스"
2025-11-10,"멧세라, 화이자와 100억弗 조건 인수 합의 공표 - 약업신문","멧세라, 화이자와 100억弗 조건 인수 합의 공표&nbsp;&nbsp;약업신문",화이자,2025-11,"멧세라, 화이자와 100억弗 조건 인수 합의 공표 - 약업신문 멧세라, 화이자와 100억弗 조건 인수 합의 공표&nbsp;&nbsp;약업신문"
2025-11-04,"화이자, 포스트 팬데믹 침체 탈출…올해 이익 전망 상향 - 한국경제","화이자, 포스트 팬데믹 침체 탈출…올해 이익 전망 상향&nbsp;&nbsp;한국경제",화이자,2025-11,"화이자, 포스트 팬데믹 침체 탈출…올해 이익 전망 상향 - 한국경제 화이자, 포스트 팬데믹 침체 탈출…올해 이익 전망 상향&nbsp;&nbsp;한국경제"
2025-11-07,화이자냐 노보노냐! 멧세라 인수놓고 빅파마 혈전 - 팜뉴스,화이자냐 노보노냐! 멧세라 인수놓고 빅파마 혈전&nbsp;&nbsp;팜뉴스,화이자,2025-11,화이자냐 노보노냐! 멧세라 인수놓고 빅파마 혈전 - 팜뉴스 화이자냐 노보노냐! 멧세라 인수놓고 빅파마 혈전&nbsp;&nbsp;팜뉴스
2025-11-04,멧세라 매력 뭐길래? 화이자·노보가 10조 거는 이유 - 히트뉴스,멧세라 매력 뭐길래? 화이자·노보가 10조 거는 이유&nbsp;&nbsp;히트뉴스,화이자,2025-11,멧세라 매력 뭐길래? 화이자·노보가 10조 거는 이유 - 히트뉴스 멧세라 매력 뭐길래? 화이자·노보가 10조 거는 이유&nbsp;&nbsp;히트뉴스
2025-11-04,"빅파마들 실패한 ‘저분자 비만 알약’…일동제약, 첫 기술 수출 노린다 - 조선비즈 - Chosunbiz","빅파마들 실패한 ‘저분자 비만 알약’…일동제약, 첫 기술 수출 노린다 - 조선비즈&nbsp;&nbsp;Chosunbiz",화이자,2025-11,"빅파마들 실패한 ‘저분자 비만 알약’…일동제약, 첫 기술 수출 노린다 - 조선비즈 - Chosunbiz 빅파마들 실패한 ‘저분자 비만 알약’…일동제약, 첫 기술 수출 노린다 - 조선비즈&nbsp;&nbsp;Chosunbiz"
2025-11-08,‘팔란티어 하락’에 베팅한 ‘빅쇼트’ 마이클 버리…‘AI 대신 ○○ 상승’에 걸었다 [투자360] - v.daum.net,‘팔란티어 하락’에 베팅한 ‘빅쇼트’ 마이클 버리…‘AI 대신 ○○ 상승’에 걸었다 [투자360]&nbsp;&nbsp;v.daum.net,화이자,2025-11,‘팔란티어 하락’에 베팅한 ‘빅쇼트’ 마이클 버리…‘AI 대신 ○○ 상승’에 걸었다 [투자360] - v.daum.net ‘팔란티어 하락’에 베팅한 ‘빅쇼트’ 마이클 버리…‘AI 대신 ○○ 상승’에 걸었다 [투자360]&nbsp;&nbsp;v.daum.net
2025-11-13,"프리베나20, 소아 NIP 포함…폐렴구균 예방 '표준' - 팜뉴스","프리베나20, 소아 NIP 포함…폐렴구균 예방 '표준'&nbsp;&nbsp;팜뉴스",화이자,2025-11,"프리베나20, 소아 NIP 포함…폐렴구균 예방 '표준' - 팜뉴스 프리베나20, 소아 NIP 포함…폐렴구균 예방 '표준'&nbsp;&nbsp;팜뉴스"
2025-12-23,[생생한 주식쇼 생쇼] 휴림로봇 (090710) - 매일경제TV,[생생한 주식쇼 생쇼] 휴림로봇 (090710)&nbsp;&nbsp;매일경제TV,로봇,2025-12,[생생한 주식쇼 생쇼] 휴림로봇 (090710) - 매일경제TV [생생한 주식쇼 생쇼] 휴림로봇 (090710)&nbsp;&nbsp;매일경제TV
2025-12-04,"[GAM] 트럼프, 이번엔 '로봇 드라이브' 건다…관련주 20선 해부 - 뉴스핌","[GAM] 트럼프, 이번엔 '로봇 드라이브' 건다…관련주 20선 해부&nbsp;&nbsp;뉴스핌",로봇,2025-12,"[GAM] 트럼프, 이번엔 '로봇 드라이브' 건다…관련주 20선 해부 - 뉴스핌 [GAM] 트럼프, 이번엔 '로봇 드라이브' 건다…관련주 20선 해부&nbsp;&nbsp;뉴스핌"
2025-12-10,"""반도체 다음은 로봇""…한·미 정책 수혜 기대에 관련주 '들썩' - 연합뉴스","""반도체 다음은 로봇""…한·미 정책 수혜 기대에 관련주 '들썩'&nbsp;&nbsp;연합뉴스",로봇,2025-12,"""반도체 다음은 로봇""…한·미 정책 수혜 기대에 관련주 '들썩' - 연합뉴스 ""반도체 다음은 로봇""…한·미 정책 수혜 기대에 관련주 '들썩'&nbsp;&nbsp;연합뉴스"
2025-12-28,[로봇신문 선정] ‘2025 해외 10대 로봇 뉴스’ - 로봇신문,[로봇신문 선정] ‘2025 해외 10대 로봇 뉴스’&nbsp;&nbsp;로봇신문,로봇,2025-12,[로봇신문 선정] ‘2025 해외 10대 로봇 뉴스’ - 로봇신문 [로봇신문 선정] ‘2025 해외 10대 로봇 뉴스’&nbsp;&nbsp;로봇신문
2025-12-09,연기금도 '피지컬AI 트레이딩'…현대차·로보티즈 가장 많이 담았다 - 연합인포맥스,연기금도 '피지컬AI 트레이딩'…현대차·로보티즈 가장 많이 담았다&nbsp;&nbsp;연합인포맥스,로봇,2025-12,연기금도 '피지컬AI 트레이딩'…현대차·로보티즈 가장 많이 담았다 - 연합인포맥스 연기금도 '피지컬AI 트레이딩'…현대차·로보티즈 가장 많이 담았다&nbsp;&nbsp;연합인포맥스
2025-12-29,"삼미금속·세미파이브 신고식, ‘이재명 관련주’ 형지엘리트는 로봇주? [뉴스톡 웰스톡] - 뉴스웰","삼미금속·세미파이브 신고식, ‘이재명 관련주’ 형지엘리트는 로봇주? [뉴스톡 웰스톡]&nbsp;&nbsp;뉴스웰",로봇,2025-12,"삼미금속·세미파이브 신고식, ‘이재명 관련주’ 형지엘리트는 로봇주? [뉴스톡 웰스톡] - 뉴스웰 삼미금속·세미파이브 신고식, ‘이재명 관련주’ 형지엘리트는 로봇주? [뉴스톡 웰스톡]&nbsp;&nbsp;뉴스웰"
2025-12-24,세계 1위 로봇 업체가 엔비디아와 손잡자…주가 60% '점프' - 한국경제,세계 1위 로봇 업체가 엔비디아와 손잡자…주가 60% '점프'&nbsp;&nbsp;한국경제,로봇,2025-12,세계 1위 로봇 업체가 엔비디아와 손잡자…주가 60% '점프' - 한국경제 세계 1위 로봇 업체가 엔비디아와 손잡자…주가 60% '점프'&nbsp;&nbsp;한국경제
2025-12-15,수출 비중 40%까지 늘린 휴림로봇... 실적 반등 기대 커진다 - 핀포인트뉴스,수출 비중 40%까지 늘린 휴림로봇... 실적 반등 기대 커진다&nbsp;&nbsp;핀포인트뉴스,로봇,2025-12,수출 비중 40%까지 늘린 휴림로봇... 실적 반등 기대 커진다 - 핀포인트뉴스 수출 비중 40%까지 늘린 휴림로봇... 실적 반등 기대 커진다&nbsp;&nbsp;핀포인트뉴스
2025-12-01,고영 · 원익홀딩스 등 로봇주 '장중 껑충'...이슈는? - 초이스경제,고영 · 원익홀딩스 등 로봇주 '장중 껑충'...이슈는?&nbsp;&nbsp;초이스경제,로봇,2025-12,고영 · 원익홀딩스 등 로봇주 '장중 껑충'...이슈는? - 초이스경제 고영 · 원익홀딩스 등 로봇주 '장중 껑충'...이슈는?&nbsp;&nbsp;초이스경제
2025-12-10,"로봇 주식 대세…현대오토에버·두산로보틱스 주가 급등, 투자자들 집중 조명 - 공감신문","로봇 주식 대세…현대오토에버·두산로보틱스 주가 급등, 투자자들 집중 조명&nbsp;&nbsp;공감신문",로봇,2025-12,"로봇 주식 대세…현대오토에버·두산로보틱스 주가 급등, 투자자들 집중 조명 - 공감신문 로봇 주식 대세…현대오토에버·두산로보틱스 주가 급등, 투자자들 집중 조명&nbsp;&nbsp;공감신문"
2025-12-04,"[특징주]두산로보, 세계 10대 로봇업체 등극…10배 오른 로보티즈에 자극받나 - 아시아경제","[특징주]두산로보, 세계 10대 로봇업체 등극…10배 오른 로보티즈에 자극받나&nbsp;&nbsp;아시아경제",로봇,2025-12,"[특징주]두산로보, 세계 10대 로봇업체 등극…10배 오른 로보티즈에 자극받나 - 아시아경제 [특징주]두산로보, 세계 10대 로봇업체 등극…10배 오른 로보티즈에 자극받나&nbsp;&nbsp;아시아경제"
2025-12-29,[글로벌 투자 10선]④ 롤러코스터 탄 테슬라 주가...2026년은 로봇에 달렸다 - 오피니언뉴스,[글로벌 투자 10선]④ 롤러코스터 탄 테슬라 주가...2026년은 로봇에 달렸다&nbsp;&nbsp;오피니언뉴스,로봇,2025-12,[글로벌 투자 10선]④ 롤러코스터 탄 테슬라 주가...2026년은 로봇에 달렸다 - 오피니언뉴스 [글로벌 투자 10선]④ 롤러코스터 탄 테슬라 주가...2026년은 로봇에 달렸다&nbsp;&nbsp;오피니언뉴스
2025-12-15,"아이로봇 주가, 파산 이후 어디로 향하나? 나스닥 변동성 요약과 향후 관전 포인트 - EBC Financial Group","아이로봇 주가, 파산 이후 어디로 향하나? 나스닥 변동성 요약과 향후 관전 포인트&nbsp;&nbsp;EBC Financial Group",로봇,2025-12,"아이로봇 주가, 파산 이후 어디로 향하나? 나스닥 변동성 요약과 향후 관전 포인트 - EBC Financial Group 아이로봇 주가, 파산 이후 어디로 향하나? 나스닥 변동성 요약과 향후 관전 포인트&nbsp;&nbsp;EBC Financial Group"
2025-12-12,"[김도형의 럭키7] 클로봇, 2회 공략 大성공… 3차 목표가는 '이 가격'까지? - 머니투데이 - 머니투데이","[김도형의 럭키7] 클로봇, 2회 공략 大성공… 3차 목표가는 '이 가격'까지? - 머니투데이&nbsp;&nbsp;머니투데이",로봇,2025-12,"[김도형의 럭키7] 클로봇, 2회 공략 大성공… 3차 목표가는 '이 가격'까지? - 머니투데이 - 머니투데이 [김도형의 럭키7] 클로봇, 2회 공략 大성공… 3차 목표가는 '이 가격'까지? - 머니투데이&nbsp;&nbsp;머니투데이"
2025-12-28,[로봇신문 선정] ‘2025 국내 10대 로봇 뉴스’ - 로봇신문,[로봇신문 선정] ‘2025 국내 10대 로봇 뉴스’&nbsp;&nbsp;로봇신문,로봇,2025-12,[로봇신문 선정] ‘2025 국내 10대 로봇 뉴스’ - 로봇신문 [로봇신문 선정] ‘2025 국내 10대 로봇 뉴스’&nbsp;&nbsp;로봇신문
2025-12-04,[GAM] 미국 로봇주 트럼프발 급등세…아이로봇 70%대 폭등 - 뉴스핌,[GAM] 미국 로봇주 트럼프발 급등세…아이로봇 70%대 폭등&nbsp;&nbsp;뉴스핌,로봇,2025-12,[GAM] 미국 로봇주 트럼프발 급등세…아이로봇 70%대 폭등 - 뉴스핌 [GAM] 미국 로봇주 트럼프발 급등세…아이로봇 70%대 폭등&nbsp;&nbsp;뉴스핌
2025-12-04,"""하루 사이에 70% 급등""…트럼프 '입'에 관심 쏠리는 이유 - 한국경제","""하루 사이에 70% 급등""…트럼프 '입'에 관심 쏠리는 이유&nbsp;&nbsp;한국경제",로봇,2025-12,"""하루 사이에 70% 급등""…트럼프 '입'에 관심 쏠리는 이유 - 한국경제 ""하루 사이에 70% 급등""…트럼프 '입'에 관심 쏠리는 이유&nbsp;&nbsp;한국경제"
2025-12-29,"K-휴머노이드 연합 효과… 휴림로봇, 2026년 실적 레벨업 예고 - 핀포인트뉴스","K-휴머노이드 연합 효과… 휴림로봇, 2026년 실적 레벨업 예고&nbsp;&nbsp;핀포인트뉴스",로봇,2025-12,"K-휴머노이드 연합 효과… 휴림로봇, 2026년 실적 레벨업 예고 - 핀포인트뉴스 K-휴머노이드 연합 효과… 휴림로봇, 2026년 실적 레벨업 예고&nbsp;&nbsp;핀포인트뉴스"
2025-12-03,"中 기업, 파산위기 아이로봇 부채 2800억원 인수 - 로봇신문","中 기업, 파산위기 아이로봇 부채 2800억원 인수&nbsp;&nbsp;로봇신문",로봇,2025-12,"中 기업, 파산위기 아이로봇 부채 2800억원 인수 - 로봇신문 中 기업, 파산위기 아이로봇 부채 2800억원 인수&nbsp;&nbsp;로봇신문"
2025-12-30,2000원짜리가 5만원 됐다…'무려 1777%' 주가 불기둥 [종목+] - 한국경제,2000원짜리가 5만원 됐다…'무려 1777%' 주가 불기둥 [종목+]&nbsp;&nbsp;한국경제,로봇,2025-12,2000원짜리가 5만원 됐다…'무려 1777%' 주가 불기둥 [종목+] - 한국경제 2000원짜리가 5만원 됐다…'무려 1777%' 주가 불기둥 [종목+]&nbsp;&nbsp;한국경제
2025-12-03,휴머노이드 열풍 속 '돈 버는' 로봇 기업은? 2025년 재무 성과 TOP 20 - 시큐리티팩트,휴머노이드 열풍 속 '돈 버는' 로봇 기업은? 2025년 재무 성과 TOP 20&nbsp;&nbsp;시큐리티팩트,로봇,2025-12,휴머노이드 열풍 속 '돈 버는' 로봇 기업은? 2025년 재무 성과 TOP 20 - 시큐리티팩트 휴머노이드 열풍 속 '돈 버는' 로봇 기업은? 2025년 재무 성과 TOP 20&nbsp;&nbsp;시큐리티팩트
2025-12-19,올해 200% 뛴 로봇 부품주…에스피지 1위 [주식 초고수는 지금] - 서울경제,올해 200% 뛴 로봇 부품주…에스피지 1위 [주식 초고수는 지금]&nbsp;&nbsp;서울경제,로봇,2025-12,올해 200% 뛴 로봇 부품주…에스피지 1위 [주식 초고수는 지금] - 서울경제 올해 200% 뛴 로봇 부품주…에스피지 1위 [주식 초고수는 지금]&nbsp;&nbsp;서울경제
2025-12-01,"iM證 “고영, 뇌수술용 의료로봇 美 진출 본격화…목표가 28.8% ↑” - 조선비즈 - Chosunbiz","iM證 “고영, 뇌수술용 의료로봇 美 진출 본격화…목표가 28.8% ↑” - 조선비즈&nbsp;&nbsp;Chosunbiz",로봇,2025-12,"iM證 “고영, 뇌수술용 의료로봇 美 진출 본격화…목표가 28.8% ↑” - 조선비즈 - Chosunbiz iM證 “고영, 뇌수술용 의료로봇 美 진출 본격화…목표가 28.8% ↑” - 조선비즈&nbsp;&nbsp;Chosunbiz"
2025-12-15,로봇 육성에 나선 미국 정부… 원익홀딩스가 주목받는 이유는? - 핀포인트뉴스,로봇 육성에 나선 미국 정부… 원익홀딩스가 주목받는 이유는?&nbsp;&nbsp;핀포인트뉴스,로봇,2025-12,로봇 육성에 나선 미국 정부… 원익홀딩스가 주목받는 이유는? - 핀포인트뉴스 로봇 육성에 나선 미국 정부… 원익홀딩스가 주목받는 이유는?&nbsp;&nbsp;핀포인트뉴스
2025-12-04,"""트럼프가 밀어준다"" 전망에…로봇주 장 초반 강세 - 한국경제","""트럼프가 밀어준다"" 전망에…로봇주 장 초반 강세&nbsp;&nbsp;한국경제",로봇,2025-12,"""트럼프가 밀어준다"" 전망에…로봇주 장 초반 강세 - 한국경제 ""트럼프가 밀어준다"" 전망에…로봇주 장 초반 강세&nbsp;&nbsp;한국경제"
2025-12-04,[생생한 주식쇼 생쇼] 제닉스로보틱스 (381620) 요약 - 매일경제TV,[생생한 주식쇼 생쇼] 제닉스로보틱스 (381620) 요약&nbsp;&nbsp;매일경제TV,로봇,2025-12,[생생한 주식쇼 생쇼] 제닉스로보틱스 (381620) 요약 - 매일경제TV [생생한 주식쇼 생쇼] 제닉스로보틱스 (381620) 요약&nbsp;&nbsp;매일경제TV
2025-12-02,"한국피아이엠, 휴머노이드 로봇 손 공동 개발사 ’본시스템즈’에 지분 투자 - 조선비즈 - Chosunbiz","한국피아이엠, 휴머노이드 로봇 손 공동 개발사 ’본시스템즈’에 지분 투자 - 조선비즈&nbsp;&nbsp;Chosunbiz",로봇,2025-12,"한국피아이엠, 휴머노이드 로봇 손 공동 개발사 ’본시스템즈’에 지분 투자 - 조선비즈 - Chosunbiz 한국피아이엠, 휴머노이드 로봇 손 공동 개발사 ’본시스템즈’에 지분 투자 - 조선비즈&nbsp;&nbsp;Chosunbiz"
2025-12-25,시총 판도 뒤흔든 주인공 '조선·바이오·로봇' - 파이낸셜뉴스,시총 판도 뒤흔든 주인공 '조선·바이오·로봇'&nbsp;&nbsp;파이낸셜뉴스,로봇,2025-12,시총 판도 뒤흔든 주인공 '조선·바이오·로봇' - 파이낸셜뉴스 시총 판도 뒤흔든 주인공 '조선·바이오·로봇'&nbsp;&nbsp;파이낸셜뉴스
2025-12-15,"[서학!스타] 아이로봇, 파산보호 속 새 주인 찾았다…기존 주주 지분은 어떻게 되나? - CBC뉴스","[서학!스타] 아이로봇, 파산보호 속 새 주인 찾았다…기존 주주 지분은 어떻게 되나?&nbsp;&nbsp;CBC뉴스",로봇,2025-12,"[서학!스타] 아이로봇, 파산보호 속 새 주인 찾았다…기존 주주 지분은 어떻게 되나? - CBC뉴스 [서학!스타] 아이로봇, 파산보호 속 새 주인 찾았다…기존 주주 지분은 어떻게 되나?&nbsp;&nbsp;CBC뉴스"
2025-12-22,"""사람 살려"" ""2억 물렸어요""…개미들 '비명' 터진 종목 [분석+] - 한국경제","""사람 살려"" ""2억 물렸어요""…개미들 '비명' 터진 종목 [분석+]&nbsp;&nbsp;한국경제",로봇,2025-12,"""사람 살려"" ""2억 물렸어요""…개미들 '비명' 터진 종목 [분석+] - 한국경제 ""사람 살려"" ""2억 물렸어요""…개미들 '비명' 터진 종목 [분석+]&nbsp;&nbsp;한국경제"
2025-12-11,"""트럼프 픽으로 돈 벌자""...로봇 ETF 수익률 최고는?[ETFvsETF] - 머니투데이 - 머니투데이","""트럼프 픽으로 돈 벌자""...로봇 ETF 수익률 최고는?[ETFvsETF] - 머니투데이&nbsp;&nbsp;머니투데이",로봇,2025-12,"""트럼프 픽으로 돈 벌자""...로봇 ETF 수익률 최고는?[ETFvsETF] - 머니투데이 - 머니투데이 ""트럼프 픽으로 돈 벌자""...로봇 ETF 수익률 최고는?[ETFvsETF] - 머니투데이&nbsp;&nbsp;머니투데이"
2025-12-30,"대구시, HD현대로보틱스와 '휴머노이드 로봇 산업 육성' 협약 - 연합뉴스","대구시, HD현대로보틱스와 '휴머노이드 로봇 산업 육성' 협약&nbsp;&nbsp;연합뉴스",로봇,2025-12,"대구시, HD현대로보틱스와 '휴머노이드 로봇 산업 육성' 협약 - 연합뉴스 대구시, HD현대로보틱스와 '휴머노이드 로봇 산업 육성' 협약&nbsp;&nbsp;연합뉴스"
2025-12-01,"네이버, 호재 소멸에도 이틀 연속 순매수 1위…“평균 목표가는 35만 원” [주식 초고수는 지금] - 서울경제","네이버, 호재 소멸에도 이틀 연속 순매수 1위…“평균 목표가는 35만 원” [주식 초고수는 지금]&nbsp;&nbsp;서울경제",로봇,2025-12,"네이버, 호재 소멸에도 이틀 연속 순매수 1위…“평균 목표가는 35만 원” [주식 초고수는 지금] - 서울경제 네이버, 호재 소멸에도 이틀 연속 순매수 1위…“평균 목표가는 35만 원” [주식 초고수는 지금]&nbsp;&nbsp;서울경제"
2025-12-04,"""美·中, AI 다음 전장은 로봇""…지원사격 나선 트럼프 - 한국경제","""美·中, AI 다음 전장은 로봇""…지원사격 나선 트럼프&nbsp;&nbsp;한국경제",로봇,2025-12,"""美·中, AI 다음 전장은 로봇""…지원사격 나선 트럼프 - 한국경제 ""美·中, AI 다음 전장은 로봇""…지원사격 나선 트럼프&nbsp;&nbsp;한국경제"
2025-12-04,"수요일 주목받은 주식: 세일즈포스, 스노우플레이크, 유아이패스, 아이로봇 및 넷플릭스 - Benzinga","수요일 주목받은 주식: 세일즈포스, 스노우플레이크, 유아이패스, 아이로봇 및 넷플릭스&nbsp;&nbsp;Benzinga",로봇,2025-12,"수요일 주목받은 주식: 세일즈포스, 스노우플레이크, 유아이패스, 아이로봇 및 넷플릭스 - Benzinga 수요일 주목받은 주식: 세일즈포스, 스노우플레이크, 유아이패스, 아이로봇 및 넷플릭스&nbsp;&nbsp;Benzinga"
2025-12-04,"""김구라 또 투자 대박""…주식 사자마자 40% 넘게 뛰었다 [종목+] - 한국경제","""김구라 또 투자 대박""…주식 사자마자 40% 넘게 뛰었다 [종목+]&nbsp;&nbsp;한국경제",로봇,2025-12,"""김구라 또 투자 대박""…주식 사자마자 40% 넘게 뛰었다 [종목+] - 한국경제 ""김구라 또 투자 대박""…주식 사자마자 40% 넘게 뛰었다 [종목+]&nbsp;&nbsp;한국경제"
2025-12-09,스킬드 AI 몸값 140억달러로…소프트뱅크·엔비디아 '재베팅' - 한국경제,스킬드 AI 몸값 140억달러로…소프트뱅크·엔비디아 '재베팅'&nbsp;&nbsp;한국경제,로봇,2025-12,스킬드 AI 몸값 140억달러로…소프트뱅크·엔비디아 '재베팅' - 한국경제 스킬드 AI 몸값 140억달러로…소프트뱅크·엔비디아 '재베팅'&nbsp;&nbsp;한국경제
2025-12-14,"""반도체 이을 K로봇주…세계 휴머노이드 밸류체인 편입될 것"" - 한국경제","""반도체 이을 K로봇주…세계 휴머노이드 밸류체인 편입될 것""&nbsp;&nbsp;한국경제",로봇,2025-12,"""반도체 이을 K로봇주…세계 휴머노이드 밸류체인 편입될 것"" - 한국경제 ""반도체 이을 K로봇주…세계 휴머노이드 밸류체인 편입될 것""&nbsp;&nbsp;한국경제"
2025-12-24,보스턴다이내믹스 ‘스팟’ 실전 투입… 현대차 로봇株 진짜 대장주 공개합니다 - 네이버 프리미엄콘텐츠,보스턴다이내믹스 ‘스팟’ 실전 투입… 현대차 로봇株 진짜 대장주 공개합니다&nbsp;&nbsp;네이버 프리미엄콘텐츠,로봇,2025-12,보스턴다이내믹스 ‘스팟’ 실전 투입… 현대차 로봇株 진짜 대장주 공개합니다 - 네이버 프리미엄콘텐츠 보스턴다이내믹스 ‘스팟’ 실전 투입… 현대차 로봇株 진짜 대장주 공개합니다&nbsp;&nbsp;네이버 프리미엄콘텐츠
2025-12-16,로봇청소기 룸바 업체 아이로봇 파산보호 신청…中 하청 업체 피시아가 인수 - v.daum.net,로봇청소기 룸바 업체 아이로봇 파산보호 신청…中 하청 업체 피시아가 인수&nbsp;&nbsp;v.daum.net,로봇,2025-12,로봇청소기 룸바 업체 아이로봇 파산보호 신청…中 하청 업체 피시아가 인수 - v.daum.net 로봇청소기 룸바 업체 아이로봇 파산보호 신청…中 하청 업체 피시아가 인수&nbsp;&nbsp;v.daum.net
2025-12-24,6.6조 흥행 첨단 수술 로봇주 ‘리브스메드’ 코스닥 상장 - 뉴스웰,6.6조 흥행 첨단 수술 로봇주 ‘리브스메드’ 코스닥 상장&nbsp;&nbsp;뉴스웰,로봇,2025-12,6.6조 흥행 첨단 수술 로봇주 ‘리브스메드’ 코스닥 상장 - 뉴스웰 6.6조 흥행 첨단 수술 로봇주 ‘리브스메드’ 코스닥 상장&nbsp;&nbsp;뉴스웰
2025-12-03,"머스크 ""AI시대에 장기적으로 돈 개념 사라질것…에너지가 통화역할"" - 연합뉴스","머스크 ""AI시대에 장기적으로 돈 개념 사라질것…에너지가 통화역할""&nbsp;&nbsp;연합뉴스",로봇,2025-12,"머스크 ""AI시대에 장기적으로 돈 개념 사라질것…에너지가 통화역할"" - 연합뉴스 머스크 ""AI시대에 장기적으로 돈 개념 사라질것…에너지가 통화역할""&nbsp;&nbsp;연합뉴스"
2025-12-05,[비즈톡톡] 삐걱대는 두산로보틱스 로봇 공장… 가동률 16%로 급락한 까닭은 - 조선비즈 - Chosunbiz,[비즈톡톡] 삐걱대는 두산로보틱스 로봇 공장… 가동률 16%로 급락한 까닭은 - 조선비즈&nbsp;&nbsp;Chosunbiz,로봇,2025-12,[비즈톡톡] 삐걱대는 두산로보틱스 로봇 공장… 가동률 16%로 급락한 까닭은 - 조선비즈 - Chosunbiz [비즈톡톡] 삐걱대는 두산로보틱스 로봇 공장… 가동률 16%로 급락한 까닭은 - 조선비즈&nbsp;&nbsp;Chosunbiz
2025-12-15,"로봇청소기 선두였는데…중국에 밀린 미국 아이로봇, 파산보호 - 머니투데이 - 머니투데이","로봇청소기 선두였는데…중국에 밀린 미국 아이로봇, 파산보호 - 머니투데이&nbsp;&nbsp;머니투데이",로봇,2025-12,"로봇청소기 선두였는데…중국에 밀린 미국 아이로봇, 파산보호 - 머니투데이 - 머니투데이 로봇청소기 선두였는데…중국에 밀린 미국 아이로봇, 파산보호 - 머니투데이&nbsp;&nbsp;머니투데이"
2025-12-07,800억 '풀베팅'…'큰손' 연기금이 사들인 주식은 - 한국경제,800억 '풀베팅'…'큰손' 연기금이 사들인 주식은&nbsp;&nbsp;한국경제,로봇,2025-12,800억 '풀베팅'…'큰손' 연기금이 사들인 주식은 - 한국경제 800억 '풀베팅'…'큰손' 연기금이 사들인 주식은&nbsp;&nbsp;한국경제
2025-12-29,올해 주가 '1234% 폭등' 1위 찍은 회사…개미들 신났다 [분석+] - 한국경제,올해 주가 '1234% 폭등' 1위 찍은 회사…개미들 신났다 [분석+]&nbsp;&nbsp;한국경제,로봇,2025-12,올해 주가 '1234% 폭등' 1위 찍은 회사…개미들 신났다 [분석+] - 한국경제 올해 주가 '1234% 폭등' 1위 찍은 회사…개미들 신났다 [분석+]&nbsp;&nbsp;한국경제
2025-12-05,"""대체 불가 기업"" 개미들 '우르르'…트럼프 덕에 웃는 종목 - 한국경제","""대체 불가 기업"" 개미들 '우르르'…트럼프 덕에 웃는 종목&nbsp;&nbsp;한국경제",로봇,2025-12,"""대체 불가 기업"" 개미들 '우르르'…트럼프 덕에 웃는 종목 - 한국경제 ""대체 불가 기업"" 개미들 '우르르'…트럼프 덕에 웃는 종목&nbsp;&nbsp;한국경제"
2025-12-08,"연기금, 코스닥 시장서 ‘로봇·바이오株’ 집중 매수 - 부산일보","연기금, 코스닥 시장서 ‘로봇·바이오株’ 집중 매수&nbsp;&nbsp;부산일보",로봇,2025-12,"연기금, 코스닥 시장서 ‘로봇·바이오株’ 집중 매수 - 부산일보 연기금, 코스닥 시장서 ‘로봇·바이오株’ 집중 매수&nbsp;&nbsp;부산일보"
2025-12-19,"심보틱(SYM), 40% 공매도의 덫인가, 숏 스퀴즈의 대박 기회인가? 긴급 진단 - 네이버 프리미엄콘텐츠","심보틱(SYM), 40% 공매도의 덫인가, 숏 스퀴즈의 대박 기회인가? 긴급 진단&nbsp;&nbsp;네이버 프리미엄콘텐츠",로봇,2025-12,"심보틱(SYM), 40% 공매도의 덫인가, 숏 스퀴즈의 대박 기회인가? 긴급 진단 - 네이버 프리미엄콘텐츠 심보틱(SYM), 40% 공매도의 덫인가, 숏 스퀴즈의 대박 기회인가? 긴급 진단&nbsp;&nbsp;네이버 프리미엄콘텐츠"
2025-12-19,로봇·SDV 쓸어담고 삼성전자 차익실현 [주식 초고수는 지금] - 네이트,로봇·SDV 쓸어담고 삼성전자 차익실현 [주식 초고수는 지금]&nbsp;&nbsp;네이트,로봇,2025-12,로봇·SDV 쓸어담고 삼성전자 차익실현 [주식 초고수는 지금] - 네이트 로봇·SDV 쓸어담고 삼성전자 차익실현 [주식 초고수는 지금]&nbsp;&nbsp;네이트
2025-12-27,"HBM, 50% 급등…노무라 “삼성전자 내년 영업익 133조” [주식 뉴스] - 서울경제","HBM, 50% 급등…노무라 “삼성전자 내년 영업익 133조” [주식 뉴스]&nbsp;&nbsp;서울경제",HBM,2025-12,"HBM, 50% 급등…노무라 “삼성전자 내년 영업익 133조” [주식 뉴스] - 서울경제 HBM, 50% 급등…노무라 “삼성전자 내년 영업익 133조” [주식 뉴스]&nbsp;&nbsp;서울경제"
2025-12-24,"HBM 주도 하이닉스, 주가 234% 올라 ‘올해의 승자 주식’ 꼽혀 - 동아일보","HBM 주도 하이닉스, 주가 234% 올라 ‘올해의 승자 주식’ 꼽혀&nbsp;&nbsp;동아일보",HBM,2025-12,"HBM 주도 하이닉스, 주가 234% 올라 ‘올해의 승자 주식’ 꼽혀 - 동아일보 HBM 주도 하이닉스, 주가 234% 올라 ‘올해의 승자 주식’ 꼽혀&nbsp;&nbsp;동아일보"
2025-12-31,"[2026 증시전망]② 새해 투자전략은…""상고하저 흐름 속 상승 지속"" - 연합뉴스","[2026 증시전망]② 새해 투자전략은…""상고하저 흐름 속 상승 지속""&nbsp;&nbsp;연합뉴스",HBM,2025-12,"[2026 증시전망]② 새해 투자전략은…""상고하저 흐름 속 상승 지속"" - 연합뉴스 [2026 증시전망]② 새해 투자전략은…""상고하저 흐름 속 상승 지속""&nbsp;&nbsp;연합뉴스"
2025-12-21,"""반도체주 팔 때 아냐…내년에는 삼성전자가 더 오를 것"" - 한국경제","""반도체주 팔 때 아냐…내년에는 삼성전자가 더 오를 것""&nbsp;&nbsp;한국경제",HBM,2025-12,"""반도체주 팔 때 아냐…내년에는 삼성전자가 더 오를 것"" - 한국경제 ""반도체주 팔 때 아냐…내년에는 삼성전자가 더 오를 것""&nbsp;&nbsp;한국경제"
2025-12-30,빅테크들 '슈퍼갑' 된 삼성전자 - 중소기업신문,빅테크들 '슈퍼갑' 된 삼성전자&nbsp;&nbsp;중소기업신문,HBM,2025-12,빅테크들 '슈퍼갑' 된 삼성전자 - 중소기업신문 빅테크들 '슈퍼갑' 된 삼성전자&nbsp;&nbsp;중소기업신문
2025-12-23,"은 채굴·로빈후드·하이닉스, 올해 증시 주인공 - 진일보","은 채굴·로빈후드·하이닉스, 올해 증시 주인공&nbsp;&nbsp;진일보",HBM,2025-12,"은 채굴·로빈후드·하이닉스, 올해 증시 주인공 - 진일보 은 채굴·로빈후드·하이닉스, 올해 증시 주인공&nbsp;&nbsp;진일보"
2025-12-27,“삼성전자 사서 손해 본 투자자 없다” … 최고가 갈아치운 삼성전자에 ‘들썩’ - 조선비즈 - Chosunbiz,“삼성전자 사서 손해 본 투자자 없다” … 최고가 갈아치운 삼성전자에 ‘들썩’ - 조선비즈&nbsp;&nbsp;Chosunbiz,HBM,2025-12,“삼성전자 사서 손해 본 투자자 없다” … 최고가 갈아치운 삼성전자에 ‘들썩’ - 조선비즈 - Chosunbiz “삼성전자 사서 손해 본 투자자 없다” … 최고가 갈아치운 삼성전자에 ‘들썩’ - 조선비즈&nbsp;&nbsp;Chosunbiz
2025-12-18,"""삼성전자 내년 영업익 100조, 주가 너무 싸다""…LG엔솔, 포드 계약해지 날벼락에 목표주가 ↓ [株토피아] - v.daum.net","""삼성전자 내년 영업익 100조, 주가 너무 싸다""…LG엔솔, 포드 계약해지 날벼락에 목표주가 ↓ [株토피아]&nbsp;&nbsp;v.daum.net",HBM,2025-12,"""삼성전자 내년 영업익 100조, 주가 너무 싸다""…LG엔솔, 포드 계약해지 날벼락에 목표주가 ↓ [株토피아] - v.daum.net ""삼성전자 내년 영업익 100조, 주가 너무 싸다""…LG엔솔, 포드 계약해지 날벼락에 목표주가 ↓ [株토피아]&nbsp;&nbsp;v.daum.net"
2025-12-29,"삼성전자, 외인·기관 쌍끌이 매수에 역대 최고가…내년 `20만전자` 가능? - 매일신문","삼성전자, 외인·기관 쌍끌이 매수에 역대 최고가…내년 `20만전자` 가능?&nbsp;&nbsp;매일신문",HBM,2025-12,"삼성전자, 외인·기관 쌍끌이 매수에 역대 최고가…내년 `20만전자` 가능? - 매일신문 삼성전자, 외인·기관 쌍끌이 매수에 역대 최고가…내년 `20만전자` 가능?&nbsp;&nbsp;매일신문"
2025-12-02,"삼성, HBM 생산 1위 탈환…추가 설비투자도 속도 - 서울경제","삼성, HBM 생산 1위 탈환…추가 설비투자도 속도&nbsp;&nbsp;서울경제",HBM,2025-12,"삼성, HBM 생산 1위 탈환…추가 설비투자도 속도 - 서울경제 삼성, HBM 생산 1위 탈환…추가 설비투자도 속도&nbsp;&nbsp;서울경제"
2025-12-23,"KB證 ""삼성전자, 내년 영업익 100조 근접 전망…목표가 16만원"" - 연합뉴스","KB證 ""삼성전자, 내년 영업익 100조 근접 전망…목표가 16만원""&nbsp;&nbsp;연합뉴스",HBM,2025-12,"KB證 ""삼성전자, 내년 영업익 100조 근접 전망…목표가 16만원"" - 연합뉴스 KB證 ""삼성전자, 내년 영업익 100조 근접 전망…목표가 16만원""&nbsp;&nbsp;연합뉴스"
2025-12-25,"""내년 주식시장 상저하고…삼성전자·SK하이닉스가 시장 이끈다"" - 한국경제","""내년 주식시장 상저하고…삼성전자·SK하이닉스가 시장 이끈다""&nbsp;&nbsp;한국경제",HBM,2025-12,"""내년 주식시장 상저하고…삼성전자·SK하이닉스가 시장 이끈다"" - 한국경제 ""내년 주식시장 상저하고…삼성전자·SK하이닉스가 시장 이끈다""&nbsp;&nbsp;한국경제"
2025-12-15,삼성전자 내년 HBM 매출 3배 급증 전망…아모레퍼시픽 코스알엑스 회복세 [株토피아] - v.daum.net,삼성전자 내년 HBM 매출 3배 급증 전망…아모레퍼시픽 코스알엑스 회복세 [株토피아]&nbsp;&nbsp;v.daum.net,HBM,2025-12,삼성전자 내년 HBM 매출 3배 급증 전망…아모레퍼시픽 코스알엑스 회복세 [株토피아] - v.daum.net 삼성전자 내년 HBM 매출 3배 급증 전망…아모레퍼시픽 코스알엑스 회복세 [株토피아]&nbsp;&nbsp;v.daum.net
2025-12-26,"[특징주] 삼성전자, 사상 최고가 경신 - 조선비즈 - Chosunbiz","[특징주] 삼성전자, 사상 최고가 경신 - 조선비즈&nbsp;&nbsp;Chosunbiz",HBM,2025-12,"[특징주] 삼성전자, 사상 최고가 경신 - 조선비즈 - Chosunbiz [특징주] 삼성전자, 사상 최고가 경신 - 조선비즈&nbsp;&nbsp;Chosunbiz"
2025-12-26,SK하이닉스 HBM4 독주…선점효과로 삼성·마이크론 따돌린다 [AI 프리즘*주식투자자 뉴스] - 서울경제,SK하이닉스 HBM4 독주…선점효과로 삼성·마이크론 따돌린다 [AI 프리즘*주식투자자 뉴스]&nbsp;&nbsp;서울경제,HBM,2025-12,SK하이닉스 HBM4 독주…선점효과로 삼성·마이크론 따돌린다 [AI 프리즘*주식투자자 뉴스] - 서울경제 SK하이닉스 HBM4 독주…선점효과로 삼성·마이크론 따돌린다 [AI 프리즘*주식투자자 뉴스]&nbsp;&nbsp;서울경제
2025-12-14,대체불가 K-반도체 저력 입증…삼성·SK 영업익 200조 시대 성큼 - 연합뉴스,대체불가 K-반도체 저력 입증…삼성·SK 영업익 200조 시대 성큼&nbsp;&nbsp;연합뉴스,HBM,2025-12,대체불가 K-반도체 저력 입증…삼성·SK 영업익 200조 시대 성큼 - 연합뉴스 대체불가 K-반도체 저력 입증…삼성·SK 영업익 200조 시대 성큼&nbsp;&nbsp;연합뉴스
2025-12-24,"""삼성전자 100조 터진다""…여의도 고수들이 찍은 '지금 담을 주식' [적토마 올라탈 개미] - 한국경제","""삼성전자 100조 터진다""…여의도 고수들이 찍은 '지금 담을 주식' [적토마 올라탈 개미]&nbsp;&nbsp;한국경제",HBM,2025-12,"""삼성전자 100조 터진다""…여의도 고수들이 찍은 '지금 담을 주식' [적토마 올라탈 개미] - 한국경제 ""삼성전자 100조 터진다""…여의도 고수들이 찍은 '지금 담을 주식' [적토마 올라탈 개미]&nbsp;&nbsp;한국경제"
2025-12-08,4분기 기대에 삼성전자·하이닉스 주가 '활짝'…상승 지속될까(종합) - 연합뉴스,4분기 기대에 삼성전자·하이닉스 주가 '활짝'…상승 지속될까(종합)&nbsp;&nbsp;연합뉴스,HBM,2025-12,4분기 기대에 삼성전자·하이닉스 주가 '활짝'…상승 지속될까(종합) - 연합뉴스 4분기 기대에 삼성전자·하이닉스 주가 '활짝'…상승 지속될까(종합)&nbsp;&nbsp;연합뉴스
2025-12-04,막오른 삼성·SK 'AI 메모리' 2차전…HBM 넘어 다품목서 격돌 - 연합뉴스,막오른 삼성·SK 'AI 메모리' 2차전…HBM 넘어 다품목서 격돌&nbsp;&nbsp;연합뉴스,HBM,2025-12,막오른 삼성·SK 'AI 메모리' 2차전…HBM 넘어 다품목서 격돌 - 연합뉴스 막오른 삼성·SK 'AI 메모리' 2차전…HBM 넘어 다품목서 격돌&nbsp;&nbsp;연합뉴스
2025-12-15,"삼성 파운드리, AMD 2nm 칩 생산 논의…내년 1월 계약 [AI 프리즘*주식투자자 뉴스] - 서울경제","삼성 파운드리, AMD 2nm 칩 생산 논의…내년 1월 계약 [AI 프리즘*주식투자자 뉴스]&nbsp;&nbsp;서울경제",HBM,2025-12,"삼성 파운드리, AMD 2nm 칩 생산 논의…내년 1월 계약 [AI 프리즘*주식투자자 뉴스] - 서울경제 삼성 파운드리, AMD 2nm 칩 생산 논의…내년 1월 계약 [AI 프리즘*주식투자자 뉴스]&nbsp;&nbsp;서울경제"
2025-12-21,"삼성, 리스크 안고 차세대 D램 재설계…하이닉스와 1년 격차 확 좁혀 - v.daum.net","삼성, 리스크 안고 차세대 D램 재설계…하이닉스와 1년 격차 확 좁혀&nbsp;&nbsp;v.daum.net",HBM,2025-12,"삼성, 리스크 안고 차세대 D램 재설계…하이닉스와 1년 격차 확 좁혀 - v.daum.net 삼성, 리스크 안고 차세대 D램 재설계…하이닉스와 1년 격차 확 좁혀&nbsp;&nbsp;v.daum.net"
2025-12-19,거품론 비웃듯…삼성·SK ‘200조 이익’ 향해 달린다 [AI 프리즘*주식투자자 뉴스] - 서울경제,거품론 비웃듯…삼성·SK ‘200조 이익’ 향해 달린다 [AI 프리즘*주식투자자 뉴스]&nbsp;&nbsp;서울경제,HBM,2025-12,거품론 비웃듯…삼성·SK ‘200조 이익’ 향해 달린다 [AI 프리즘*주식투자자 뉴스] - 서울경제 거품론 비웃듯…삼성·SK ‘200조 이익’ 향해 달린다 [AI 프리즘*주식투자자 뉴스]&nbsp;&nbsp;서울경제
2025-12-03,"삼성전자, HBM4 기대 이상 성능…브로드컴·구글 공급확대 청신호 - mstoday.co.kr","삼성전자, HBM4 기대 이상 성능…브로드컴·구글 공급확대 청신호&nbsp;&nbsp;mstoday.co.kr",HBM,2025-12,"삼성전자, HBM4 기대 이상 성능…브로드컴·구글 공급확대 청신호 - mstoday.co.kr 삼성전자, HBM4 기대 이상 성능…브로드컴·구글 공급확대 청신호&nbsp;&nbsp;mstoday.co.kr"
2025-12-21,“HBM4 한국 점유율 90% 넘을것”…삼전닉스 경쟁에 K칩 독주 - 매일경제,“HBM4 한국 점유율 90% 넘을것”…삼전닉스 경쟁에 K칩 독주&nbsp;&nbsp;매일경제,HBM,2025-12,“HBM4 한국 점유율 90% 넘을것”…삼전닉스 경쟁에 K칩 독주 - 매일경제 “HBM4 한국 점유율 90% 넘을것”…삼전닉스 경쟁에 K칩 독주&nbsp;&nbsp;매일경제
2025-12-28,"[이번주 관심주] 올해 두 배 뛴 삼성전자, 신고가 경신에도 증권가 ""내년 더 오른다"" - 오피니언뉴스","[이번주 관심주] 올해 두 배 뛴 삼성전자, 신고가 경신에도 증권가 ""내년 더 오른다""&nbsp;&nbsp;오피니언뉴스",HBM,2025-12,"[이번주 관심주] 올해 두 배 뛴 삼성전자, 신고가 경신에도 증권가 ""내년 더 오른다"" - 오피니언뉴스 [이번주 관심주] 올해 두 배 뛴 삼성전자, 신고가 경신에도 증권가 ""내년 더 오른다""&nbsp;&nbsp;오피니언뉴스"
2025-12-29,"[영상] 노무라증권, 삼성전자 16만·SK하이닉스 88만 전망…“메모리 슈퍼사이클, 2027년까지” - 뉴스스페이스","[영상] 노무라증권, 삼성전자 16만·SK하이닉스 88만 전망…“메모리 슈퍼사이클, 2027년까지”&nbsp;&nbsp;뉴스스페이스",HBM,2025-12,"[영상] 노무라증권, 삼성전자 16만·SK하이닉스 88만 전망…“메모리 슈퍼사이클, 2027년까지” - 뉴스스페이스 [영상] 노무라증권, 삼성전자 16만·SK하이닉스 88만 전망…“메모리 슈퍼사이클, 2027년까지”&nbsp;&nbsp;뉴스스페이스"
2025-12-04,"마이크론, AI 메모리 '올인'…소비자용 메모리 철수 - 연합인포맥스","마이크론, AI 메모리 '올인'…소비자용 메모리 철수&nbsp;&nbsp;연합인포맥스",HBM,2025-12,"마이크론, AI 메모리 '올인'…소비자용 메모리 철수 - 연합인포맥스 마이크론, AI 메모리 '올인'…소비자용 메모리 철수&nbsp;&nbsp;연합인포맥스"
2025-12-23,“주가 3배 올랐어요”…올해 한국 주식 승자는? - 이데일리,“주가 3배 올랐어요”…올해 한국 주식 승자는?&nbsp;&nbsp;이데일리,HBM,2025-12,“주가 3배 올랐어요”…올해 한국 주식 승자는? - 이데일리 “주가 3배 올랐어요”…올해 한국 주식 승자는?&nbsp;&nbsp;이데일리
2025-12-17,"삼성전자, 1년 전 목표주가 보니 '맞은 곳이 없네'...미래에셋만 예측 선방 - 오피니언뉴스","삼성전자, 1년 전 목표주가 보니 '맞은 곳이 없네'...미래에셋만 예측 선방&nbsp;&nbsp;오피니언뉴스",HBM,2025-12,"삼성전자, 1년 전 목표주가 보니 '맞은 곳이 없네'...미래에셋만 예측 선방 - 오피니언뉴스 삼성전자, 1년 전 목표주가 보니 '맞은 곳이 없네'...미래에셋만 예측 선방&nbsp;&nbsp;오피니언뉴스"
2025-12-29,"[뉴스락 주식네비 12월 29일] 삼성전자(005930), 코스피 대장의 N차 귀환 - 뉴스락","[뉴스락 주식네비 12월 29일] 삼성전자(005930), 코스피 대장의 N차 귀환&nbsp;&nbsp;뉴스락",HBM,2025-12,"[뉴스락 주식네비 12월 29일] 삼성전자(005930), 코스피 대장의 N차 귀환 - 뉴스락 [뉴스락 주식네비 12월 29일] 삼성전자(005930), 코스피 대장의 N차 귀환&nbsp;&nbsp;뉴스락"
2025-12-17,"""HBM만으론 부족""···HBF 부상에 한미반도체 재조명 - 뉴스웨이","""HBM만으론 부족""···HBF 부상에 한미반도체 재조명&nbsp;&nbsp;뉴스웨이",HBM,2025-12,"""HBM만으론 부족""···HBF 부상에 한미반도체 재조명 - 뉴스웨이 ""HBM만으론 부족""···HBF 부상에 한미반도체 재조명&nbsp;&nbsp;뉴스웨이"
2025-12-17,"‘뉴 삼성’ 꿈꾸는 이재용…HBM·파운드리, 빅테크와 반도체 협력 직접 뛴다 - CEO스코어데일리","‘뉴 삼성’ 꿈꾸는 이재용…HBM·파운드리, 빅테크와 반도체 협력 직접 뛴다&nbsp;&nbsp;CEO스코어데일리",HBM,2025-12,"‘뉴 삼성’ 꿈꾸는 이재용…HBM·파운드리, 빅테크와 반도체 협력 직접 뛴다 - CEO스코어데일리 ‘뉴 삼성’ 꿈꾸는 이재용…HBM·파운드리, 빅테크와 반도체 협력 직접 뛴다&nbsp;&nbsp;CEO스코어데일리"
2025-12-15,"반도체 ETF 중 수익률 1위는…마이크론 담은 HBM ETF, '6개월 수익률 2배' - 네이트","반도체 ETF 중 수익률 1위는…마이크론 담은 HBM ETF, '6개월 수익률 2배'&nbsp;&nbsp;네이트",HBM,2025-12,"반도체 ETF 중 수익률 1위는…마이크론 담은 HBM ETF, '6개월 수익률 2배' - 네이트 반도체 ETF 중 수익률 1위는…마이크론 담은 HBM ETF, '6개월 수익률 2배'&nbsp;&nbsp;네이트"
2025-12-11,"수익률 상위 1% '주식 초고수', 삼성전자 집중 매수 [주식 초고수는 지금] - 네이트","수익률 상위 1% '주식 초고수', 삼성전자 집중 매수 [주식 초고수는 지금]&nbsp;&nbsp;네이트",HBM,2025-12,"수익률 상위 1% '주식 초고수', 삼성전자 집중 매수 [주식 초고수는 지금] - 네이트 수익률 상위 1% '주식 초고수', 삼성전자 집중 매수 [주식 초고수는 지금]&nbsp;&nbsp;네이트"
2025-12-10,"미국 아니면 답 없다···SK하이닉스, AI·HBM '올인' 강드라이브 - 뉴스웨이","미국 아니면 답 없다···SK하이닉스, AI·HBM '올인' 강드라이브&nbsp;&nbsp;뉴스웨이",HBM,2025-12,"미국 아니면 답 없다···SK하이닉스, AI·HBM '올인' 강드라이브 - 뉴스웨이 미국 아니면 답 없다···SK하이닉스, AI·HBM '올인' 강드라이브&nbsp;&nbsp;뉴스웨이"
2025-12-29,"'HBM·2나노'로 승부…""삼성, 내년 목표주가 16만원 향한다"" - 네이트","'HBM·2나노'로 승부…""삼성, 내년 목표주가 16만원 향한다""&nbsp;&nbsp;네이트",HBM,2025-12,"'HBM·2나노'로 승부…""삼성, 내년 목표주가 16만원 향한다"" - 네이트 'HBM·2나노'로 승부…""삼성, 내년 목표주가 16만원 향한다""&nbsp;&nbsp;네이트"
2025-12-15,美 주도 ‘AI 공급망 동맹’ 출범…韓 HBM·배터리 역할 확정[AI 프리즘*기업 CEO 뉴스] - 서울경제,美 주도 ‘AI 공급망 동맹’ 출범…韓 HBM·배터리 역할 확정[AI 프리즘*기업 CEO 뉴스]&nbsp;&nbsp;서울경제,HBM,2025-12,美 주도 ‘AI 공급망 동맹’ 출범…韓 HBM·배터리 역할 확정[AI 프리즘*기업 CEO 뉴스] - 서울경제 美 주도 ‘AI 공급망 동맹’ 출범…韓 HBM·배터리 역할 확정[AI 프리즘*기업 CEO 뉴스]&nbsp;&nbsp;서울경제
2025-12-31,"美 ITC, 삼성전자 HBM·DDR5 특허 침해 조사 착수 - 네이트","美 ITC, 삼성전자 HBM·DDR5 특허 침해 조사 착수&nbsp;&nbsp;네이트",HBM,2025-12,"美 ITC, 삼성전자 HBM·DDR5 특허 침해 조사 착수 - 네이트 美 ITC, 삼성전자 HBM·DDR5 특허 침해 조사 착수&nbsp;&nbsp;네이트"
2025-12-10,"""빚내서 투자해야 부자 돼요""... 삼성전자마저 넘었다는 '이곳'에 신용잔고 폭증 - topictree.co.kr","""빚내서 투자해야 부자 돼요""... 삼성전자마저 넘었다는 '이곳'에 신용잔고 폭증&nbsp;&nbsp;topictree.co.kr",HBM,2025-12,"""빚내서 투자해야 부자 돼요""... 삼성전자마저 넘었다는 '이곳'에 신용잔고 폭증 - topictree.co.kr ""빚내서 투자해야 부자 돼요""... 삼성전자마저 넘었다는 '이곳'에 신용잔고 폭증&nbsp;&nbsp;topictree.co.kr"
2025-12-07,"머스크, 스페이스X 주식매각 보도 부인…""정기 자사주 매입일뿐"" - 연합뉴스","머스크, 스페이스X 주식매각 보도 부인…""정기 자사주 매입일뿐""&nbsp;&nbsp;연합뉴스",스페이스X,2025-12,"머스크, 스페이스X 주식매각 보도 부인…""정기 자사주 매입일뿐"" - 연합뉴스 머스크, 스페이스X 주식매각 보도 부인…""정기 자사주 매입일뿐""&nbsp;&nbsp;연합뉴스"
2025-12-08,[비즈 나우] 몸값만 1100조원…스페이스X 상장 '청신호' - v.daum.net,[비즈 나우] 몸값만 1100조원…스페이스X 상장 '청신호'&nbsp;&nbsp;v.daum.net,스페이스X,2025-12,[비즈 나우] 몸값만 1100조원…스페이스X 상장 '청신호' - v.daum.net [비즈 나우] 몸값만 1100조원…스페이스X 상장 '청신호'&nbsp;&nbsp;v.daum.net
2025-12-11,"[종목탐구] 스페이스X, 드디어 상장하는 '우주 대장 기업’ - 오피니언뉴스","[종목탐구] 스페이스X, 드디어 상장하는 '우주 대장 기업’&nbsp;&nbsp;오피니언뉴스",스페이스X,2025-12,"[종목탐구] 스페이스X, 드디어 상장하는 '우주 대장 기업’ - 오피니언뉴스 [종목탐구] 스페이스X, 드디어 상장하는 '우주 대장 기업’&nbsp;&nbsp;오피니언뉴스"
2025-12-16,"월가 ""스페이스X, 사상 최대 규모 IPO 예상"" - 연합인포맥스","월가 ""스페이스X, 사상 최대 규모 IPO 예상""&nbsp;&nbsp;연합인포맥스",스페이스X,2025-12,"월가 ""스페이스X, 사상 최대 규모 IPO 예상"" - 연합인포맥스 월가 ""스페이스X, 사상 최대 규모 IPO 예상""&nbsp;&nbsp;연합인포맥스"
2025-12-06,"""머스크 스페이스X 기업가치 최대 1180조원…오픈AI보다 높아"" - 뉴스1","""머스크 스페이스X 기업가치 최대 1180조원…오픈AI보다 높아""&nbsp;&nbsp;뉴스1",스페이스X,2025-12,"""머스크 스페이스X 기업가치 최대 1180조원…오픈AI보다 높아"" - 뉴스1 ""머스크 스페이스X 기업가치 최대 1180조원…오픈AI보다 높아""&nbsp;&nbsp;뉴스1"
2025-12-13,"[팩플] 몸값 1200조원…스페이스X, 내년 상장 추진 공식화 - 중앙일보","[팩플] 몸값 1200조원…스페이스X, 내년 상장 추진 공식화&nbsp;&nbsp;중앙일보",스페이스X,2025-12,"[팩플] 몸값 1200조원…스페이스X, 내년 상장 추진 공식화 - 중앙일보 [팩플] 몸값 1200조원…스페이스X, 내년 상장 추진 공식화&nbsp;&nbsp;중앙일보"
2025-12-18,스페이스X·오픈AI·앤스로픽…테크 기업들 줄상장에 서학개미들 가슴 ‘두근두근’ - 조선일보,스페이스X·오픈AI·앤스로픽…테크 기업들 줄상장에 서학개미들 가슴 ‘두근두근’&nbsp;&nbsp;조선일보,스페이스X,2025-12,스페이스X·오픈AI·앤스로픽…테크 기업들 줄상장에 서학개미들 가슴 ‘두근두근’ - 조선일보 스페이스X·오픈AI·앤스로픽…테크 기업들 줄상장에 서학개미들 가슴 ‘두근두근’&nbsp;&nbsp;조선일보
2025-12-10,"스페이스X, 2026년 IPO에서 1조 5천억 달러 가치 예상? 상장 전 투자 방법 - Benzinga","스페이스X, 2026년 IPO에서 1조 5천억 달러 가치 예상? 상장 전 투자 방법&nbsp;&nbsp;Benzinga",스페이스X,2025-12,"스페이스X, 2026년 IPO에서 1조 5천억 달러 가치 예상? 상장 전 투자 방법 - Benzinga 스페이스X, 2026년 IPO에서 1조 5천억 달러 가치 예상? 상장 전 투자 방법&nbsp;&nbsp;Benzinga"
2025-12-11,"스페이스X 상장, 테슬라에 미칠 영향은? - 초이스스탁","스페이스X 상장, 테슬라에 미칠 영향은?&nbsp;&nbsp;초이스스탁",스페이스X,2025-12,"스페이스X 상장, 테슬라에 미칠 영향은? - 초이스스탁 스페이스X 상장, 테슬라에 미칠 영향은?&nbsp;&nbsp;초이스스탁"
2025-12-07,"머스크, 스페이스X 주식매각 보도 부인…“정기 자사주 매입” - 뉴스토마토","머스크, 스페이스X 주식매각 보도 부인…“정기 자사주 매입”&nbsp;&nbsp;뉴스토마토",스페이스X,2025-12,"머스크, 스페이스X 주식매각 보도 부인…“정기 자사주 매입” - 뉴스토마토 머스크, 스페이스X 주식매각 보도 부인…“정기 자사주 매입”&nbsp;&nbsp;뉴스토마토"
2025-12-20,"[우주칼럼] 모건스탠리, 스페이스X IPO 주관사 유력…1.5조 달러 대어급 상장 임박 - 뉴스스페이스","[우주칼럼] 모건스탠리, 스페이스X IPO 주관사 유력…1.5조 달러 대어급 상장 임박&nbsp;&nbsp;뉴스스페이스",스페이스X,2025-12,"[우주칼럼] 모건스탠리, 스페이스X IPO 주관사 유력…1.5조 달러 대어급 상장 임박 - 뉴스스페이스 [우주칼럼] 모건스탠리, 스페이스X IPO 주관사 유력…1.5조 달러 대어급 상장 임박&nbsp;&nbsp;뉴스스페이스"
2025-12-12,스페이스X 초대형 상장 예고에 우주 관련주 급등 - 연합인포맥스,스페이스X 초대형 상장 예고에 우주 관련주 급등&nbsp;&nbsp;연합인포맥스,스페이스X,2025-12,스페이스X 초대형 상장 예고에 우주 관련주 급등 - 연합인포맥스 스페이스X 초대형 상장 예고에 우주 관련주 급등&nbsp;&nbsp;연합인포맥스
2025-12-26,"계속되는 '스페이스X' 상장 호재…미래에셋증권우, 사상 최고가[핫종목] - 뉴스1","계속되는 '스페이스X' 상장 호재…미래에셋증권우, 사상 최고가[핫종목]&nbsp;&nbsp;뉴스1",스페이스X,2025-12,"계속되는 '스페이스X' 상장 호재…미래에셋증권우, 사상 최고가[핫종목] - 뉴스1 계속되는 '스페이스X' 상장 호재…미래에셋증권우, 사상 최고가[핫종목]&nbsp;&nbsp;뉴스1"
2025-12-22,[특징주] 스페이스X 관련주 연일 급등…미래에셋벤투 상한가(종합) - 연합뉴스,[특징주] 스페이스X 관련주 연일 급등…미래에셋벤투 상한가(종합)&nbsp;&nbsp;연합뉴스,스페이스X,2025-12,[특징주] 스페이스X 관련주 연일 급등…미래에셋벤투 상한가(종합) - 연합뉴스 [특징주] 스페이스X 관련주 연일 급등…미래에셋벤투 상한가(종합)&nbsp;&nbsp;연합뉴스
2025-12-05,“머스크 스페이스X 기업가치 최대 1100조원”…IPO도 검토 - 중앙일보,“머스크 스페이스X 기업가치 최대 1100조원”…IPO도 검토&nbsp;&nbsp;중앙일보,스페이스X,2025-12,“머스크 스페이스X 기업가치 최대 1100조원”…IPO도 검토 - 중앙일보 “머스크 스페이스X 기업가치 최대 1100조원”…IPO도 검토&nbsp;&nbsp;중앙일보
2025-12-17,"스페이스X 투자한 미래에셋, ‘최대 10배’ 3조원대 차익 기대... 美법인이 딜 주도 - 조선비즈 - Chosunbiz","스페이스X 투자한 미래에셋, ‘최대 10배’ 3조원대 차익 기대... 美법인이 딜 주도 - 조선비즈&nbsp;&nbsp;Chosunbiz",스페이스X,2025-12,"스페이스X 투자한 미래에셋, ‘최대 10배’ 3조원대 차익 기대... 美법인이 딜 주도 - 조선비즈 - Chosunbiz 스페이스X 투자한 미래에셋, ‘최대 10배’ 3조원대 차익 기대... 美법인이 딜 주도 - 조선비즈&nbsp;&nbsp;Chosunbiz"
2025-12-26,"""스페이스X 상장 전 투자하고 싶다면""…XOVR ETF 주목 - 연합인포맥스","""스페이스X 상장 전 투자하고 싶다면""…XOVR ETF 주목&nbsp;&nbsp;연합인포맥스",스페이스X,2025-12,"""스페이스X 상장 전 투자하고 싶다면""…XOVR ETF 주목 - 연합인포맥스 ""스페이스X 상장 전 투자하고 싶다면""…XOVR ETF 주목&nbsp;&nbsp;연합인포맥스"
2025-12-20,"""화성 가기 전 스페이스X 상장""…4천억 투자한 이 회사도 '로켓랠리'[종목현미경] - 뉴스1","""화성 가기 전 스페이스X 상장""…4천억 투자한 이 회사도 '로켓랠리'[종목현미경]&nbsp;&nbsp;뉴스1",스페이스X,2025-12,"""화성 가기 전 스페이스X 상장""…4천억 투자한 이 회사도 '로켓랠리'[종목현미경] - 뉴스1 ""화성 가기 전 스페이스X 상장""…4천억 투자한 이 회사도 '로켓랠리'[종목현미경]&nbsp;&nbsp;뉴스1"
2025-12-23,[특징주] '스페이스X 진짜 수혜주' 꼽힌 미래에셋증권 5%대 강세 - 연합뉴스,[특징주] '스페이스X 진짜 수혜주' 꼽힌 미래에셋증권 5%대 강세&nbsp;&nbsp;연합뉴스,스페이스X,2025-12,[특징주] '스페이스X 진짜 수혜주' 꼽힌 미래에셋증권 5%대 강세 - 연합뉴스 [특징주] '스페이스X 진짜 수혜주' 꼽힌 미래에셋증권 5%대 강세&nbsp;&nbsp;연합뉴스
2025-12-23,"[특징주] ""스페이스X 투자금 미미""…미래에셋벤투 하한가 마감(종합) - 연합뉴스","[특징주] ""스페이스X 투자금 미미""…미래에셋벤투 하한가 마감(종합)&nbsp;&nbsp;연합뉴스",스페이스X,2025-12,"[특징주] ""스페이스X 투자금 미미""…미래에셋벤투 하한가 마감(종합) - 연합뉴스 [특징주] ""스페이스X 투자금 미미""…미래에셋벤투 하한가 마감(종합)&nbsp;&nbsp;연합뉴스"
2025-12-13,일론 머스크 '스페이스X' 상장 앞두고…기업 가치에 '깜짝' - 한국경제,일론 머스크 '스페이스X' 상장 앞두고…기업 가치에 '깜짝'&nbsp;&nbsp;한국경제,스페이스X,2025-12,일론 머스크 '스페이스X' 상장 앞두고…기업 가치에 '깜짝' - 한국경제 일론 머스크 '스페이스X' 상장 앞두고…기업 가치에 '깜짝'&nbsp;&nbsp;한국경제
2025-12-07,"스페이스X, 기업가치 8000억달러 거래 추진...머스크는 부인 - 조선일보","스페이스X, 기업가치 8000억달러 거래 추진...머스크는 부인&nbsp;&nbsp;조선일보",스페이스X,2025-12,"스페이스X, 기업가치 8000억달러 거래 추진...머스크는 부인 - 조선일보 스페이스X, 기업가치 8000억달러 거래 추진...머스크는 부인&nbsp;&nbsp;조선일보"
2025-12-23,"[단독] 스페이스X 상장, 우주 주식 5종 ‘점화’···머스크 기업 비상장 주식 보유한 종목은? - Benzinga","[단독] 스페이스X 상장, 우주 주식 5종 ‘점화’···머스크 기업 비상장 주식 보유한 종목은?&nbsp;&nbsp;Benzinga",스페이스X,2025-12,"[단독] 스페이스X 상장, 우주 주식 5종 ‘점화’···머스크 기업 비상장 주식 보유한 종목은? - Benzinga [단독] 스페이스X 상장, 우주 주식 5종 ‘점화’···머스크 기업 비상장 주식 보유한 종목은?&nbsp;&nbsp;Benzinga"
2025-12-23,"""'스페이스X' 투자, 증권이 절반 이상?""…미래에셋벤처, 17%대↓[핫종목] - v.daum.net","""'스페이스X' 투자, 증권이 절반 이상?""…미래에셋벤처, 17%대↓[핫종목]&nbsp;&nbsp;v.daum.net",스페이스X,2025-12,"""'스페이스X' 투자, 증권이 절반 이상?""…미래에셋벤처, 17%대↓[핫종목] - v.daum.net ""'스페이스X' 투자, 증권이 절반 이상?""…미래에셋벤처, 17%대↓[핫종목]&nbsp;&nbsp;v.daum.net"
2025-12-23,"""미래에셋증권 스페이스X 상장 시 최대 수혜주""-하나 - 머니투데이 - 머니투데이","""미래에셋증권 스페이스X 상장 시 최대 수혜주""-하나 - 머니투데이&nbsp;&nbsp;머니투데이",스페이스X,2025-12,"""미래에셋증권 스페이스X 상장 시 최대 수혜주""-하나 - 머니투데이 - 머니투데이 ""미래에셋증권 스페이스X 상장 시 최대 수혜주""-하나 - 머니투데이&nbsp;&nbsp;머니투데이"
2025-12-15,[우주칼럼] 몸값 1.5조 달러 스페이스X IPO소식에 K-우주 밸류체인 '점화'…우주항공 수혜주 '솔깃' - 뉴스스페이스,[우주칼럼] 몸값 1.5조 달러 스페이스X IPO소식에 K-우주 밸류체인 '점화'…우주항공 수혜주 '솔깃'&nbsp;&nbsp;뉴스스페이스,스페이스X,2025-12,[우주칼럼] 몸값 1.5조 달러 스페이스X IPO소식에 K-우주 밸류체인 '점화'…우주항공 수혜주 '솔깃' - 뉴스스페이스 [우주칼럼] 몸값 1.5조 달러 스페이스X IPO소식에 K-우주 밸류체인 '점화'…우주항공 수혜주 '솔깃'&nbsp;&nbsp;뉴스스페이스
2025-12-07,[人사이더] 머스크 “스페이스X 내부자 주식 매각? 사실 아냐”… IPO설엔 침묵 - v.daum.net,[人사이더] 머스크 “스페이스X 내부자 주식 매각? 사실 아냐”… IPO설엔 침묵&nbsp;&nbsp;v.daum.net,스페이스X,2025-12,[人사이더] 머스크 “스페이스X 내부자 주식 매각? 사실 아냐”… IPO설엔 침묵 - v.daum.net [人사이더] 머스크 “스페이스X 내부자 주식 매각? 사실 아냐”… IPO설엔 침묵&nbsp;&nbsp;v.daum.net
2025-12-31,"스페이스X 상장은 테슬라 주가에 악재 분석, ""주식 팔아서 공모주 청약 예상"" - 비즈니스포스트","스페이스X 상장은 테슬라 주가에 악재 분석, ""주식 팔아서 공모주 청약 예상""&nbsp;&nbsp;비즈니스포스트",스페이스X,2025-12,"스페이스X 상장은 테슬라 주가에 악재 분석, ""주식 팔아서 공모주 청약 예상"" - 비즈니스포스트 스페이스X 상장은 테슬라 주가에 악재 분석, ""주식 팔아서 공모주 청약 예상""&nbsp;&nbsp;비즈니스포스트"
2025-12-26,"""우리 주가도 우주 가나요?"" 들썩…개미들 기대감 '폭발' - 한국경제","""우리 주가도 우주 가나요?"" 들썩…개미들 기대감 '폭발'&nbsp;&nbsp;한국경제",스페이스X,2025-12,"""우리 주가도 우주 가나요?"" 들썩…개미들 기대감 '폭발' - 한국경제 ""우리 주가도 우주 가나요?"" 들썩…개미들 기대감 '폭발'&nbsp;&nbsp;한국경제"
2025-12-24,“스페이스X 수혜주 나야 나~”…미래에셋증권 ‘활짝’ - 매일경제,“스페이스X 수혜주 나야 나~”…미래에셋증권 ‘활짝’&nbsp;&nbsp;매일경제,스페이스X,2025-12,“스페이스X 수혜주 나야 나~”…미래에셋증권 ‘활짝’ - 매일경제 “스페이스X 수혜주 나야 나~”…미래에셋증권 ‘활짝’&nbsp;&nbsp;매일경제
2025-12-22,"빌 애크먼 ""스페이스X 상장때 테슬라 주주에 우선매수권 달라"" - 한국경제","빌 애크먼 ""스페이스X 상장때 테슬라 주주에 우선매수권 달라""&nbsp;&nbsp;한국경제",스페이스X,2025-12,"빌 애크먼 ""스페이스X 상장때 테슬라 주주에 우선매수권 달라"" - 한국경제 빌 애크먼 ""스페이스X 상장때 테슬라 주주에 우선매수권 달라""&nbsp;&nbsp;한국경제"
2025-12-17,스페이스X 지분 손에 쥔 에코스타…주가 370% 폭등 - 한경매거진&북,스페이스X 지분 손에 쥔 에코스타…주가 370% 폭등&nbsp;&nbsp;한경매거진&북,스페이스X,2025-12,스페이스X 지분 손에 쥔 에코스타…주가 370% 폭등 - 한경매거진&북 스페이스X 지분 손에 쥔 에코스타…주가 370% 폭등&nbsp;&nbsp;한경매거진&북
2025-12-23,"미래에셋증권, 스페이스X 상장 실질 수혜 분석에 강세 - 한국경제","미래에셋증권, 스페이스X 상장 실질 수혜 분석에 강세&nbsp;&nbsp;한국경제",스페이스X,2025-12,"미래에셋증권, 스페이스X 상장 실질 수혜 분석에 강세 - 한국경제 미래에셋증권, 스페이스X 상장 실질 수혜 분석에 강세&nbsp;&nbsp;한국경제"
2025-12-18,'사상 최대 규모' 스페이스X 상장 확정…오픈AI·앤스로픽 테크 기업들 내년 줄상장 - thepublic.kr,'사상 최대 규모' 스페이스X 상장 확정…오픈AI·앤스로픽 테크 기업들 내년 줄상장&nbsp;&nbsp;thepublic.kr,스페이스X,2025-12,'사상 최대 규모' 스페이스X 상장 확정…오픈AI·앤스로픽 테크 기업들 내년 줄상장 - thepublic.kr '사상 최대 규모' 스페이스X 상장 확정…오픈AI·앤스로픽 테크 기업들 내년 줄상장&nbsp;&nbsp;thepublic.kr
2025-12-19,‘스팩’ 쏘아 올리니 ‘스페이스X 관련주’도 날아올랐다 [뉴스톡 웰스톡] - 뉴스웰,‘스팩’ 쏘아 올리니 ‘스페이스X 관련주’도 날아올랐다 [뉴스톡 웰스톡]&nbsp;&nbsp;뉴스웰,스페이스X,2025-12,‘스팩’ 쏘아 올리니 ‘스페이스X 관련주’도 날아올랐다 [뉴스톡 웰스톡] - 뉴스웰 ‘스팩’ 쏘아 올리니 ‘스페이스X 관련주’도 날아올랐다 [뉴스톡 웰스톡]&nbsp;&nbsp;뉴스웰
2025-12-22,'스페이스X 상장' 유일한 국내 수혜주 소식에…불기둥 '폭발' [종목+] - 한국경제,'스페이스X 상장' 유일한 국내 수혜주 소식에…불기둥 '폭발' [종목+]&nbsp;&nbsp;한국경제,스페이스X,2025-12,'스페이스X 상장' 유일한 국내 수혜주 소식에…불기둥 '폭발' [종목+] - 한국경제 '스페이스X 상장' 유일한 국내 수혜주 소식에…불기둥 '폭발' [종목+]&nbsp;&nbsp;한국경제
2025-12-07,"머스크의 스페이스X, 오픈AI 제치고 세계 최대 스타트업 복귀 - 파이낸셜뉴스","머스크의 스페이스X, 오픈AI 제치고 세계 최대 스타트업 복귀&nbsp;&nbsp;파이낸셜뉴스",스페이스X,2025-12,"머스크의 스페이스X, 오픈AI 제치고 세계 최대 스타트업 복귀 - 파이낸셜뉴스 머스크의 스페이스X, 오픈AI 제치고 세계 최대 스타트업 복귀&nbsp;&nbsp;파이낸셜뉴스"
2025-12-23,"ETF도 ‘드론’이 대세, 스페이스X 실질 수혜주는 ‘이것’ [뉴스톡 웰스톡] - 뉴스웰","ETF도 ‘드론’이 대세, 스페이스X 실질 수혜주는 ‘이것’ [뉴스톡 웰스톡]&nbsp;&nbsp;뉴스웰",스페이스X,2025-12,"ETF도 ‘드론’이 대세, 스페이스X 실질 수혜주는 ‘이것’ [뉴스톡 웰스톡] - 뉴스웰 ETF도 ‘드론’이 대세, 스페이스X 실질 수혜주는 ‘이것’ [뉴스톡 웰스톡]&nbsp;&nbsp;뉴스웰"
2025-12-12,"일론 머스크, 스페이스X 상장 기정사실화...""내년 상장 뉴스는 정확"" - 미디어펜","일론 머스크, 스페이스X 상장 기정사실화...""내년 상장 뉴스는 정확""&nbsp;&nbsp;미디어펜",스페이스X,2025-12,"일론 머스크, 스페이스X 상장 기정사실화...""내년 상장 뉴스는 정확"" - 미디어펜 일론 머스크, 스페이스X 상장 기정사실화...""내년 상장 뉴스는 정확""&nbsp;&nbsp;미디어펜"
2025-12-22,"""사람 살려"" ""2억 물렸어요""…개미들 '비명' 터진 종목 [분석+] - 한국경제","""사람 살려"" ""2억 물렸어요""…개미들 '비명' 터진 종목 [분석+]&nbsp;&nbsp;한국경제",스페이스X,2025-12,"""사람 살려"" ""2억 물렸어요""…개미들 '비명' 터진 종목 [분석+] - 한국경제 ""사람 살려"" ""2억 물렸어요""…개미들 '비명' 터진 종목 [분석+]&nbsp;&nbsp;한국경제"
2025-12-28,26년 확실하게 미국 주식으로 돈 버는 방법 - 브런치,26년 확실하게 미국 주식으로 돈 버는 방법&nbsp;&nbsp;브런치,스페이스X,2025-12,26년 확실하게 미국 주식으로 돈 버는 방법 - 브런치 26년 확실하게 미국 주식으로 돈 버는 방법&nbsp;&nbsp;브런치
2025-12-18,"""공무원 퇴사 후회 없어요"" 미국 성장주에 '올인'한 순자산 17억원 파이어족 [싱글파이어] - 머니투데이","""공무원 퇴사 후회 없어요"" 미국 성장주에 '올인'한 순자산 17억원 파이어족 [싱글파이어]&nbsp;&nbsp;머니투데이",SI,2025-12,"""공무원 퇴사 후회 없어요"" 미국 성장주에 '올인'한 순자산 17억원 파이어족 [싱글파이어] - 머니투데이 ""공무원 퇴사 후회 없어요"" 미국 성장주에 '올인'한 순자산 17억원 파이어족 [싱글파이어]&nbsp;&nbsp;머니투데이"
2025-12-03,‘부동산 부자’ 한양대 매각 추진설...재벌 기업 등 관심 - 조선비즈 - Chosunbiz,‘부동산 부자’ 한양대 매각 추진설...재벌 기업 등 관심 - 조선비즈&nbsp;&nbsp;Chosunbiz,SI,2025-12,‘부동산 부자’ 한양대 매각 추진설...재벌 기업 등 관심 - 조선비즈 - Chosunbiz ‘부동산 부자’ 한양대 매각 추진설...재벌 기업 등 관심 - 조선비즈&nbsp;&nbsp;Chosunbiz
2025-12-26,부실 리츠 퇴출 길 열리나…정부 감독 강화·합병 규제 완화 추진 - 뉴스1,부실 리츠 퇴출 길 열리나…정부 감독 강화·합병 규제 완화 추진&nbsp;&nbsp;뉴스1,리츠,2025-12,부실 리츠 퇴출 길 열리나…정부 감독 강화·합병 규제 완화 추진 - 뉴스1 부실 리츠 퇴출 길 열리나…정부 감독 강화·합병 규제 완화 추진&nbsp;&nbsp;뉴스1
2025-12-29,[인사] 대신파이낸셜그룹 - 연합뉴스,[인사] 대신파이낸셜그룹&nbsp;&nbsp;연합뉴스,리츠,2025-12,[인사] 대신파이낸셜그룹 - 연합뉴스 [인사] 대신파이낸셜그룹&nbsp;&nbsp;연합뉴스
2025-12-04,배당소득 분리과세에서 ‘분리’된 리츠·ETF - 브릿지경제,배당소득 분리과세에서 ‘분리’된 리츠·ETF&nbsp;&nbsp;브릿지경제,리츠,2025-12,배당소득 분리과세에서 ‘분리’된 리츠·ETF - 브릿지경제 배당소득 분리과세에서 ‘분리’된 리츠·ETF&nbsp;&nbsp;브릿지경제
2025-12-22,"코람코, 하나證 여의도 사옥 매각 속도... ‘청산 가능성’ 더원리츠는 연일 급등 - 조선비즈 - Chosunbiz","코람코, 하나證 여의도 사옥 매각 속도... ‘청산 가능성’ 더원리츠는 연일 급등 - 조선비즈&nbsp;&nbsp;Chosunbiz",리츠,2025-12,"코람코, 하나證 여의도 사옥 매각 속도... ‘청산 가능성’ 더원리츠는 연일 급등 - 조선비즈 - Chosunbiz 코람코, 하나證 여의도 사옥 매각 속도... ‘청산 가능성’ 더원리츠는 연일 급등 - 조선비즈&nbsp;&nbsp;Chosunbiz"
2025-12-22,‘프로젝트 리츠’ 1호 승인…PF 대신 장기 임대로 부동산 개발 [AI 프리즘*부동산 투자자 뉴스] - 서울경제,‘프로젝트 리츠’ 1호 승인…PF 대신 장기 임대로 부동산 개발 [AI 프리즘*부동산 투자자 뉴스]&nbsp;&nbsp;서울경제,리츠,2025-12,‘프로젝트 리츠’ 1호 승인…PF 대신 장기 임대로 부동산 개발 [AI 프리즘*부동산 투자자 뉴스] - 서울경제 ‘프로젝트 리츠’ 1호 승인…PF 대신 장기 임대로 부동산 개발 [AI 프리즘*부동산 투자자 뉴스]&nbsp;&nbsp;서울경제
2025-12-21,"부동산투자사, 개발·운영 가능해진다…동탄 등 '프로젝트 리츠' 첫 사례 - 경기일보","부동산투자사, 개발·운영 가능해진다…동탄 등 '프로젝트 리츠' 첫 사례&nbsp;&nbsp;경기일보",리츠,2025-12,"부동산투자사, 개발·운영 가능해진다…동탄 등 '프로젝트 리츠' 첫 사례 - 경기일보 부동산투자사, 개발·운영 가능해진다…동탄 등 '프로젝트 리츠' 첫 사례&nbsp;&nbsp;경기일보"
2025-12-18,세제혜택에 공시부담 완화까지…부동산 개발사업 프로젝트 리츠 갈아타기 활발 - 대한경제,세제혜택에 공시부담 완화까지…부동산 개발사업 프로젝트 리츠 갈아타기 활발&nbsp;&nbsp;대한경제,리츠,2025-12,세제혜택에 공시부담 완화까지…부동산 개발사업 프로젝트 리츠 갈아타기 활발 - 대한경제 세제혜택에 공시부담 완화까지…부동산 개발사업 프로젝트 리츠 갈아타기 활발&nbsp;&nbsp;대한경제
2025-12-15,정부 ‘뉴스테이’ 손질… 일반분양 일부 허용 “단비같아” - 경인일보,정부 ‘뉴스테이’ 손질… 일반분양 일부 허용 “단비같아”&nbsp;&nbsp;경인일보,리츠,2025-12,정부 ‘뉴스테이’ 손질… 일반분양 일부 허용 “단비같아” - 경인일보 정부 ‘뉴스테이’ 손질… 일반분양 일부 허용 “단비같아”&nbsp;&nbsp;경인일보
2025-12-16,"하나증권, 여의도 사옥 매수 권리 행사…프리미엄 빌딩 주인 바뀐다 - 하이뉴스","하나증권, 여의도 사옥 매수 권리 행사…프리미엄 빌딩 주인 바뀐다&nbsp;&nbsp;하이뉴스",리츠,2025-12,"하나증권, 여의도 사옥 매수 권리 행사…프리미엄 빌딩 주인 바뀐다 - 하이뉴스 하나증권, 여의도 사옥 매수 권리 행사…프리미엄 빌딩 주인 바뀐다&nbsp;&nbsp;하이뉴스"
2025-12-01,내년 4월 받는 배당금부터 분리과세…“ETF·리츠는 포함 안돼요” - 매일경제,내년 4월 받는 배당금부터 분리과세…“ETF·리츠는 포함 안돼요”&nbsp;&nbsp;매일경제,리츠,2025-12,내년 4월 받는 배당금부터 분리과세…“ETF·리츠는 포함 안돼요” - 매일경제 내년 4월 받는 배당금부터 분리과세…“ETF·리츠는 포함 안돼요”&nbsp;&nbsp;매일경제
2025-12-30,“분양권”-“공공성”…의무임대 만기 다가오는 뉴스테이 분양전환 갈등 - 한겨레,“분양권”-“공공성”…의무임대 만기 다가오는 뉴스테이 분양전환 갈등&nbsp;&nbsp;한겨레,리츠,2025-12,“분양권”-“공공성”…의무임대 만기 다가오는 뉴스테이 분양전환 갈등 - 한겨레 “분양권”-“공공성”…의무임대 만기 다가오는 뉴스테이 분양전환 갈등&nbsp;&nbsp;한겨레
2025-12-15,"하나증권, 여의도 본사빌딩에 매수선택권 행사…두달내 입찰개시 - 연합뉴스","하나증권, 여의도 본사빌딩에 매수선택권 행사…두달내 입찰개시&nbsp;&nbsp;연합뉴스",리츠,2025-12,"하나증권, 여의도 본사빌딩에 매수선택권 행사…두달내 입찰개시 - 연합뉴스 하나증권, 여의도 본사빌딩에 매수선택권 행사…두달내 입찰개시&nbsp;&nbsp;연합뉴스"
2025-12-30,"[특징주] 삼성전자, ‘12만전자’안착…사상 최고가 경신 - 조선비즈 - Chosunbiz","[특징주] 삼성전자, ‘12만전자’안착…사상 최고가 경신 - 조선비즈&nbsp;&nbsp;Chosunbiz",리츠,2025-12,"[특징주] 삼성전자, ‘12만전자’안착…사상 최고가 경신 - 조선비즈 - Chosunbiz [특징주] 삼성전자, ‘12만전자’안착…사상 최고가 경신 - 조선비즈&nbsp;&nbsp;Chosunbiz"
2025-12-31,내년 배당 분리과세 도입…코스피 0.05%·코스닥 0.2% 증권거래세 적용 - 네이트,내년 배당 분리과세 도입…코스피 0.05%·코스닥 0.2% 증권거래세 적용&nbsp;&nbsp;네이트,리츠,2025-12,내년 배당 분리과세 도입…코스피 0.05%·코스닥 0.2% 증권거래세 적용 - 네이트 내년 배당 분리과세 도입…코스피 0.05%·코스닥 0.2% 증권거래세 적용&nbsp;&nbsp;네이트
2025-12-04,[단독] ISA 장기투자 비과세 한도 확 늘린다…증시활성화 대책 일환 - 매일경제,[단독] ISA 장기투자 비과세 한도 확 늘린다…증시활성화 대책 일환&nbsp;&nbsp;매일경제,리츠,2025-12,[단독] ISA 장기투자 비과세 한도 확 늘린다…증시활성화 대책 일환 - 매일경제 [단독] ISA 장기투자 비과세 한도 확 늘린다…증시활성화 대책 일환&nbsp;&nbsp;매일경제
2026-01-26,"개미 3조 몰린 현대차…로봇 기대 vs 노조 반발, 주가는 어디로 - 조선일보","개미 3조 몰린 현대차…로봇 기대 vs 노조 반발, 주가는 어디로&nbsp;&nbsp;조선일보",로봇,2026-01,"개미 3조 몰린 현대차…로봇 기대 vs 노조 반발, 주가는 어디로 - 조선일보 개미 3조 몰린 현대차…로봇 기대 vs 노조 반발, 주가는 어디로&nbsp;&nbsp;조선일보"
2026-01-23,"휴림로봇, '거래정지→폭등→하한가'…""로봇株의 몰락""[핫종목] - 뉴스1","휴림로봇, '거래정지→폭등→하한가'…""로봇株의 몰락""[핫종목]&nbsp;&nbsp;뉴스1",로봇,2026-01,"휴림로봇, '거래정지→폭등→하한가'…""로봇株의 몰락""[핫종목] - 뉴스1 휴림로봇, '거래정지→폭등→하한가'…""로봇株의 몰락""[핫종목]&nbsp;&nbsp;뉴스1"
2026-01-06,새해 대세는 K-로봇?…로봇주 ETF 돈 몰렸다 - 머니투데이 - 머니투데이,새해 대세는 K-로봇?…로봇주 ETF 돈 몰렸다 - 머니투데이&nbsp;&nbsp;머니투데이,로봇,2026-01,새해 대세는 K-로봇?…로봇주 ETF 돈 몰렸다 - 머니투데이 - 머니투데이 새해 대세는 K-로봇?…로봇주 ETF 돈 몰렸다 - 머니투데이&nbsp;&nbsp;머니투데이
2026-01-14,"하나證 ""HL만도, 로봇 밸류체인 진입 역량 충분…목표주가 상향"" - 연합뉴스","하나證 ""HL만도, 로봇 밸류체인 진입 역량 충분…목표주가 상향""&nbsp;&nbsp;연합뉴스",로봇,2026-01,"하나證 ""HL만도, 로봇 밸류체인 진입 역량 충분…목표주가 상향"" - 연합뉴스 하나證 ""HL만도, 로봇 밸류체인 진입 역량 충분…목표주가 상향""&nbsp;&nbsp;연합뉴스"
2026-01-19,휴림로봇 주가전망 2026: 로봇 산업 수혜와 투자 리스크 분석 - EBC Financial Group,휴림로봇 주가전망 2026: 로봇 산업 수혜와 투자 리스크 분석&nbsp;&nbsp;EBC Financial Group,로봇,2026-01,휴림로봇 주가전망 2026: 로봇 산업 수혜와 투자 리스크 분석 - EBC Financial Group 휴림로봇 주가전망 2026: 로봇 산업 수혜와 투자 리스크 분석&nbsp;&nbsp;EBC Financial Group
2026-01-16,현대차發 불붙은 로봇주 테마···'옥석가리기' 시간 온다 - 뉴스웨이,현대차發 불붙은 로봇주 테마···'옥석가리기' 시간 온다&nbsp;&nbsp;뉴스웨이,로봇,2026-01,현대차發 불붙은 로봇주 테마···'옥석가리기' 시간 온다 - 뉴스웨이 현대차發 불붙은 로봇주 테마···'옥석가리기' 시간 온다&nbsp;&nbsp;뉴스웨이
2026-01-12,"미래에셋증권의 ‘2026년 증시 전망’, AI·로봇에 관심↑... “국내외 증시 상승 예상” - 라이센스뉴스","미래에셋증권의 ‘2026년 증시 전망’, AI·로봇에 관심↑... “국내외 증시 상승 예상”&nbsp;&nbsp;라이센스뉴스",로봇,2026-01,"미래에셋증권의 ‘2026년 증시 전망’, AI·로봇에 관심↑... “국내외 증시 상승 예상” - 라이센스뉴스 미래에셋증권의 ‘2026년 증시 전망’, AI·로봇에 관심↑... “국내외 증시 상승 예상”&nbsp;&nbsp;라이센스뉴스"
2026-01-31,"휴림로봇, 전환사채 처분 정정 공시 이후 2.9% 조정…단기 피로감 속 흐름 점검 - CBC뉴스","휴림로봇, 전환사채 처분 정정 공시 이후 2.9% 조정…단기 피로감 속 흐름 점검&nbsp;&nbsp;CBC뉴스",로봇,2026-01,"휴림로봇, 전환사채 처분 정정 공시 이후 2.9% 조정…단기 피로감 속 흐름 점검 - CBC뉴스 휴림로봇, 전환사채 처분 정정 공시 이후 2.9% 조정…단기 피로감 속 흐름 점검&nbsp;&nbsp;CBC뉴스"
2026-01-23,"[핀포인트] [휴림로봇] '시총 2.5조' 만년적자 모래성, 개미 피해 우려 - 네이트","[핀포인트] [휴림로봇] '시총 2.5조' 만년적자 모래성, 개미 피해 우려&nbsp;&nbsp;네이트",로봇,2026-01,"[핀포인트] [휴림로봇] '시총 2.5조' 만년적자 모래성, 개미 피해 우려 - 네이트 [핀포인트] [휴림로봇] '시총 2.5조' 만년적자 모래성, 개미 피해 우려&nbsp;&nbsp;네이트"
2026-01-20,"코스피 4900 돌파, 왜 내 주식은 안 올랐나 - 미디어오늘","코스피 4900 돌파, 왜 내 주식은 안 올랐나&nbsp;&nbsp;미디어오늘",로봇,2026-01,"코스피 4900 돌파, 왜 내 주식은 안 올랐나 - 미디어오늘 코스피 4900 돌파, 왜 내 주식은 안 올랐나&nbsp;&nbsp;미디어오늘"
2026-01-08,"하나證 ""로봇산업 개화 머지않아…올해 현대차 모멘텀 강화"" - 연합뉴스","하나證 ""로봇산업 개화 머지않아…올해 현대차 모멘텀 강화""&nbsp;&nbsp;연합뉴스",로봇,2026-01,"하나證 ""로봇산업 개화 머지않아…올해 현대차 모멘텀 강화"" - 연합뉴스 하나證 ""로봇산업 개화 머지않아…올해 현대차 모멘텀 강화""&nbsp;&nbsp;연합뉴스"
2026-01-26,"[특징주] 레인보우로보틱스, ‘상한가 육박’ 70만원 선 터치 - 라이센스뉴스","[특징주] 레인보우로보틱스, ‘상한가 육박’ 70만원 선 터치&nbsp;&nbsp;라이센스뉴스",로봇,2026-01,"[특징주] 레인보우로보틱스, ‘상한가 육박’ 70만원 선 터치 - 라이센스뉴스 [특징주] 레인보우로보틱스, ‘상한가 육박’ 70만원 선 터치&nbsp;&nbsp;라이센스뉴스"
2026-01-28,"로봇 테마 올라탄 이차전지… 에코프로비엠 투자 사모펀드들, 드디어 수익권 - 조선비즈 - Chosunbiz","로봇 테마 올라탄 이차전지… 에코프로비엠 투자 사모펀드들, 드디어 수익권 - 조선비즈&nbsp;&nbsp;Chosunbiz",로봇,2026-01,"로봇 테마 올라탄 이차전지… 에코프로비엠 투자 사모펀드들, 드디어 수익권 - 조선비즈 - Chosunbiz 로봇 테마 올라탄 이차전지… 에코프로비엠 투자 사모펀드들, 드디어 수익권 - 조선비즈&nbsp;&nbsp;Chosunbiz"
2026-01-05,"""올해는 피지컬AI""…TIGER 코리아휴머노이드로봇산업, 6일 상장 - 머니투데이 - 머니투데이","""올해는 피지컬AI""…TIGER 코리아휴머노이드로봇산업, 6일 상장 - 머니투데이&nbsp;&nbsp;머니투데이",로봇,2026-01,"""올해는 피지컬AI""…TIGER 코리아휴머노이드로봇산업, 6일 상장 - 머니투데이 - 머니투데이 ""올해는 피지컬AI""…TIGER 코리아휴머노이드로봇산업, 6일 상장 - 머니투데이&nbsp;&nbsp;머니투데이"
2026-01-24,"휴림로봇 주가 28% 털썩 마감…고점 찍고 ‘급브레이크’, 최근 큰 폭의 변동 - CBC뉴스","휴림로봇 주가 28% 털썩 마감…고점 찍고 ‘급브레이크’, 최근 큰 폭의 변동&nbsp;&nbsp;CBC뉴스",로봇,2026-01,"휴림로봇 주가 28% 털썩 마감…고점 찍고 ‘급브레이크’, 최근 큰 폭의 변동 - CBC뉴스 휴림로봇 주가 28% 털썩 마감…고점 찍고 ‘급브레이크’, 최근 큰 폭의 변동&nbsp;&nbsp;CBC뉴스"
2026-01-02,"국내 휴머노이드 로봇 투자 ETF, 6일 신규 상장 - 연합뉴스","국내 휴머노이드 로봇 투자 ETF, 6일 신규 상장&nbsp;&nbsp;연합뉴스",로봇,2026-01,"국내 휴머노이드 로봇 투자 ETF, 6일 신규 상장 - 연합뉴스 국내 휴머노이드 로봇 투자 ETF, 6일 신규 상장&nbsp;&nbsp;연합뉴스"
2026-01-28,"휴림로봇, '투자위험' 지정 속 1.35% 소폭 상승 마감 - CBC뉴스","휴림로봇, '투자위험' 지정 속 1.35% 소폭 상승 마감&nbsp;&nbsp;CBC뉴스",로봇,2026-01,"휴림로봇, '투자위험' 지정 속 1.35% 소폭 상승 마감 - CBC뉴스 휴림로봇, '투자위험' 지정 속 1.35% 소폭 상승 마감&nbsp;&nbsp;CBC뉴스"
2026-01-21,"KB證 ""에코프로비엠, 로봇용 배터리 수요 성장 기대…목표가↑"" - 연합뉴스","KB證 ""에코프로비엠, 로봇용 배터리 수요 성장 기대…목표가↑""&nbsp;&nbsp;연합뉴스",로봇,2026-01,"KB證 ""에코프로비엠, 로봇용 배터리 수요 성장 기대…목표가↑"" - 연합뉴스 KB證 ""에코프로비엠, 로봇용 배터리 수요 성장 기대…목표가↑""&nbsp;&nbsp;연합뉴스"
2026-01-30,휴림로봇 이틀연속 흐름...로봇 구체적 기능수행단계 - CBC뉴스,휴림로봇 이틀연속 흐름...로봇 구체적 기능수행단계&nbsp;&nbsp;CBC뉴스,로봇,2026-01,휴림로봇 이틀연속 흐름...로봇 구체적 기능수행단계 - CBC뉴스 휴림로봇 이틀연속 흐름...로봇 구체적 기능수행단계&nbsp;&nbsp;CBC뉴스
2026-01-12,"미래에셋증권 고객 70% ""올해 코스피·S&P500 상승 전망"" - 연합뉴스","미래에셋증권 고객 70% ""올해 코스피·S&amp;P500 상승 전망""&nbsp;&nbsp;연합뉴스",로봇,2026-01,"미래에셋증권 고객 70% ""올해 코스피·S&P500 상승 전망"" - 연합뉴스 미래에셋증권 고객 70% ""올해 코스피·S&amp;P500 상승 전망""&nbsp;&nbsp;연합뉴스"
2026-01-21,휴림로봇 다시 상승 바람 부나?...잡아놓은 물고기 여부는 - CBC뉴스,휴림로봇 다시 상승 바람 부나?...잡아놓은 물고기 여부는&nbsp;&nbsp;CBC뉴스,로봇,2026-01,휴림로봇 다시 상승 바람 부나?...잡아놓은 물고기 여부는 - CBC뉴스 휴림로봇 다시 상승 바람 부나?...잡아놓은 물고기 여부는&nbsp;&nbsp;CBC뉴스
2026-01-02,자취 감췄던 '텐베거' 3종목 터졌다...로봇·의료 AI株 질주 - 파이낸셜뉴스,자취 감췄던 '텐베거' 3종목 터졌다...로봇·의료 AI株 질주&nbsp;&nbsp;파이낸셜뉴스,로봇,2026-01,자취 감췄던 '텐베거' 3종목 터졌다...로봇·의료 AI株 질주 - 파이낸셜뉴스 자취 감췄던 '텐베거' 3종목 터졌다...로봇·의료 AI株 질주&nbsp;&nbsp;파이낸셜뉴스
2026-01-19,"반도체 다음은 로봇 랠리?…두산로보틱스, 20%대 급등 - 서울경제","반도체 다음은 로봇 랠리?…두산로보틱스, 20%대 급등&nbsp;&nbsp;서울경제",로봇,2026-01,"반도체 다음은 로봇 랠리?…두산로보틱스, 20%대 급등 - 서울경제 반도체 다음은 로봇 랠리?…두산로보틱스, 20%대 급등&nbsp;&nbsp;서울경제"
2026-01-12,"[성공예감] 삼성전자, 이런 뉴스 나오면 악재가 될겁니다 - 곽상준 대표 (매트릭스 투자자문) - v.daum.net","[성공예감] 삼성전자, 이런 뉴스 나오면 악재가 될겁니다 - 곽상준 대표 (매트릭스 투자자문)&nbsp;&nbsp;v.daum.net",로봇,2026-01,"[성공예감] 삼성전자, 이런 뉴스 나오면 악재가 될겁니다 - 곽상준 대표 (매트릭스 투자자문) - v.daum.net [성공예감] 삼성전자, 이런 뉴스 나오면 악재가 될겁니다 - 곽상준 대표 (매트릭스 투자자문)&nbsp;&nbsp;v.daum.net"
2026-01-23,"삼성의 '5% 룰' 공시가 쏘아올린 공... 뉴로메카, 로봇 대장주 넘보나 - 동행일보","삼성의 '5% 룰' 공시가 쏘아올린 공... 뉴로메카, 로봇 대장주 넘보나&nbsp;&nbsp;동행일보",로봇,2026-01,"삼성의 '5% 룰' 공시가 쏘아올린 공... 뉴로메카, 로봇 대장주 넘보나 - 동행일보 삼성의 '5% 룰' 공시가 쏘아올린 공... 뉴로메카, 로봇 대장주 넘보나&nbsp;&nbsp;동행일보"
2026-01-15,"[속보] 휴림로봇 VI 발동...주가 5거래일 연속 상승커브, 언제까지? - CBC뉴스","[속보] 휴림로봇 VI 발동...주가 5거래일 연속 상승커브, 언제까지?&nbsp;&nbsp;CBC뉴스",로봇,2026-01,"[속보] 휴림로봇 VI 발동...주가 5거래일 연속 상승커브, 언제까지? - CBC뉴스 [속보] 휴림로봇 VI 발동...주가 5거래일 연속 상승커브, 언제까지?&nbsp;&nbsp;CBC뉴스"
2026-01-01,AI 인프라·로봇주 주목…대한광통신·에스피지 질주 - 한국경제,AI 인프라·로봇주 주목…대한광통신·에스피지 질주&nbsp;&nbsp;한국경제,로봇,2026-01,AI 인프라·로봇주 주목…대한광통신·에스피지 질주 - 한국경제 AI 인프라·로봇주 주목…대한광통신·에스피지 질주&nbsp;&nbsp;한국경제
2026-01-14,[생생한 주식쇼 생쇼] 링크솔루션 (474650) - 매일경제TV,[생생한 주식쇼 생쇼] 링크솔루션 (474650)&nbsp;&nbsp;매일경제TV,로봇,2026-01,[생생한 주식쇼 생쇼] 링크솔루션 (474650) - 매일경제TV [생생한 주식쇼 생쇼] 링크솔루션 (474650)&nbsp;&nbsp;매일경제TV
2026-01-30,[손병관의 뉴스프레소] 노조의 'AI로봇 반대'를 19세기 기계파괴 운동에 비유한 대통령 - 오마이뉴스,[손병관의 뉴스프레소] 노조의 'AI로봇 반대'를 19세기 기계파괴 운동에 비유한 대통령&nbsp;&nbsp;오마이뉴스,로봇,2026-01,[손병관의 뉴스프레소] 노조의 'AI로봇 반대'를 19세기 기계파괴 운동에 비유한 대통령 - 오마이뉴스 [손병관의 뉴스프레소] 노조의 'AI로봇 반대'를 19세기 기계파괴 운동에 비유한 대통령&nbsp;&nbsp;오마이뉴스
2026-01-23,[속보] 휴림로봇 주가 급락세로 전환…'2만원선 이하로' - CBC뉴스,[속보] 휴림로봇 주가 급락세로 전환…'2만원선 이하로'&nbsp;&nbsp;CBC뉴스,로봇,2026-01,[속보] 휴림로봇 주가 급락세로 전환…'2만원선 이하로' - CBC뉴스 [속보] 휴림로봇 주가 급락세로 전환…'2만원선 이하로'&nbsp;&nbsp;CBC뉴스
2026-01-20,"4Q 영업익 감소 전망에도…현대모비스, 시선은 '로봇 부품'으로 - 연합인포맥스","4Q 영업익 감소 전망에도…현대모비스, 시선은 '로봇 부품'으로&nbsp;&nbsp;연합인포맥스",로봇,2026-01,"4Q 영업익 감소 전망에도…현대모비스, 시선은 '로봇 부품'으로 - 연합인포맥스 4Q 영업익 감소 전망에도…현대모비스, 시선은 '로봇 부품'으로&nbsp;&nbsp;연합인포맥스"
2026-01-06,"‘휴머노이드로봇’에 투자하는 ETF, 코스피 상장 - 뉴스웰","‘휴머노이드로봇’에 투자하는 ETF, 코스피 상장&nbsp;&nbsp;뉴스웰",로봇,2026-01,"‘휴머노이드로봇’에 투자하는 ETF, 코스피 상장 - 뉴스웰 ‘휴머노이드로봇’에 투자하는 ETF, 코스피 상장&nbsp;&nbsp;뉴스웰"
2026-01-15,[생생한 주식쇼 생쇼] 이랜시스 (264850) - 매일경제TV,[생생한 주식쇼 생쇼] 이랜시스 (264850)&nbsp;&nbsp;매일경제TV,로봇,2026-01,[생생한 주식쇼 생쇼] 이랜시스 (264850) - 매일경제TV [생생한 주식쇼 생쇼] 이랜시스 (264850)&nbsp;&nbsp;매일경제TV
2026-01-20,"협진 상한가 부른 앤로보틱스, 어떤 기업이길래 - 뉴스톱","협진 상한가 부른 앤로보틱스, 어떤 기업이길래&nbsp;&nbsp;뉴스톱",로봇,2026-01,"협진 상한가 부른 앤로보틱스, 어떤 기업이길래 - 뉴스톱 협진 상한가 부른 앤로보틱스, 어떤 기업이길래&nbsp;&nbsp;뉴스톱"
2026-01-15,[생생한 주식쇼 생쇼] 엔젤로보틱스 (455900) - 매일경제TV,[생생한 주식쇼 생쇼] 엔젤로보틱스 (455900)&nbsp;&nbsp;매일경제TV,로봇,2026-01,[생생한 주식쇼 생쇼] 엔젤로보틱스 (455900) - 매일경제TV [생생한 주식쇼 생쇼] 엔젤로보틱스 (455900)&nbsp;&nbsp;매일경제TV
2026-01-07,"""조만간 40만원 된다""…현대차, 로봇株 변신에 주가 '불기둥' [종목+] - 한국경제","""조만간 40만원 된다""…현대차, 로봇株 변신에 주가 '불기둥' [종목+]&nbsp;&nbsp;한국경제",로봇,2026-01,"""조만간 40만원 된다""…현대차, 로봇株 변신에 주가 '불기둥' [종목+] - 한국경제 ""조만간 40만원 된다""…현대차, 로봇株 변신에 주가 '불기둥' [종목+]&nbsp;&nbsp;한국경제"
2026-01-15,"[주식마감] '로봇주 강세 지속' 포스코DX·한국피아이엠·나우로보틱스 상한가... 현대약품, DYP, 메타랩스, 한화갤러리아우 등 급등 - 금강일보","[주식마감] '로봇주 강세 지속' 포스코DX·한국피아이엠·나우로보틱스 상한가... 현대약품, DYP, 메타랩스, 한화갤러리아우 등 급등&nbsp;&nbsp;금강일보",로봇,2026-01,"[주식마감] '로봇주 강세 지속' 포스코DX·한국피아이엠·나우로보틱스 상한가... 현대약품, DYP, 메타랩스, 한화갤러리아우 등 급등 - 금강일보 [주식마감] '로봇주 강세 지속' 포스코DX·한국피아이엠·나우로보틱스 상한가... 현대약품, DYP, 메타랩스, 한화갤러리아우 등 급등&nbsp;&nbsp;금강일보"
2026-01-30,"""스페이스X, 테슬라나 xAI와 합친다""…로봇·AI 우주기업 나오나(종합) - 연합뉴스","""스페이스X, 테슬라나 xAI와 합친다""…로봇·AI 우주기업 나오나(종합)&nbsp;&nbsp;연합뉴스",로봇,2026-01,"""스페이스X, 테슬라나 xAI와 합친다""…로봇·AI 우주기업 나오나(종합) - 연합뉴스 ""스페이스X, 테슬라나 xAI와 합친다""…로봇·AI 우주기업 나오나(종합)&nbsp;&nbsp;연합뉴스"
2026-01-23,"유진로봇 주가, 1월 23일 28,450원 21.41% 하락 마감 - 톱스타뉴스","유진로봇 주가, 1월 23일 28,450원 21.41% 하락 마감&nbsp;&nbsp;톱스타뉴스",로봇,2026-01,"유진로봇 주가, 1월 23일 28,450원 21.41% 하락 마감 - 톱스타뉴스 유진로봇 주가, 1월 23일 28,450원 21.41% 하락 마감&nbsp;&nbsp;톱스타뉴스"
2026-01-22,"""삼성전자 8만원에 팔아 속쓰린 분, 5년 후 더 크게 벌어 줄 주식 TOP3″ - 조선일보","""삼성전자 8만원에 팔아 속쓰린 분, 5년 후 더 크게 벌어 줄 주식 TOP3″&nbsp;&nbsp;조선일보",로봇,2026-01,"""삼성전자 8만원에 팔아 속쓰린 분, 5년 후 더 크게 벌어 줄 주식 TOP3″ - 조선일보 ""삼성전자 8만원에 팔아 속쓰린 분, 5년 후 더 크게 벌어 줄 주식 TOP3″&nbsp;&nbsp;조선일보"
2026-01-23,현대차 주가 폭등에 고수는 ‘이 종목’ 담는다 [주식 초고수는 지금] - 매일경제,현대차 주가 폭등에 고수는 ‘이 종목’ 담는다 [주식 초고수는 지금]&nbsp;&nbsp;매일경제,로봇,2026-01,현대차 주가 폭등에 고수는 ‘이 종목’ 담는다 [주식 초고수는 지금] - 매일경제 현대차 주가 폭등에 고수는 ‘이 종목’ 담는다 [주식 초고수는 지금]&nbsp;&nbsp;매일경제
2026-01-08,"[뉴스락 주식네비 1월 8일] 현대차(005380), ‘믹스 개선·AI 로봇’에 목표가 대폭 상향 - 뉴스락","[뉴스락 주식네비 1월 8일] 현대차(005380), ‘믹스 개선·AI 로봇’에 목표가 대폭 상향&nbsp;&nbsp;뉴스락",로봇,2026-01,"[뉴스락 주식네비 1월 8일] 현대차(005380), ‘믹스 개선·AI 로봇’에 목표가 대폭 상향 - 뉴스락 [뉴스락 주식네비 1월 8일] 현대차(005380), ‘믹스 개선·AI 로봇’에 목표가 대폭 상향&nbsp;&nbsp;뉴스락"
2026-01-22,두산로보틱스 '급락' 배경은…로봇주 급등 속 상승 흐름 이탈 해석 - CBC뉴스,두산로보틱스 '급락' 배경은…로봇주 급등 속 상승 흐름 이탈 해석&nbsp;&nbsp;CBC뉴스,로봇,2026-01,두산로보틱스 '급락' 배경은…로봇주 급등 속 상승 흐름 이탈 해석 - CBC뉴스 두산로보틱스 '급락' 배경은…로봇주 급등 속 상승 흐름 이탈 해석&nbsp;&nbsp;CBC뉴스
2026-01-22,'로봇 수혜주'로 뜬 2차전지株…주가 계속 오를까 - 한국경제,'로봇 수혜주'로 뜬 2차전지株…주가 계속 오를까&nbsp;&nbsp;한국경제,로봇,2026-01,'로봇 수혜주'로 뜬 2차전지株…주가 계속 오를까 - 한국경제 '로봇 수혜주'로 뜬 2차전지株…주가 계속 오를까&nbsp;&nbsp;한국경제
2026-01-20,"휴림로봇, 상한가 마감…VI 두 차례 발동 속 7거래일 연속 상승, CES 2026 로봇 테마 부각 - CBC뉴스","휴림로봇, 상한가 마감…VI 두 차례 발동 속 7거래일 연속 상승, CES 2026 로봇 테마 부각&nbsp;&nbsp;CBC뉴스",로봇,2026-01,"휴림로봇, 상한가 마감…VI 두 차례 발동 속 7거래일 연속 상승, CES 2026 로봇 테마 부각 - CBC뉴스 휴림로봇, 상한가 마감…VI 두 차례 발동 속 7거래일 연속 상승, CES 2026 로봇 테마 부각&nbsp;&nbsp;CBC뉴스"
2026-01-21,현대차 질주에…로봇 SW·부품株 '불기둥' - 한국경제,현대차 질주에…로봇 SW·부품株 '불기둥'&nbsp;&nbsp;한국경제,로봇,2026-01,현대차 질주에…로봇 SW·부품株 '불기둥' - 한국경제 현대차 질주에…로봇 SW·부품株 '불기둥'&nbsp;&nbsp;한국경제
2026-01-13,"[뉴스락 주식네비 1월 13일] 삼성전기(009150), 피지컬 AI 시대의 주역 - 뉴스락","[뉴스락 주식네비 1월 13일] 삼성전기(009150), 피지컬 AI 시대의 주역&nbsp;&nbsp;뉴스락",로봇,2026-01,"[뉴스락 주식네비 1월 13일] 삼성전기(009150), 피지컬 AI 시대의 주역 - 뉴스락 [뉴스락 주식네비 1월 13일] 삼성전기(009150), 피지컬 AI 시대의 주역&nbsp;&nbsp;뉴스락"
2026-01-20,"""로봇에 배터리 들어가잖아""…어제 불붙은 로봇주, 오늘 '2차 전지'로? - 머니투데이 - 머니투데이","""로봇에 배터리 들어가잖아""…어제 불붙은 로봇주, 오늘 '2차 전지'로? - 머니투데이&nbsp;&nbsp;머니투데이",로봇,2026-01,"""로봇에 배터리 들어가잖아""…어제 불붙은 로봇주, 오늘 '2차 전지'로? - 머니투데이 - 머니투데이 ""로봇에 배터리 들어가잖아""…어제 불붙은 로봇주, 오늘 '2차 전지'로? - 머니투데이&nbsp;&nbsp;머니투데이"
2026-01-14,"""로봇 타고 오르는데 뭐 사지?""…현대차그룹 한 번에 묶은 ETF 있다 - 머니투데이 - 머니투데이","""로봇 타고 오르는데 뭐 사지?""…현대차그룹 한 번에 묶은 ETF 있다 - 머니투데이&nbsp;&nbsp;머니투데이",로봇,2026-01,"""로봇 타고 오르는데 뭐 사지?""…현대차그룹 한 번에 묶은 ETF 있다 - 머니투데이 - 머니투데이 ""로봇 타고 오르는데 뭐 사지?""…현대차그룹 한 번에 묶은 ETF 있다 - 머니투데이&nbsp;&nbsp;머니투데이"
2026-01-23,"휴림로봇 주가, 1월 23일 장중 한때 하한가, 15,280원 28.93% 하락 마감 - 톱스타뉴스","휴림로봇 주가, 1월 23일 장중 한때 하한가, 15,280원 28.93% 하락 마감&nbsp;&nbsp;톱스타뉴스",로봇,2026-01,"휴림로봇 주가, 1월 23일 장중 한때 하한가, 15,280원 28.93% 하락 마감 - 톱스타뉴스 휴림로봇 주가, 1월 23일 장중 한때 하한가, 15,280원 28.93% 하락 마감&nbsp;&nbsp;톱스타뉴스"
2026-01-02,"[뉴스락 주식네비 1월 2일] SK하이닉스(000660), 범용보단 HBM, HBM보단 돈 - 뉴스락","[뉴스락 주식네비 1월 2일] SK하이닉스(000660), 범용보단 HBM, HBM보단 돈&nbsp;&nbsp;뉴스락",HBM,2026-01,"[뉴스락 주식네비 1월 2일] SK하이닉스(000660), 범용보단 HBM, HBM보단 돈 - 뉴스락 [뉴스락 주식네비 1월 2일] SK하이닉스(000660), 범용보단 HBM, HBM보단 돈&nbsp;&nbsp;뉴스락"
2026-01-10,"SK하이닉스, HBM4 16단 세계 최초 공개…속도 60% 향상 [주식 뉴스] - 서울경제","SK하이닉스, HBM4 16단 세계 최초 공개…속도 60% 향상 [주식 뉴스]&nbsp;&nbsp;서울경제",HBM,2026-01,"SK하이닉스, HBM4 16단 세계 최초 공개…속도 60% 향상 [주식 뉴스] - 서울경제 SK하이닉스, HBM4 16단 세계 최초 공개…속도 60% 향상 [주식 뉴스]&nbsp;&nbsp;서울경제"
2026-01-02,"'100만닉스' 진짜 가나?...증권가, SK하이닉스 목표가 줄상향 - 오피니언뉴스","'100만닉스' 진짜 가나?...증권가, SK하이닉스 목표가 줄상향&nbsp;&nbsp;오피니언뉴스",HBM,2026-01,"'100만닉스' 진짜 가나?...증권가, SK하이닉스 목표가 줄상향 - 오피니언뉴스 '100만닉스' 진짜 가나?...증권가, SK하이닉스 목표가 줄상향&nbsp;&nbsp;오피니언뉴스"
2026-01-21,"유진證 ""SK하이닉스, 메모리3사 중 가장 강한 이익성…목표가↑"" - 연합뉴스","유진證 ""SK하이닉스, 메모리3사 중 가장 강한 이익성…목표가↑""&nbsp;&nbsp;연합뉴스",HBM,2026-01,"유진證 ""SK하이닉스, 메모리3사 중 가장 강한 이익성…목표가↑"" - 연합뉴스 유진證 ""SK하이닉스, 메모리3사 중 가장 강한 이익성…목표가↑""&nbsp;&nbsp;연합뉴스"
2026-01-29,‘26만전자·150만닉스’ 간다는데… SK하이닉스 vs 삼성전자 ‘HBM 승자’는? [뉴스톡 웰스톡] - 뉴스웰,‘26만전자·150만닉스’ 간다는데… SK하이닉스 vs 삼성전자 ‘HBM 승자’는? [뉴스톡 웰스톡]&nbsp;&nbsp;뉴스웰,HBM,2026-01,‘26만전자·150만닉스’ 간다는데… SK하이닉스 vs 삼성전자 ‘HBM 승자’는? [뉴스톡 웰스톡] - 뉴스웰 ‘26만전자·150만닉스’ 간다는데… SK하이닉스 vs 삼성전자 ‘HBM 승자’는? [뉴스톡 웰스톡]&nbsp;&nbsp;뉴스웰
2026-01-12,"[성공예감] 삼성전자, 이런 뉴스 나오면 악재가 될겁니다 - 곽상준 대표 (매트릭스 투자자문) - v.daum.net","[성공예감] 삼성전자, 이런 뉴스 나오면 악재가 될겁니다 - 곽상준 대표 (매트릭스 투자자문)&nbsp;&nbsp;v.daum.net",HBM,2026-01,"[성공예감] 삼성전자, 이런 뉴스 나오면 악재가 될겁니다 - 곽상준 대표 (매트릭스 투자자문) - v.daum.net [성공예감] 삼성전자, 이런 뉴스 나오면 악재가 될겁니다 - 곽상준 대표 (매트릭스 투자자문)&nbsp;&nbsp;v.daum.net"
2026-01-29,"한미반도체 급등, 이유는? - 톱클래스","한미반도체 급등, 이유는?&nbsp;&nbsp;톱클래스",HBM,2026-01,"한미반도체 급등, 이유는? - 톱클래스 한미반도체 급등, 이유는?&nbsp;&nbsp;톱클래스"
2026-01-30,삼성전자 HBM '세계 최초' 카드 꺼냈다…하이닉스 추격 성공할까 [주식 뉴스] - 네이트,삼성전자 HBM '세계 최초' 카드 꺼냈다…하이닉스 추격 성공할까 [주식 뉴스]&nbsp;&nbsp;네이트,HBM,2026-01,삼성전자 HBM '세계 최초' 카드 꺼냈다…하이닉스 추격 성공할까 [주식 뉴스] - 네이트 삼성전자 HBM '세계 최초' 카드 꺼냈다…하이닉스 추격 성공할까 [주식 뉴스]&nbsp;&nbsp;네이트
2026-01-06,“18만 전자 간다”…삼성전자 목표가 또 줄상향 [오늘 나온 보고서] - 매일경제,“18만 전자 간다”…삼성전자 목표가 또 줄상향 [오늘 나온 보고서]&nbsp;&nbsp;매일경제,HBM,2026-01,“18만 전자 간다”…삼성전자 목표가 또 줄상향 [오늘 나온 보고서] - 매일경제 “18만 전자 간다”…삼성전자 목표가 또 줄상향 [오늘 나온 보고서]&nbsp;&nbsp;매일경제
2026-01-19,"""美, HBM 팹 요구할 수도""…재부상하는 관세 리스크 外 - 딜사이트","""美, HBM 팹 요구할 수도""…재부상하는 관세 리스크 外&nbsp;&nbsp;딜사이트",HBM,2026-01,"""美, HBM 팹 요구할 수도""…재부상하는 관세 리스크 外 - 딜사이트 ""美, HBM 팹 요구할 수도""…재부상하는 관세 리스크 外&nbsp;&nbsp;딜사이트"
2026-01-16,"KB증권 ""삼성전자 HBM 경쟁력 파운드리에 달려, 내년 파운드리 흑자전환"" - 비즈니스포스트","KB증권 ""삼성전자 HBM 경쟁력 파운드리에 달려, 내년 파운드리 흑자전환""&nbsp;&nbsp;비즈니스포스트",HBM,2026-01,"KB증권 ""삼성전자 HBM 경쟁력 파운드리에 달려, 내년 파운드리 흑자전환"" - 비즈니스포스트 KB증권 ""삼성전자 HBM 경쟁력 파운드리에 달려, 내년 파운드리 흑자전환""&nbsp;&nbsp;비즈니스포스트"
2026-01-02,"“SK하이닉스, 영업익 100조 전망…목표주가 84만원” - 금융소비자뉴스","“SK하이닉스, 영업익 100조 전망…목표주가 84만원”&nbsp;&nbsp;금융소비자뉴스",HBM,2026-01,"“SK하이닉스, 영업익 100조 전망…목표주가 84만원” - 금융소비자뉴스 “SK하이닉스, 영업익 100조 전망…목표주가 84만원”&nbsp;&nbsp;금융소비자뉴스"
2026-01-26,"“HBM 3사 다 잡았다”… 피에스케이홀딩스, 반도체 후공정 숨은 1인자 - 핀포인트뉴스","“HBM 3사 다 잡았다”… 피에스케이홀딩스, 반도체 후공정 숨은 1인자&nbsp;&nbsp;핀포인트뉴스",HBM,2026-01,"“HBM 3사 다 잡았다”… 피에스케이홀딩스, 반도체 후공정 숨은 1인자 - 핀포인트뉴스 “HBM 3사 다 잡았다”… 피에스케이홀딩스, 반도체 후공정 숨은 1인자&nbsp;&nbsp;핀포인트뉴스"
2026-01-11,'맥락 메모리'가 온다...반도체 슈퍼사이클 낙관의 이유 [빈난새의 빈틈없이월가] - 한국경제,'맥락 메모리'가 온다...반도체 슈퍼사이클 낙관의 이유 [빈난새의 빈틈없이월가]&nbsp;&nbsp;한국경제,HBM,2026-01,'맥락 메모리'가 온다...반도체 슈퍼사이클 낙관의 이유 [빈난새의 빈틈없이월가] - 한국경제 '맥락 메모리'가 온다...반도체 슈퍼사이클 낙관의 이유 [빈난새의 빈틈없이월가]&nbsp;&nbsp;한국경제
2026-01-07,"""젠슨 황, 메모리 병목 언급…HBM·D램·낸드 동반 수요 확대"" - 연합뉴스","""젠슨 황, 메모리 병목 언급…HBM·D램·낸드 동반 수요 확대""&nbsp;&nbsp;연합뉴스",HBM,2026-01,"""젠슨 황, 메모리 병목 언급…HBM·D램·낸드 동반 수요 확대"" - 연합뉴스 ""젠슨 황, 메모리 병목 언급…HBM·D램·낸드 동반 수요 확대""&nbsp;&nbsp;연합뉴스"
2026-01-09,D램 가격 1년 새 7배 상승…삼성전자 메모리 1위 탈환 [주식 뉴스] - 서울경제,D램 가격 1년 새 7배 상승…삼성전자 메모리 1위 탈환 [주식 뉴스]&nbsp;&nbsp;서울경제,HBM,2026-01,D램 가격 1년 새 7배 상승…삼성전자 메모리 1위 탈환 [주식 뉴스] - 서울경제 D램 가격 1년 새 7배 상승…삼성전자 메모리 1위 탈환 [주식 뉴스]&nbsp;&nbsp;서울경제
2026-01-28,"‘24만전자·112만닉스’ 가는 길, 실적 발표 ‘29일’이 가늠자 [뉴스톡 웰스톡] - 뉴스웰","‘24만전자·112만닉스’ 가는 길, 실적 발표 ‘29일’이 가늠자 [뉴스톡 웰스톡]&nbsp;&nbsp;뉴스웰",HBM,2026-01,"‘24만전자·112만닉스’ 가는 길, 실적 발표 ‘29일’이 가늠자 [뉴스톡 웰스톡] - 뉴스웰 ‘24만전자·112만닉스’ 가는 길, 실적 발표 ‘29일’이 가늠자 [뉴스톡 웰스톡]&nbsp;&nbsp;뉴스웰"
2026-01-04,"삼성전자 4분기 영업익 사상 첫 20조 넘나…""반도체가 돌아왔다"" - 연합뉴스","삼성전자 4분기 영업익 사상 첫 20조 넘나…""반도체가 돌아왔다""&nbsp;&nbsp;연합뉴스",HBM,2026-01,"삼성전자 4분기 영업익 사상 첫 20조 넘나…""반도체가 돌아왔다"" - 연합뉴스 삼성전자 4분기 영업익 사상 첫 20조 넘나…""반도체가 돌아왔다""&nbsp;&nbsp;연합뉴스"
2026-01-01,"삼성·하이닉스, AI칩 패권 초대형 설비투자 본격화…""투자 사이클 2027년까지"" [주식 뉴스] - 서울경제","삼성·하이닉스, AI칩 패권 초대형 설비투자 본격화…""투자 사이클 2027년까지"" [주식 뉴스]&nbsp;&nbsp;서울경제",HBM,2026-01,"삼성·하이닉스, AI칩 패권 초대형 설비투자 본격화…""투자 사이클 2027년까지"" [주식 뉴스] - 서울경제 삼성·하이닉스, AI칩 패권 초대형 설비투자 본격화…""투자 사이클 2027년까지"" [주식 뉴스]&nbsp;&nbsp;서울경제"
2026-01-02,"HBM 관련주, 뜨거워지는 HBM4 납품경쟁 속 수혜주는?! : 네이버 블로그 - Naver Blog","HBM 관련주, 뜨거워지는 HBM4 납품경쟁 속 수혜주는?! : 네이버 블로그&nbsp;&nbsp;Naver Blog",HBM,2026-01,"HBM 관련주, 뜨거워지는 HBM4 납품경쟁 속 수혜주는?! : 네이버 블로그 - Naver Blog HBM 관련주, 뜨거워지는 HBM4 납품경쟁 속 수혜주는?! : 네이버 블로그&nbsp;&nbsp;Naver Blog"
2026-01-15,"KB증권 ""삼성전자 HBM4 선두권 진입 기대, 점유율 2배 확대 전망"" - 비즈니스포스트","KB증권 ""삼성전자 HBM4 선두권 진입 기대, 점유율 2배 확대 전망""&nbsp;&nbsp;비즈니스포스트",HBM,2026-01,"KB증권 ""삼성전자 HBM4 선두권 진입 기대, 점유율 2배 확대 전망"" - 비즈니스포스트 KB증권 ""삼성전자 HBM4 선두권 진입 기대, 점유율 2배 확대 전망""&nbsp;&nbsp;비즈니스포스트"
2026-01-07,"한미반도체, HPSP 주식 전량 매도...2750억원 확보 - 디일렉","한미반도체, HPSP 주식 전량 매도...2750억원 확보&nbsp;&nbsp;디일렉",HBM,2026-01,"한미반도체, HPSP 주식 전량 매도...2750억원 확보 - 디일렉 한미반도체, HPSP 주식 전량 매도...2750억원 확보&nbsp;&nbsp;디일렉"
2026-01-22,"이재용 회장, 국내 첫 ‘30조 주식 부자’ 등극 - 조선일보","이재용 회장, 국내 첫 ‘30조 주식 부자’ 등극&nbsp;&nbsp;조선일보",HBM,2026-01,"이재용 회장, 국내 첫 ‘30조 주식 부자’ 등극 - 조선일보 이재용 회장, 국내 첫 ‘30조 주식 부자’ 등극&nbsp;&nbsp;조선일보"
2026-01-10,“제2의 한미반도체 찾아라”... 국민연금이 찍은 ‘텐배거’ 후보군 어디? - 조선비즈 - Chosunbiz,“제2의 한미반도체 찾아라”... 국민연금이 찍은 ‘텐배거’ 후보군 어디? - 조선비즈&nbsp;&nbsp;Chosunbiz,HBM,2026-01,“제2의 한미반도체 찾아라”... 국민연금이 찍은 ‘텐배거’ 후보군 어디? - 조선비즈 - Chosunbiz “제2의 한미반도체 찾아라”... 국민연금이 찍은 ‘텐배거’ 후보군 어디? - 조선비즈&nbsp;&nbsp;Chosunbiz
2026-01-01,"삼성전자, 14만원 넘는다…SK하이닉스, 115만원 가능 - 한국경제","삼성전자, 14만원 넘는다…SK하이닉스, 115만원 가능&nbsp;&nbsp;한국경제",HBM,2026-01,"삼성전자, 14만원 넘는다…SK하이닉스, 115만원 가능 - 한국경제 삼성전자, 14만원 넘는다…SK하이닉스, 115만원 가능&nbsp;&nbsp;한국경제"
2026-01-27,'돈 복사' 주식 맞네…파격 전망에 SK하이닉스 개미들 '환호' - 한국경제,'돈 복사' 주식 맞네…파격 전망에 SK하이닉스 개미들 '환호'&nbsp;&nbsp;한국경제,HBM,2026-01,'돈 복사' 주식 맞네…파격 전망에 SK하이닉스 개미들 '환호' - 한국경제 '돈 복사' 주식 맞네…파격 전망에 SK하이닉스 개미들 '환호'&nbsp;&nbsp;한국경제
2026-01-08,"한국證 ""SK하이닉스 목표주가 96만원으로 상향"" - 와이드경제","한국證 ""SK하이닉스 목표주가 96만원으로 상향""&nbsp;&nbsp;와이드경제",HBM,2026-01,"한국證 ""SK하이닉스 목표주가 96만원으로 상향"" - 와이드경제 한국證 ""SK하이닉스 목표주가 96만원으로 상향""&nbsp;&nbsp;와이드경제"
2026-01-08,"맥쿼리, 삼성전자 '24만전자'까지 불렀다 - 노컷뉴스","맥쿼리, 삼성전자 '24만전자'까지 불렀다&nbsp;&nbsp;노컷뉴스",HBM,2026-01,"맥쿼리, 삼성전자 '24만전자'까지 불렀다 - 노컷뉴스 맥쿼리, 삼성전자 '24만전자'까지 불렀다&nbsp;&nbsp;노컷뉴스"
2026-01-19,"""필요 없다""더니 돌변한 美…삼성전자·SK하이닉스 '쇼크' [황정수의 반도체 이슈 짚어보기] - 한국경제","""필요 없다""더니 돌변한 美…삼성전자·SK하이닉스 '쇼크' [황정수의 반도체 이슈 짚어보기]&nbsp;&nbsp;한국경제",HBM,2026-01,"""필요 없다""더니 돌변한 美…삼성전자·SK하이닉스 '쇼크' [황정수의 반도체 이슈 짚어보기] - 한국경제 ""필요 없다""더니 돌변한 美…삼성전자·SK하이닉스 '쇼크' [황정수의 반도체 이슈 짚어보기]&nbsp;&nbsp;한국경제"
2026-01-02,"'SK하이닉스' 52주 신고가 경신, HBM 절대 강자 - IBK투자증권, 매수 - 네이트","'SK하이닉스' 52주 신고가 경신, HBM 절대 강자 - IBK투자증권, 매수&nbsp;&nbsp;네이트",HBM,2026-01,"'SK하이닉스' 52주 신고가 경신, HBM 절대 강자 - IBK투자증권, 매수 - 네이트 'SK하이닉스' 52주 신고가 경신, HBM 절대 강자 - IBK투자증권, 매수&nbsp;&nbsp;네이트"
2026-01-28,[생생한 주식쇼 생쇼] 두산테스나 (131970) - 매일경제TV,[생생한 주식쇼 생쇼] 두산테스나 (131970)&nbsp;&nbsp;매일경제TV,HBM,2026-01,[생생한 주식쇼 생쇼] 두산테스나 (131970) - 매일경제TV [생생한 주식쇼 생쇼] 두산테스나 (131970)&nbsp;&nbsp;매일경제TV
2026-01-08,"코스피 4,600 돌파…증권사 마케팅 ‘국내로 유턴’ - 뉴스투데이","코스피 4,600 돌파…증권사 마케팅 ‘국내로 유턴’&nbsp;&nbsp;뉴스투데이",HBM,2026-01,"코스피 4,600 돌파…증권사 마케팅 ‘국내로 유턴’ - 뉴스투데이 코스피 4,600 돌파…증권사 마케팅 ‘국내로 유턴’&nbsp;&nbsp;뉴스투데이"
2026-01-02,"삼성·하이닉스 잡은 전공정 강자… 테스, 올해 실적 레벨업 예고 - 핀포인트뉴스","삼성·하이닉스 잡은 전공정 강자… 테스, 올해 실적 레벨업 예고&nbsp;&nbsp;핀포인트뉴스",HBM,2026-01,"삼성·하이닉스 잡은 전공정 강자… 테스, 올해 실적 레벨업 예고 - 핀포인트뉴스 삼성·하이닉스 잡은 전공정 강자… 테스, 올해 실적 레벨업 예고&nbsp;&nbsp;핀포인트뉴스"
2026-01-28,"""예고된 수순?""···'HBM' 승기 쥔 SK하이닉스, 삼성전자 꺾었다 - 뉴스웨이","""예고된 수순?""···'HBM' 승기 쥔 SK하이닉스, 삼성전자 꺾었다&nbsp;&nbsp;뉴스웨이",HBM,2026-01,"""예고된 수순?""···'HBM' 승기 쥔 SK하이닉스, 삼성전자 꺾었다 - 뉴스웨이 ""예고된 수순?""···'HBM' 승기 쥔 SK하이닉스, 삼성전자 꺾었다&nbsp;&nbsp;뉴스웨이"
2026-01-12,HBM 수요 폭증…AI 메모리 시장 초유의 위기 - 디지털투데이,HBM 수요 폭증…AI 메모리 시장 초유의 위기&nbsp;&nbsp;디지털투데이,HBM,2026-01,HBM 수요 폭증…AI 메모리 시장 초유의 위기 - 디지털투데이 HBM 수요 폭증…AI 메모리 시장 초유의 위기&nbsp;&nbsp;디지털투데이
2026-01-02,"""10억 벌었다"" 그야말로 초대박…삼성전자 개미들 '축제' [종목+] - 한국경제","""10억 벌었다"" 그야말로 초대박…삼성전자 개미들 '축제' [종목+]&nbsp;&nbsp;한국경제",HBM,2026-01,"""10억 벌었다"" 그야말로 초대박…삼성전자 개미들 '축제' [종목+] - 한국경제 ""10억 벌었다"" 그야말로 초대박…삼성전자 개미들 '축제' [종목+]&nbsp;&nbsp;한국경제"
2026-01-29,삼성전자·하이닉스 2배 레버리지 ETF 나온다 [주식 뉴스] - 네이트,삼성전자·하이닉스 2배 레버리지 ETF 나온다 [주식 뉴스]&nbsp;&nbsp;네이트,HBM,2026-01,삼성전자·하이닉스 2배 레버리지 ETF 나온다 [주식 뉴스] - 네이트 삼성전자·하이닉스 2배 레버리지 ETF 나온다 [주식 뉴스]&nbsp;&nbsp;네이트
2026-01-21,SK하이닉스 4분기 '역대 최대' 전망…HBM3E 독주 이어질까 - 네이트,SK하이닉스 4분기 '역대 최대' 전망…HBM3E 독주 이어질까&nbsp;&nbsp;네이트,HBM,2026-01,SK하이닉스 4분기 '역대 최대' 전망…HBM3E 독주 이어질까 - 네이트 SK하이닉스 4분기 '역대 최대' 전망…HBM3E 독주 이어질까&nbsp;&nbsp;네이트
2026-01-30,"오후 이슈 [HBM] : 프로텍, 대덕전자, 한화비전, 디아이티, 피엠티 - 파이낸셜뉴스","오후 이슈 [HBM] : 프로텍, 대덕전자, 한화비전, 디아이티, 피엠티&nbsp;&nbsp;파이낸셜뉴스",HBM,2026-01,"오후 이슈 [HBM] : 프로텍, 대덕전자, 한화비전, 디아이티, 피엠티 - 파이낸셜뉴스 오후 이슈 [HBM] : 프로텍, 대덕전자, 한화비전, 디아이티, 피엠티&nbsp;&nbsp;파이낸셜뉴스"
2026-01-07,AI 열풍 속 반도체 랠리…삼성·SK하이닉스·마이크론 주가 급등 - 디지털투데이,AI 열풍 속 반도체 랠리…삼성·SK하이닉스·마이크론 주가 급등&nbsp;&nbsp;디지털투데이,HBM,2026-01,AI 열풍 속 반도체 랠리…삼성·SK하이닉스·마이크론 주가 급등 - 디지털투데이 AI 열풍 속 반도체 랠리…삼성·SK하이닉스·마이크론 주가 급등&nbsp;&nbsp;디지털투데이
2026-01-24,[주식 매매 상위 종목 및 환율] 2026년 1월 23일자 - 조선일보,[주식 매매 상위 종목 및 환율] 2026년 1월 23일자&nbsp;&nbsp;조선일보,조선,2026-01,[주식 매매 상위 종목 및 환율] 2026년 1월 23일자 - 조선일보 [주식 매매 상위 종목 및 환율] 2026년 1월 23일자&nbsp;&nbsp;조선일보
2026-01-02,2026년 조선주 투자 난이도 높아진다…버틸까? 팔까? | 신한투자증권 이동헌 연구위원 - 머니투데이,2026년 조선주 투자 난이도 높아진다…버틸까? 팔까? | 신한투자증권 이동헌 연구위원&nbsp;&nbsp;머니투데이,조선,2026-01,2026년 조선주 투자 난이도 높아진다…버틸까? 팔까? | 신한투자증권 이동헌 연구위원 - 머니투데이 2026년 조선주 투자 난이도 높아진다…버틸까? 팔까? | 신한투자증권 이동헌 연구위원&nbsp;&nbsp;머니투데이
2026-01-06,"日 1위 조선사 이마바리, 2위 업체 JMU 자회사 편입 절차 완료 - 연합뉴스","日 1위 조선사 이마바리, 2위 업체 JMU 자회사 편입 절차 완료&nbsp;&nbsp;연합뉴스",조선,2026-01,"日 1위 조선사 이마바리, 2위 업체 JMU 자회사 편입 절차 완료 - 연합뉴스 日 1위 조선사 이마바리, 2위 업체 JMU 자회사 편입 절차 완료&nbsp;&nbsp;연합뉴스"
2026-01-19,서학개미 “한국은 못믿어”… 코스피 불장에도 美테크주·ETF 투자 - v.daum.net,서학개미 “한국은 못믿어”… 코스피 불장에도 美테크주·ETF 투자&nbsp;&nbsp;v.daum.net,조선,2026-01,서학개미 “한국은 못믿어”… 코스피 불장에도 美테크주·ETF 투자 - v.daum.net 서학개미 “한국은 못믿어”… 코스피 불장에도 美테크주·ETF 투자&nbsp;&nbsp;v.daum.net
2026-01-25,"외인, 이번엔 ′조방원′ 사들였다…보유주식 5년 9개월만 ′최대′ - 연합뉴스TV","외인, 이번엔 ′조방원′ 사들였다…보유주식 5년 9개월만 ′최대′&nbsp;&nbsp;연합뉴스TV",조선,2026-01,"외인, 이번엔 ′조방원′ 사들였다…보유주식 5년 9개월만 ′최대′ - 연합뉴스TV 외인, 이번엔 ′조방원′ 사들였다…보유주식 5년 9개월만 ′최대′&nbsp;&nbsp;연합뉴스TV"
2026-01-08,"조선·방산 관련주, 실적 기대감 속 동반 '함박웃음' - 한국경제","조선·방산 관련주, 실적 기대감 속 동반 '함박웃음'&nbsp;&nbsp;한국경제",조선,2026-01,"조선·방산 관련주, 실적 기대감 속 동반 '함박웃음' - 한국경제 조선·방산 관련주, 실적 기대감 속 동반 '함박웃음'&nbsp;&nbsp;한국경제"
2026-01-13,[투자노트] 왜 1~2월이 주식 투자 ‘승부처’인가 - 조선비즈 - Chosunbiz,[투자노트] 왜 1~2월이 주식 투자 ‘승부처’인가 - 조선비즈&nbsp;&nbsp;Chosunbiz,조선,2026-01,[투자노트] 왜 1~2월이 주식 투자 ‘승부처’인가 - 조선비즈 - Chosunbiz [투자노트] 왜 1~2월이 주식 투자 ‘승부처’인가 - 조선비즈&nbsp;&nbsp;Chosunbiz
2026-01-19,[전국 주요 신문 톱뉴스](19일 조간) - 연합뉴스,[전국 주요 신문 톱뉴스](19일 조간)&nbsp;&nbsp;연합뉴스,조선,2026-01,[전국 주요 신문 톱뉴스](19일 조간) - 연합뉴스 [전국 주요 신문 톱뉴스](19일 조간)&nbsp;&nbsp;연합뉴스
2026-01-31,[사설] 주식 급등 속 주력 산업 줄줄이 역성장 - v.daum.net,[사설] 주식 급등 속 주력 산업 줄줄이 역성장&nbsp;&nbsp;v.daum.net,조선,2026-01,[사설] 주식 급등 속 주력 산업 줄줄이 역성장 - v.daum.net [사설] 주식 급등 속 주력 산업 줄줄이 역성장&nbsp;&nbsp;v.daum.net
2026-01-06,"iM증권 ""한국 LNG운반선 발주 호황기 접어들것…경쟁우위 지속"" - 연합뉴스","iM증권 ""한국 LNG운반선 발주 호황기 접어들것…경쟁우위 지속""&nbsp;&nbsp;연합뉴스",조선,2026-01,"iM증권 ""한국 LNG운반선 발주 호황기 접어들것…경쟁우위 지속"" - 연합뉴스 iM증권 ""한국 LNG운반선 발주 호황기 접어들것…경쟁우위 지속""&nbsp;&nbsp;연합뉴스"
2026-01-13,"[굿모닝 멤버십] ""미국 주식 하지 마라?"" 정부 권고의 역설 - 조선일보","[굿모닝 멤버십] ""미국 주식 하지 마라?"" 정부 권고의 역설&nbsp;&nbsp;조선일보",조선,2026-01,"[굿모닝 멤버십] ""미국 주식 하지 마라?"" 정부 권고의 역설 - 조선일보 [굿모닝 멤버십] ""미국 주식 하지 마라?"" 정부 권고의 역설&nbsp;&nbsp;조선일보"
2026-01-02,[2026 증시] 美 주식 비중 늘려라… 해외 IB “강세장 지속” - 조선비즈 - Chosunbiz,[2026 증시] 美 주식 비중 늘려라… 해외 IB “강세장 지속” - 조선비즈&nbsp;&nbsp;Chosunbiz,조선,2026-01,[2026 증시] 美 주식 비중 늘려라… 해외 IB “강세장 지속” - 조선비즈 - Chosunbiz [2026 증시] 美 주식 비중 늘려라… 해외 IB “강세장 지속” - 조선비즈&nbsp;&nbsp;Chosunbiz
2026-01-12,"삼성전자 보너스 일부를 주식으로… 임직원, 주가 전망 놓고 셈법 복잡 - 조선일보","삼성전자 보너스 일부를 주식으로… 임직원, 주가 전망 놓고 셈법 복잡&nbsp;&nbsp;조선일보",조선,2026-01,"삼성전자 보너스 일부를 주식으로… 임직원, 주가 전망 놓고 셈법 복잡 - 조선일보 삼성전자 보너스 일부를 주식으로… 임직원, 주가 전망 놓고 셈법 복잡&nbsp;&nbsp;조선일보"
2026-01-12,"신한투자증권, 국내 주식 온라인 ‘수수료 제로베이스’ 이벤트 실시 - 조선비즈 - Chosunbiz","신한투자증권, 국내 주식 온라인 ‘수수료 제로베이스’ 이벤트 실시 - 조선비즈&nbsp;&nbsp;Chosunbiz",조선,2026-01,"신한투자증권, 국내 주식 온라인 ‘수수료 제로베이스’ 이벤트 실시 - 조선비즈 - Chosunbiz 신한투자증권, 국내 주식 온라인 ‘수수료 제로베이스’ 이벤트 실시 - 조선비즈&nbsp;&nbsp;Chosunbiz"
2026-01-11,"서학개미, 새해 들어 매일 순매수 행렬...1위는 테슬라 - 조선비즈 - Chosunbiz","서학개미, 새해 들어 매일 순매수 행렬...1위는 테슬라 - 조선비즈&nbsp;&nbsp;Chosunbiz",조선,2026-01,"서학개미, 새해 들어 매일 순매수 행렬...1위는 테슬라 - 조선비즈 - Chosunbiz 서학개미, 새해 들어 매일 순매수 행렬...1위는 테슬라 - 조선비즈&nbsp;&nbsp;Chosunbiz"
2026-01-12,"[단독] 삼성전자 ""성과급 주식 비율 0~50% 안에서 선택 가능"" - 조선일보","[단독] 삼성전자 ""성과급 주식 비율 0~50% 안에서 선택 가능""&nbsp;&nbsp;조선일보",조선,2026-01,"[단독] 삼성전자 ""성과급 주식 비율 0~50% 안에서 선택 가능"" - 조선일보 [단독] 삼성전자 ""성과급 주식 비율 0~50% 안에서 선택 가능""&nbsp;&nbsp;조선일보"
2026-01-22,"""삼성전자 8만원에 팔아 속쓰린 분, 5년 후 더 크게 벌어 줄 주식 TOP3″ - 조선일보","""삼성전자 8만원에 팔아 속쓰린 분, 5년 후 더 크게 벌어 줄 주식 TOP3″&nbsp;&nbsp;조선일보",조선,2026-01,"""삼성전자 8만원에 팔아 속쓰린 분, 5년 후 더 크게 벌어 줄 주식 TOP3″ - 조선일보 ""삼성전자 8만원에 팔아 속쓰린 분, 5년 후 더 크게 벌어 줄 주식 TOP3″&nbsp;&nbsp;조선일보"
2026-01-15,"은행주는 ‘제자리 걸음’, 증권주는 ‘선방’…희비 엇갈리는 금융주 - 조선비즈 - Chosunbiz","은행주는 ‘제자리 걸음’, 증권주는 ‘선방’…희비 엇갈리는 금융주 - 조선비즈&nbsp;&nbsp;Chosunbiz",조선,2026-01,"은행주는 ‘제자리 걸음’, 증권주는 ‘선방’…희비 엇갈리는 금융주 - 조선비즈 - Chosunbiz 은행주는 ‘제자리 걸음’, 증권주는 ‘선방’…희비 엇갈리는 금융주 - 조선비즈&nbsp;&nbsp;Chosunbiz"
2026-01-21,"이재용 회장, 국내 첫 ‘30조 주식 부자’ 등극 - v.daum.net","이재용 회장, 국내 첫 ‘30조 주식 부자’ 등극&nbsp;&nbsp;v.daum.net",조선,2026-01,"이재용 회장, 국내 첫 ‘30조 주식 부자’ 등극 - v.daum.net 이재용 회장, 국내 첫 ‘30조 주식 부자’ 등극&nbsp;&nbsp;v.daum.net"
2026-01-07,뜨거운 코스피? ‘반포자’는 웁니다 - 조선비즈 - Chosunbiz,뜨거운 코스피? ‘반포자’는 웁니다 - 조선비즈&nbsp;&nbsp;Chosunbiz,조선,2026-01,뜨거운 코스피? ‘반포자’는 웁니다 - 조선비즈 - Chosunbiz 뜨거운 코스피? ‘반포자’는 웁니다 - 조선비즈&nbsp;&nbsp;Chosunbiz
2026-01-01,“챗GPT야 고마워” 직원들 1인당 21억 ‘주식 잭팟’ 터졌다…역대 최고 수준 - v.daum.net,“챗GPT야 고마워” 직원들 1인당 21억 ‘주식 잭팟’ 터졌다…역대 최고 수준&nbsp;&nbsp;v.daum.net,조선,2026-01,“챗GPT야 고마워” 직원들 1인당 21억 ‘주식 잭팟’ 터졌다…역대 최고 수준 - v.daum.net “챗GPT야 고마워” 직원들 1인당 21억 ‘주식 잭팟’ 터졌다…역대 최고 수준&nbsp;&nbsp;v.daum.net
2026-01-09,[생생한 주식쇼 생쇼] 한화오션 (042660) - 매일경제TV,[생생한 주식쇼 생쇼] 한화오션 (042660)&nbsp;&nbsp;매일경제TV,조선,2026-01,[생생한 주식쇼 생쇼] 한화오션 (042660) - 매일경제TV [생생한 주식쇼 생쇼] 한화오션 (042660)&nbsp;&nbsp;매일경제TV
2026-01-12,"“국내 주식 수수료 무료”…대신증권, ‘2026 웰컴홈’ 이벤트 실시 - 조선비즈 - Chosunbiz","“국내 주식 수수료 무료”…대신증권, ‘2026 웰컴홈’ 이벤트 실시 - 조선비즈&nbsp;&nbsp;Chosunbiz",조선,2026-01,"“국내 주식 수수료 무료”…대신증권, ‘2026 웰컴홈’ 이벤트 실시 - 조선비즈 - Chosunbiz “국내 주식 수수료 무료”…대신증권, ‘2026 웰컴홈’ 이벤트 실시 - 조선비즈&nbsp;&nbsp;Chosunbiz"
2026-01-21,"[특징주] 삼성스팩13호, 상장 첫날 145% 강세 - 조선비즈 - Chosunbiz","[특징주] 삼성스팩13호, 상장 첫날 145% 강세 - 조선비즈&nbsp;&nbsp;Chosunbiz",조선,2026-01,"[특징주] 삼성스팩13호, 상장 첫날 145% 강세 - 조선비즈 - Chosunbiz [특징주] 삼성스팩13호, 상장 첫날 145% 강세 - 조선비즈&nbsp;&nbsp;Chosunbiz"
2026-01-02,[2025 리그테이블] ①KB증권 3년 만에 'IPO 1위' 등극...대한조선∙명인제약으로 역전 - 더밸류뉴스,[2025 리그테이블] ①KB증권 3년 만에 'IPO 1위' 등극...대한조선∙명인제약으로 역전&nbsp;&nbsp;더밸류뉴스,조선,2026-01,[2025 리그테이블] ①KB증권 3년 만에 'IPO 1위' 등극...대한조선∙명인제약으로 역전 - 더밸류뉴스 [2025 리그테이블] ①KB증권 3년 만에 'IPO 1위' 등극...대한조선∙명인제약으로 역전&nbsp;&nbsp;더밸류뉴스
2026-01-18,"IMF ""韓, 환리스크 있는 달러 자산이 외환시장 규모의 25배"" 환율 충격 취약 경고 - 조선일보","IMF ""韓, 환리스크 있는 달러 자산이 외환시장 규모의 25배"" 환율 충격 취약 경고&nbsp;&nbsp;조선일보",조선,2026-01,"IMF ""韓, 환리스크 있는 달러 자산이 외환시장 규모의 25배"" 환율 충격 취약 경고 - 조선일보 IMF ""韓, 환리스크 있는 달러 자산이 외환시장 규모의 25배"" 환율 충격 취약 경고&nbsp;&nbsp;조선일보"
2026-01-11,[뉴스락 특별기획] 붉은 말의 기상으로... 코스피 5000 시대를 향한 '멈추지 않는 질주' - 뉴스락,[뉴스락 특별기획] 붉은 말의 기상으로... 코스피 5000 시대를 향한 '멈추지 않는 질주'&nbsp;&nbsp;뉴스락,조선,2026-01,[뉴스락 특별기획] 붉은 말의 기상으로... 코스피 5000 시대를 향한 '멈추지 않는 질주' - 뉴스락 [뉴스락 특별기획] 붉은 말의 기상으로... 코스피 5000 시대를 향한 '멈추지 않는 질주'&nbsp;&nbsp;뉴스락
2026-01-02,5대 그룹 시총 97% 껑충…식품株 올해도 ‘흐림’ [주식 뉴스] - 서울경제,5대 그룹 시총 97% 껑충…식품株 올해도 ‘흐림’ [주식 뉴스]&nbsp;&nbsp;서울경제,조선,2026-01,5대 그룹 시총 97% 껑충…식품株 올해도 ‘흐림’ [주식 뉴스] - 서울경제 5대 그룹 시총 97% 껑충…식품株 올해도 ‘흐림’ [주식 뉴스]&nbsp;&nbsp;서울경제
2026-01-28,"""美해군을 다시 위대하게""…'황금함대' 계획에 떠오른 헌팅턴잉걸스 - 한국경제","""美해군을 다시 위대하게""…'황금함대' 계획에 떠오른 헌팅턴잉걸스&nbsp;&nbsp;한국경제",조선,2026-01,"""美해군을 다시 위대하게""…'황금함대' 계획에 떠오른 헌팅턴잉걸스 - 한국경제 ""美해군을 다시 위대하게""…'황금함대' 계획에 떠오른 헌팅턴잉걸스&nbsp;&nbsp;한국경제"
2026-01-22,조선 ETF 순자산 1조 돌파…LNG·방산 수혜 기대감 반영 - 한국경제,조선 ETF 순자산 1조 돌파…LNG·방산 수혜 기대감 반영&nbsp;&nbsp;한국경제,조선,2026-01,조선 ETF 순자산 1조 돌파…LNG·방산 수혜 기대감 반영 - 한국경제 조선 ETF 순자산 1조 돌파…LNG·방산 수혜 기대감 반영&nbsp;&nbsp;한국경제
2026-01-14,"SK증권, MTS에 ‘간편홈·한눈에 보기’ 서비스 오픈 - 조선비즈 - Chosunbiz","SK증권, MTS에 ‘간편홈·한눈에 보기’ 서비스 오픈 - 조선비즈&nbsp;&nbsp;Chosunbiz",조선,2026-01,"SK증권, MTS에 ‘간편홈·한눈에 보기’ 서비스 오픈 - 조선비즈 - Chosunbiz SK증권, MTS에 ‘간편홈·한눈에 보기’ 서비스 오픈 - 조선비즈&nbsp;&nbsp;Chosunbiz"
2026-01-18,"홍라희, 삼성전자 주식 1500만주 처분 - 조선비즈 - Chosunbiz","홍라희, 삼성전자 주식 1500만주 처분 - 조선비즈&nbsp;&nbsp;Chosunbiz",조선,2026-01,"홍라희, 삼성전자 주식 1500만주 처분 - 조선비즈 - Chosunbiz 홍라희, 삼성전자 주식 1500만주 처분 - 조선비즈&nbsp;&nbsp;Chosunbiz"
2026-01-12,“연초 절세 개미 잡자”… ISA·연금 수수료 경쟁 나선 증권사들 - 조선비즈 - Chosunbiz,“연초 절세 개미 잡자”… ISA·연금 수수료 경쟁 나선 증권사들 - 조선비즈&nbsp;&nbsp;Chosunbiz,조선,2026-01,“연초 절세 개미 잡자”… ISA·연금 수수료 경쟁 나선 증권사들 - 조선비즈 - Chosunbiz “연초 절세 개미 잡자”… ISA·연금 수수료 경쟁 나선 증권사들 - 조선비즈&nbsp;&nbsp;Chosunbiz
2026-01-08,[생생한 주식쇼 생쇼] 한화시스템 (272210) - 매일경제TV,[생생한 주식쇼 생쇼] 한화시스템 (272210)&nbsp;&nbsp;매일경제TV,조선,2026-01,[생생한 주식쇼 생쇼] 한화시스템 (272210) - 매일경제TV [생생한 주식쇼 생쇼] 한화시스템 (272210)&nbsp;&nbsp;매일경제TV
2026-01-26,"거래소, 설 연휴 전날 파생상품 야간거래 휴장 - 조선비즈 - Chosunbiz","거래소, 설 연휴 전날 파생상품 야간거래 휴장 - 조선비즈&nbsp;&nbsp;Chosunbiz",조선,2026-01,"거래소, 설 연휴 전날 파생상품 야간거래 휴장 - 조선비즈 - Chosunbiz 거래소, 설 연휴 전날 파생상품 야간거래 휴장 - 조선비즈&nbsp;&nbsp;Chosunbiz"
2026-01-19,美주식 100조 샀다…최대 큰손 된 한국 - 네이트,美주식 100조 샀다…최대 큰손 된 한국&nbsp;&nbsp;네이트,조선,2026-01,美주식 100조 샀다…최대 큰손 된 한국 - 네이트 美주식 100조 샀다…최대 큰손 된 한국&nbsp;&nbsp;네이트
2026-01-12,[생생한 주식쇼 생쇼] STX엔진 (077970) - 매일경제TV,[생생한 주식쇼 생쇼] STX엔진 (077970)&nbsp;&nbsp;매일경제TV,조선,2026-01,[생생한 주식쇼 생쇼] STX엔진 (077970) - 매일경제TV [생생한 주식쇼 생쇼] STX엔진 (077970)&nbsp;&nbsp;매일경제TV
2026-01-10,"수익률 낮은 은행 퇴직연금, 증권사로 자금 이탈 - 조선비즈 - Chosunbiz","수익률 낮은 은행 퇴직연금, 증권사로 자금 이탈 - 조선비즈&nbsp;&nbsp;Chosunbiz",조선,2026-01,"수익률 낮은 은행 퇴직연금, 증권사로 자금 이탈 - 조선비즈 - Chosunbiz 수익률 낮은 은행 퇴직연금, 증권사로 자금 이탈 - 조선비즈&nbsp;&nbsp;Chosunbiz"
2026-01-05,"이혜훈 재산, 10년 만에 110억 불었다 - 조선비즈 - Chosunbiz","이혜훈 재산, 10년 만에 110억 불었다 - 조선비즈&nbsp;&nbsp;Chosunbiz",조선,2026-01,"이혜훈 재산, 10년 만에 110억 불었다 - 조선비즈 - Chosunbiz 이혜훈 재산, 10년 만에 110억 불었다 - 조선비즈&nbsp;&nbsp;Chosunbiz"
2026-01-14,반도체 훈풍에 국민연금 주식가치 118조원 급증…삼성전자·SK하이닉스 효과 - ebn.co.kr,반도체 훈풍에 국민연금 주식가치 118조원 급증…삼성전자·SK하이닉스 효과&nbsp;&nbsp;ebn.co.kr,조선,2026-01,반도체 훈풍에 국민연금 주식가치 118조원 급증…삼성전자·SK하이닉스 효과 - ebn.co.kr 반도체 훈풍에 국민연금 주식가치 118조원 급증…삼성전자·SK하이닉스 효과&nbsp;&nbsp;ebn.co.kr
2026-01-14,GDP 대비 M2 비율 한국이 미국 두 배…다시 불붙은 ‘M2 논란’ - 조선일보,GDP 대비 M2 비율 한국이 미국 두 배…다시 불붙은 ‘M2 논란’&nbsp;&nbsp;조선일보,조선,2026-01,GDP 대비 M2 비율 한국이 미국 두 배…다시 불붙은 ‘M2 논란’ - 조선일보 GDP 대비 M2 비율 한국이 미국 두 배…다시 불붙은 ‘M2 논란’&nbsp;&nbsp;조선일보
2026-01-30,"크레센도·SKS PE, 서진시스템 지분 전량 매각... 신한·하나증권이 가교 역할 - 조선비즈 - Chosunbiz","크레센도·SKS PE, 서진시스템 지분 전량 매각... 신한·하나증권이 가교 역할 - 조선비즈&nbsp;&nbsp;Chosunbiz",조선,2026-01,"크레센도·SKS PE, 서진시스템 지분 전량 매각... 신한·하나증권이 가교 역할 - 조선비즈 - Chosunbiz 크레센도·SKS PE, 서진시스템 지분 전량 매각... 신한·하나증권이 가교 역할 - 조선비즈&nbsp;&nbsp;Chosunbiz"
2026-01-30,"'삼미금속' 52주 신고가 경신, 원전, 데이터센터, 조선이 이끄는 성장 - NH투자증권, None - 네이트","'삼미금속' 52주 신고가 경신, 원전, 데이터센터, 조선이 이끄는 성장 - NH투자증권, None&nbsp;&nbsp;네이트",조선,2026-01,"'삼미금속' 52주 신고가 경신, 원전, 데이터센터, 조선이 이끄는 성장 - NH투자증권, None - 네이트 '삼미금속' 52주 신고가 경신, 원전, 데이터센터, 조선이 이끄는 성장 - NH투자증권, None&nbsp;&nbsp;네이트"
2026-01-30,"'우주 데이터센터' 현실화하나…""스페이스X, 테슬라나 xAI와 합친다"" - 연합뉴스TV","'우주 데이터센터' 현실화하나…""스페이스X, 테슬라나 xAI와 합친다""&nbsp;&nbsp;연합뉴스TV",스페이스X,2026-01,"'우주 데이터센터' 현실화하나…""스페이스X, 테슬라나 xAI와 합친다"" - 연합뉴스TV '우주 데이터센터' 현실화하나…""스페이스X, 테슬라나 xAI와 합친다""&nbsp;&nbsp;연합뉴스TV"
2026-01-22,"화성 대신 AI 택했나? 스페이스X, 2200조 IPO 카운트다운[딥다이브] - 동아비즈니스리뷰 | DBR","화성 대신 AI 택했나? 스페이스X, 2200조 IPO 카운트다운[딥다이브]&nbsp;&nbsp;동아비즈니스리뷰 | DBR",스페이스X,2026-01,"화성 대신 AI 택했나? 스페이스X, 2200조 IPO 카운트다운[딥다이브] - 동아비즈니스리뷰 | DBR 화성 대신 AI 택했나? 스페이스X, 2200조 IPO 카운트다운[딥다이브]&nbsp;&nbsp;동아비즈니스리뷰 | DBR"
2026-01-29,"스페이스X 상장, 테슬라 주가에 독이 된다? - 초이스스탁","스페이스X 상장, 테슬라 주가에 독이 된다?&nbsp;&nbsp;초이스스탁",스페이스X,2026-01,"스페이스X 상장, 테슬라 주가에 독이 된다? - 초이스스탁 스페이스X 상장, 테슬라 주가에 독이 된다?&nbsp;&nbsp;초이스스탁"
2026-01-16,(재테크)머스크 따라 주가도 ‘우주행’? - 뉴스토마토,(재테크)머스크 따라 주가도 ‘우주행’?&nbsp;&nbsp;뉴스토마토,스페이스X,2026-01,(재테크)머스크 따라 주가도 ‘우주행’? - 뉴스토마토 (재테크)머스크 따라 주가도 ‘우주행’?&nbsp;&nbsp;뉴스토마토
2026-01-30,"스페이스X, IPO 전에 xAI 합병 추진할 듯…테슬라와의 합병 소문도 - 디일렉","스페이스X, IPO 전에 xAI 합병 추진할 듯…테슬라와의 합병 소문도&nbsp;&nbsp;디일렉",스페이스X,2026-01,"스페이스X, IPO 전에 xAI 합병 추진할 듯…테슬라와의 합병 소문도 - 디일렉 스페이스X, IPO 전에 xAI 합병 추진할 듯…테슬라와의 합병 소문도&nbsp;&nbsp;디일렉"
2026-01-01,"[The Numbers] IPO 앞둔 스페이스X, 투자하고 싶다면?…국내외 직간접 투자 방법 총정리 - 뉴스스페이스","[The Numbers] IPO 앞둔 스페이스X, 투자하고 싶다면?…국내외 직간접 투자 방법 총정리&nbsp;&nbsp;뉴스스페이스",스페이스X,2026-01,"[The Numbers] IPO 앞둔 스페이스X, 투자하고 싶다면?…국내외 직간접 투자 방법 총정리 - 뉴스스페이스 [The Numbers] IPO 앞둔 스페이스X, 투자하고 싶다면?…국내외 직간접 투자 방법 총정리&nbsp;&nbsp;뉴스스페이스"
2026-01-08,"""스페이스X 투자하려면 ETF 고려를""…토스 연내 美 상장 시동 [금융상품 뉴스] - 서울경제","""스페이스X 투자하려면 ETF 고려를""…토스 연내 美 상장 시동 [금융상품 뉴스]&nbsp;&nbsp;서울경제",스페이스X,2026-01,"""스페이스X 투자하려면 ETF 고려를""…토스 연내 美 상장 시동 [금융상품 뉴스] - 서울경제 ""스페이스X 투자하려면 ETF 고려를""…토스 연내 美 상장 시동 [금융상품 뉴스]&nbsp;&nbsp;서울경제"
2026-01-30,"""머스크, 스페이스X·xAI 합병 추진…1400조 우주·AI 기업 탄생"" - 뉴스1","""머스크, 스페이스X·xAI 합병 추진…1400조 우주·AI 기업 탄생""&nbsp;&nbsp;뉴스1",스페이스X,2026-01,"""머스크, 스페이스X·xAI 합병 추진…1400조 우주·AI 기업 탄생"" - 뉴스1 ""머스크, 스페이스X·xAI 합병 추진…1400조 우주·AI 기업 탄생""&nbsp;&nbsp;뉴스1"
2026-01-28,"이재명 대통령의 주식시장 평가부터 스페이스X IPO, 비트코인 등 이시각 주요뉴스 - 연합인포맥스","이재명 대통령의 주식시장 평가부터 스페이스X IPO, 비트코인 등 이시각 주요뉴스&nbsp;&nbsp;연합인포맥스",스페이스X,2026-01,"이재명 대통령의 주식시장 평가부터 스페이스X IPO, 비트코인 등 이시각 주요뉴스 - 연합인포맥스 이재명 대통령의 주식시장 평가부터 스페이스X IPO, 비트코인 등 이시각 주요뉴스&nbsp;&nbsp;연합인포맥스"
2026-01-29,"머스크, 촉박하게 스페이스X 6월 상장 고집, 왜? - 조선일보","머스크, 촉박하게 스페이스X 6월 상장 고집, 왜?&nbsp;&nbsp;조선일보",스페이스X,2026-01,"머스크, 촉박하게 스페이스X 6월 상장 고집, 왜? - 조선일보 머스크, 촉박하게 스페이스X 6월 상장 고집, 왜?&nbsp;&nbsp;조선일보"
2026-01-29,"스페이스X, 테슬라·xAI 합병 검토…머스크 ‘기술 제국’ 시동 [팩플] - 중앙일보","스페이스X, 테슬라·xAI 합병 검토…머스크 ‘기술 제국’ 시동 [팩플]&nbsp;&nbsp;중앙일보",스페이스X,2026-01,"스페이스X, 테슬라·xAI 합병 검토…머스크 ‘기술 제국’ 시동 [팩플] - 중앙일보 스페이스X, 테슬라·xAI 합병 검토…머스크 ‘기술 제국’ 시동 [팩플]&nbsp;&nbsp;중앙일보"
2026-01-30,"""머스크, 스페이스X·xAI 합병 추진""…우주 데이터센터 나설듯 - 연합뉴스","""머스크, 스페이스X·xAI 합병 추진""…우주 데이터센터 나설듯&nbsp;&nbsp;연합뉴스",스페이스X,2026-01,"""머스크, 스페이스X·xAI 합병 추진""…우주 데이터센터 나설듯 - 연합뉴스 ""머스크, 스페이스X·xAI 합병 추진""…우주 데이터센터 나설듯&nbsp;&nbsp;연합뉴스"
2026-01-30,"머스크, '왕국 건설' 시작했나…스페이스X·테슬라·xAI 통합 시동 - v.daum.net","머스크, '왕국 건설' 시작했나…스페이스X·테슬라·xAI 통합 시동&nbsp;&nbsp;v.daum.net",스페이스X,2026-01,"머스크, '왕국 건설' 시작했나…스페이스X·테슬라·xAI 통합 시동 - v.daum.net 머스크, '왕국 건설' 시작했나…스페이스X·테슬라·xAI 통합 시동&nbsp;&nbsp;v.daum.net"
2026-01-01,스페이스X부터 오픈AI까지… 올해 ‘역대 최대’ IPO 장 열린다 - 조선비즈 - Chosunbiz,스페이스X부터 오픈AI까지… 올해 ‘역대 최대’ IPO 장 열린다 - 조선비즈&nbsp;&nbsp;Chosunbiz,스페이스X,2026-01,스페이스X부터 오픈AI까지… 올해 ‘역대 최대’ IPO 장 열린다 - 조선비즈 - Chosunbiz 스페이스X부터 오픈AI까지… 올해 ‘역대 최대’ IPO 장 열린다 - 조선비즈&nbsp;&nbsp;Chosunbiz
2026-01-12,"미래에셋증권, 4분기 xAI 이어 올해 스페이스X 터진다…목표가↑ - 연합인포맥스","미래에셋증권, 4분기 xAI 이어 올해 스페이스X 터진다…목표가↑&nbsp;&nbsp;연합인포맥스",스페이스X,2026-01,"미래에셋증권, 4분기 xAI 이어 올해 스페이스X 터진다…목표가↑ - 연합인포맥스 미래에셋증권, 4분기 xAI 이어 올해 스페이스X 터진다…목표가↑&nbsp;&nbsp;연합인포맥스"
2026-01-28,"""머스크, '본인 생일·행성 근접' 6월에 스페이스X 상장 고려"" - 연합뉴스","""머스크, '본인 생일·행성 근접' 6월에 스페이스X 상장 고려""&nbsp;&nbsp;연합뉴스",스페이스X,2026-01,"""머스크, '본인 생일·행성 근접' 6월에 스페이스X 상장 고려"" - 연합뉴스 ""머스크, '본인 생일·행성 근접' 6월에 스페이스X 상장 고려""&nbsp;&nbsp;연합뉴스"
2026-01-12,"[특징주] 미래에셋증권, '스페이스X 투자 효과' 기대에 52주 신고가(종합) - 연합뉴스","[특징주] 미래에셋증권, '스페이스X 투자 효과' 기대에 52주 신고가(종합)&nbsp;&nbsp;연합뉴스",스페이스X,2026-01,"[특징주] 미래에셋증권, '스페이스X 투자 효과' 기대에 52주 신고가(종합) - 연합뉴스 [특징주] 미래에셋증권, '스페이스X 투자 효과' 기대에 52주 신고가(종합)&nbsp;&nbsp;연합뉴스"
2026-01-22,일론 머스크가 스페이스X 상장을 서두르는 이유 : 아마존. - 네이버 프리미엄콘텐츠,일론 머스크가 스페이스X 상장을 서두르는 이유 : 아마존.&nbsp;&nbsp;네이버 프리미엄콘텐츠,스페이스X,2026-01,일론 머스크가 스페이스X 상장을 서두르는 이유 : 아마존. - 네이버 프리미엄콘텐츠 일론 머스크가 스페이스X 상장을 서두르는 이유 : 아마존.&nbsp;&nbsp;네이버 프리미엄콘텐츠
2026-01-06,"""역대급 실적기대""…12%대 급등 미래에셋, 시총 16조 돌파(종합) - 연합뉴스","""역대급 실적기대""…12%대 급등 미래에셋, 시총 16조 돌파(종합)&nbsp;&nbsp;연합뉴스",스페이스X,2026-01,"""역대급 실적기대""…12%대 급등 미래에셋, 시총 16조 돌파(종합) - 연합뉴스 ""역대급 실적기대""…12%대 급등 미래에셋, 시총 16조 돌파(종합)&nbsp;&nbsp;연합뉴스"
2026-01-06,"미래에셋의 '스페이스X' 베팅, '최대 11배' 수익 현실화? - v.daum.net","미래에셋의 '스페이스X' 베팅, '최대 11배' 수익 현실화?&nbsp;&nbsp;v.daum.net",스페이스X,2026-01,"미래에셋의 '스페이스X' 베팅, '최대 11배' 수익 현실화? - v.daum.net 미래에셋의 '스페이스X' 베팅, '최대 11배' 수익 현실화?&nbsp;&nbsp;v.daum.net"
2026-01-31,스페이스X-xAI 합병 고려 소식에 테슬라 3.32% 급등 - 뉴스1,스페이스X-xAI 합병 고려 소식에 테슬라 3.32% 급등&nbsp;&nbsp;뉴스1,스페이스X,2026-01,스페이스X-xAI 합병 고려 소식에 테슬라 3.32% 급등 - 뉴스1 스페이스X-xAI 합병 고려 소식에 테슬라 3.32% 급등&nbsp;&nbsp;뉴스1
2026-01-30,"머스크, 스페이스X·xAI 결합으로 초대형 생태계 구상 - v.daum.net","머스크, 스페이스X·xAI 결합으로 초대형 생태계 구상&nbsp;&nbsp;v.daum.net",스페이스X,2026-01,"머스크, 스페이스X·xAI 결합으로 초대형 생태계 구상 - v.daum.net 머스크, 스페이스X·xAI 결합으로 초대형 생태계 구상&nbsp;&nbsp;v.daum.net"
2026-01-30,‘머스크 왕국’ 세우나…스페이스X·테슬라·xAI 합병 시동? - v.daum.net,‘머스크 왕국’ 세우나…스페이스X·테슬라·xAI 합병 시동?&nbsp;&nbsp;v.daum.net,스페이스X,2026-01,‘머스크 왕국’ 세우나…스페이스X·테슬라·xAI 합병 시동? - v.daum.net ‘머스크 왕국’ 세우나…스페이스X·테슬라·xAI 합병 시동?&nbsp;&nbsp;v.daum.net
2026-01-21,"스페이스X 2,200조 상장설에 들썩… 구글부터 K-우주주까지 '역대급 수혜' - 머니네버슬립","스페이스X 2,200조 상장설에 들썩… 구글부터 K-우주주까지 '역대급 수혜'&nbsp;&nbsp;머니네버슬립",스페이스X,2026-01,"스페이스X 2,200조 상장설에 들썩… 구글부터 K-우주주까지 '역대급 수혜' - 머니네버슬립 스페이스X 2,200조 상장설에 들썩… 구글부터 K-우주주까지 '역대급 수혜'&nbsp;&nbsp;머니네버슬립"
2026-01-30,"""스페이스X, 테슬라 혹은 xAI와 합칠 듯"" - 조선일보","""스페이스X, 테슬라 혹은 xAI와 합칠 듯""&nbsp;&nbsp;조선일보",스페이스X,2026-01,"""스페이스X, 테슬라 혹은 xAI와 합칠 듯"" - 조선일보 ""스페이스X, 테슬라 혹은 xAI와 합칠 듯""&nbsp;&nbsp;조선일보"
2026-01-06,"미래에셋증권, '스페이스X 투자' 성과 기대에 신고가 경신[이런국장 저런주식] - 서울경제","미래에셋증권, '스페이스X 투자' 성과 기대에 신고가 경신[이런국장 저런주식]&nbsp;&nbsp;서울경제",스페이스X,2026-01,"미래에셋증권, '스페이스X 투자' 성과 기대에 신고가 경신[이런국장 저런주식] - 서울경제 미래에셋증권, '스페이스X 투자' 성과 기대에 신고가 경신[이런국장 저런주식]&nbsp;&nbsp;서울경제"
2026-01-03,스페이스X·오픈AI 말고 또 어디? 칼시가 점찍은 2027년 이전 IPO 유망주 - Benzinga,스페이스X·오픈AI 말고 또 어디? 칼시가 점찍은 2027년 이전 IPO 유망주&nbsp;&nbsp;Benzinga,스페이스X,2026-01,스페이스X·오픈AI 말고 또 어디? 칼시가 점찍은 2027년 이전 IPO 유망주 - Benzinga 스페이스X·오픈AI 말고 또 어디? 칼시가 점찍은 2027년 이전 IPO 유망주&nbsp;&nbsp;Benzinga
2026-01-06,"미래에셋증권, 高 PBR 배경은…‘스페이스X 투자’ - 뉴스톱","미래에셋증권, 高 PBR 배경은…‘스페이스X 투자’&nbsp;&nbsp;뉴스톱",스페이스X,2026-01,"미래에셋증권, 高 PBR 배경은…‘스페이스X 투자’ - 뉴스톱 미래에셋증권, 高 PBR 배경은…‘스페이스X 투자’&nbsp;&nbsp;뉴스톱"
2026-01-06,"[특징주] ""역대급 깜짝 호실적 기대""…미래에셋증권 10%대 급등 - 연합뉴스","[특징주] ""역대급 깜짝 호실적 기대""…미래에셋증권 10%대 급등&nbsp;&nbsp;연합뉴스",스페이스X,2026-01,"[특징주] ""역대급 깜짝 호실적 기대""…미래에셋증권 10%대 급등 - 연합뉴스 [특징주] ""역대급 깜짝 호실적 기대""…미래에셋증권 10%대 급등&nbsp;&nbsp;연합뉴스"
2026-01-30,[빅테크칼럼] 스페이스X·테슬라·xAI ‘빅뱅 합병’ 시나리오…일론 머스크의 진짜 승부처는 ‘우주 AI 데이터센터’ - 뉴스스페이스,[빅테크칼럼] 스페이스X·테슬라·xAI ‘빅뱅 합병’ 시나리오…일론 머스크의 진짜 승부처는 ‘우주 AI 데이터센터’&nbsp;&nbsp;뉴스스페이스,스페이스X,2026-01,[빅테크칼럼] 스페이스X·테슬라·xAI ‘빅뱅 합병’ 시나리오…일론 머스크의 진짜 승부처는 ‘우주 AI 데이터센터’ - 뉴스스페이스 [빅테크칼럼] 스페이스X·테슬라·xAI ‘빅뱅 합병’ 시나리오…일론 머스크의 진짜 승부처는 ‘우주 AI 데이터센터’&nbsp;&nbsp;뉴스스페이스
2026-01-30,"테슬라/SpaceX 합병? 머스크, 합병 고려 중 - Investing.com 한국어","테슬라/SpaceX 합병? 머스크, 합병 고려 중&nbsp;&nbsp;Investing.com 한국어",스페이스X,2026-01,"테슬라/SpaceX 합병? 머스크, 합병 고려 중 - Investing.com 한국어 테슬라/SpaceX 합병? 머스크, 합병 고려 중&nbsp;&nbsp;Investing.com 한국어"
2026-01-18,"[이번주 관심주] 미래에셋증권, 시총 17조 돌파...증시 강세엔 증권주가 제격 - 오피니언뉴스","[이번주 관심주] 미래에셋증권, 시총 17조 돌파...증시 강세엔 증권주가 제격&nbsp;&nbsp;오피니언뉴스",스페이스X,2026-01,"[이번주 관심주] 미래에셋증권, 시총 17조 돌파...증시 강세엔 증권주가 제격 - 오피니언뉴스 [이번주 관심주] 미래에셋증권, 시총 17조 돌파...증시 강세엔 증권주가 제격&nbsp;&nbsp;오피니언뉴스"
2026-01-30,"“머스크, 스페이스엑스·엑스에이아이 합병 추진” - 한겨레","“머스크, 스페이스엑스·엑스에이아이 합병 추진”&nbsp;&nbsp;한겨레",스페이스X,2026-01,"“머스크, 스페이스엑스·엑스에이아이 합병 추진” - 한겨레 “머스크, 스페이스엑스·엑스에이아이 합병 추진”&nbsp;&nbsp;한겨레"
2026-01-23,"미래에셋증권, 장중 13%대 급등···스페이스X 수혜 기대감↑ - 뉴스웨이","미래에셋증권, 장중 13%대 급등···스페이스X 수혜 기대감↑&nbsp;&nbsp;뉴스웨이",스페이스X,2026-01,"미래에셋증권, 장중 13%대 급등···스페이스X 수혜 기대감↑ - 뉴스웨이 미래에셋증권, 장중 13%대 급등···스페이스X 수혜 기대감↑&nbsp;&nbsp;뉴스웨이"
2026-01-18,"미래에셋증권, 스페이스X로 빛난 투자 혜안…4분기 호실적 기대 - sisaon.co.kr","미래에셋증권, 스페이스X로 빛난 투자 혜안…4분기 호실적 기대&nbsp;&nbsp;sisaon.co.kr",스페이스X,2026-01,"미래에셋증권, 스페이스X로 빛난 투자 혜안…4분기 호실적 기대 - sisaon.co.kr 미래에셋증권, 스페이스X로 빛난 투자 혜안…4분기 호실적 기대&nbsp;&nbsp;sisaon.co.kr"
2026-01-29,"로빈후드, 초대형 스페이스X IPO에서 핵심 개인투자자 역할 노린다 - ebn.co.kr","로빈후드, 초대형 스페이스X IPO에서 핵심 개인투자자 역할 노린다&nbsp;&nbsp;ebn.co.kr",스페이스X,2026-01,"로빈후드, 초대형 스페이스X IPO에서 핵심 개인투자자 역할 노린다 - ebn.co.kr 로빈후드, 초대형 스페이스X IPO에서 핵심 개인투자자 역할 노린다&nbsp;&nbsp;ebn.co.kr"
2026-01-14,"""역시 감다살 박현주""…미래에셋 4조 차익 점프업 - 딜사이트","""역시 감다살 박현주""…미래에셋 4조 차익 점프업&nbsp;&nbsp;딜사이트",스페이스X,2026-01,"""역시 감다살 박현주""…미래에셋 4조 차익 점프업 - 딜사이트 ""역시 감다살 박현주""…미래에셋 4조 차익 점프업&nbsp;&nbsp;딜사이트"
2026-01-20,"""이제 우주로 갑니다""…나라스페이스·우리기술, 상한가[핫종목] - 뉴스1","""이제 우주로 갑니다""…나라스페이스·우리기술, 상한가[핫종목]&nbsp;&nbsp;뉴스1",스페이스X,2026-01,"""이제 우주로 갑니다""…나라스페이스·우리기술, 상한가[핫종목] - 뉴스1 ""이제 우주로 갑니다""…나라스페이스·우리기술, 상한가[핫종목]&nbsp;&nbsp;뉴스1"
2026-01-29,"""역대급 증시 활황에""…미래에셋증권 '사상최고가' [핫종목] - 뉴스1","""역대급 증시 활황에""…미래에셋증권 '사상최고가' [핫종목]&nbsp;&nbsp;뉴스1",스페이스X,2026-01,"""역대급 증시 활황에""…미래에셋증권 '사상최고가' [핫종목] - 뉴스1 ""역대급 증시 활황에""…미래에셋증권 '사상최고가' [핫종목]&nbsp;&nbsp;뉴스1"
2026-01-06,"""스페이스X 업고 깜짝 실적 기대""…미래에셋증권, 52주 최고가 경신 - 한국경제","""스페이스X 업고 깜짝 실적 기대""…미래에셋증권, 52주 최고가 경신&nbsp;&nbsp;한국경제",스페이스X,2026-01,"""스페이스X 업고 깜짝 실적 기대""…미래에셋증권, 52주 최고가 경신 - 한국경제 ""스페이스X 업고 깜짝 실적 기대""…미래에셋증권, 52주 최고가 경신&nbsp;&nbsp;한국경제"
2026-01-02,[생생한 주식쇼 생쇼] 이노스페이스 (462350) - 매일경제TV,[생생한 주식쇼 생쇼] 이노스페이스 (462350)&nbsp;&nbsp;매일경제TV,스페이스X,2026-01,[생생한 주식쇼 생쇼] 이노스페이스 (462350) - 매일경제TV [생생한 주식쇼 생쇼] 이노스페이스 (462350)&nbsp;&nbsp;매일경제TV
2026-01-02,“평생 주식하며 이런 장은 처음입니다”…올해 상장하는 기업들 명단이 - 매일경제,“평생 주식하며 이런 장은 처음입니다”…올해 상장하는 기업들 명단이&nbsp;&nbsp;매일경제,스페이스X,2026-01,“평생 주식하며 이런 장은 처음입니다”…올해 상장하는 기업들 명단이 - 매일경제 “평생 주식하며 이런 장은 처음입니다”…올해 상장하는 기업들 명단이&nbsp;&nbsp;매일경제
2026-01-30,"스페이스X, 테슬라·xAI 합병 검토···머스크 ‘우주·AI 제국’ 구상 가속 By 투데이코리아 - Investing.com 한국어","스페이스X, 테슬라·xAI 합병 검토···머스크 ‘우주·AI 제국’ 구상 가속 By 투데이코리아&nbsp;&nbsp;Investing.com 한국어",스페이스X,2026-01,"스페이스X, 테슬라·xAI 합병 검토···머스크 ‘우주·AI 제국’ 구상 가속 By 투데이코리아 - Investing.com 한국어 스페이스X, 테슬라·xAI 합병 검토···머스크 ‘우주·AI 제국’ 구상 가속 By 투데이코리아&nbsp;&nbsp;Investing.com 한국어"
2026-01-26,누가 스페이스X 관련주래? ‘스피어코퍼레이션 최광수’를 둘러싼 의혹 [조수연의 그래픽저널] - 뉴스웰,누가 스페이스X 관련주래? ‘스피어코퍼레이션 최광수’를 둘러싼 의혹 [조수연의 그래픽저널]&nbsp;&nbsp;뉴스웰,스페이스X,2026-01,누가 스페이스X 관련주래? ‘스피어코퍼레이션 최광수’를 둘러싼 의혹 [조수연의 그래픽저널] - 뉴스웰 누가 스페이스X 관련주래? ‘스피어코퍼레이션 최광수’를 둘러싼 의혹 [조수연의 그래픽저널]&nbsp;&nbsp;뉴스웰
2026-01-25,"뉴스페이스 시대…""우주항공주 품고 로켓 수익률 쏘자"" - 한국경제","뉴스페이스 시대…""우주항공주 품고 로켓 수익률 쏘자""&nbsp;&nbsp;한국경제",스페이스X,2026-01,"뉴스페이스 시대…""우주항공주 품고 로켓 수익률 쏘자"" - 한국경제 뉴스페이스 시대…""우주항공주 품고 로켓 수익률 쏘자""&nbsp;&nbsp;한국경제"
2026-01-08,"기업가치만 1180조 스페이스X, 역대급 IPO…서학개미 투자 방법은? - 네이트","기업가치만 1180조 스페이스X, 역대급 IPO…서학개미 투자 방법은?&nbsp;&nbsp;네이트",스페이스X,2026-01,"기업가치만 1180조 스페이스X, 역대급 IPO…서학개미 투자 방법은? - 네이트 기업가치만 1180조 스페이스X, 역대급 IPO…서학개미 투자 방법은?&nbsp;&nbsp;네이트"
2026-01-07,"한화투자증권, 해외 니켈 제련소 지분 인수 자문 완료 - 연합뉴스","한화투자증권, 해외 니켈 제련소 지분 인수 자문 완료&nbsp;&nbsp;연합뉴스",스페이스X,2026-01,"한화투자증권, 해외 니켈 제련소 지분 인수 자문 완료 - 연합뉴스 한화투자증권, 해외 니켈 제련소 지분 인수 자문 완료&nbsp;&nbsp;연합뉴스"
2026-01-06,"[특징주] 미래에셋증권, ‘스페이스X 잭팟’에 12% 급등...장중 52주 신고가 경신 - 라이센스뉴스","[특징주] 미래에셋증권, ‘스페이스X 잭팟’에 12% 급등...장중 52주 신고가 경신&nbsp;&nbsp;라이센스뉴스",스페이스X,2026-01,"[특징주] 미래에셋증권, ‘스페이스X 잭팟’에 12% 급등...장중 52주 신고가 경신 - 라이센스뉴스 [특징주] 미래에셋증권, ‘스페이스X 잭팟’에 12% 급등...장중 52주 신고가 경신&nbsp;&nbsp;라이센스뉴스"
2026-01-06,"'스페이스X 투자' 미래에셋증권, 시총 16조 돌파…12%대 급등 - thepublic.kr","'스페이스X 투자' 미래에셋증권, 시총 16조 돌파…12%대 급등&nbsp;&nbsp;thepublic.kr",스페이스X,2026-01,"'스페이스X 투자' 미래에셋증권, 시총 16조 돌파…12%대 급등 - thepublic.kr '스페이스X 투자' 미래에셋증권, 시총 16조 돌파…12%대 급등&nbsp;&nbsp;thepublic.kr"
2026-01-30,머스크의 ‘우주 제국’ 대통합 서막… 스페이스X·xAI·테슬라 합병론 급부상 - ER 이코노믹리뷰,머스크의 ‘우주 제국’ 대통합 서막… 스페이스X·xAI·테슬라 합병론 급부상&nbsp;&nbsp;ER 이코노믹리뷰,스페이스X,2026-01,머스크의 ‘우주 제국’ 대통합 서막… 스페이스X·xAI·테슬라 합병론 급부상 - ER 이코노믹리뷰 머스크의 ‘우주 제국’ 대통합 서막… 스페이스X·xAI·테슬라 합병론 급부상&nbsp;&nbsp;ER 이코노믹리뷰
2026-01-21,LS그룹 “에식스솔루션즈 상장은 주주가치 제고 위한 선택” [한양경제] - 경기일보,LS그룹 “에식스솔루션즈 상장은 주주가치 제고 위한 선택” [한양경제]&nbsp;&nbsp;경기일보,SI,2026-01,LS그룹 “에식스솔루션즈 상장은 주주가치 제고 위한 선택” [한양경제] - 경기일보 LS그룹 “에식스솔루션즈 상장은 주주가치 제고 위한 선택” [한양경제]&nbsp;&nbsp;경기일보
2026-01-26,막강한 데이터를 무기로…SI기업 '피지컬 AI' 실증 이끈다 - 한국경제,막강한 데이터를 무기로…SI기업 '피지컬 AI' 실증 이끈다&nbsp;&nbsp;한국경제,SI,2026-01,막강한 데이터를 무기로…SI기업 '피지컬 AI' 실증 이끈다 - 한국경제 막강한 데이터를 무기로…SI기업 '피지컬 AI' 실증 이끈다&nbsp;&nbsp;한국경제
2026-01-10,"SK하이닉스, HBM4 16단 세계 최초 공개…속도 60% 향상 [주식 뉴스] - 서울경제","SK하이닉스, HBM4 16단 세계 최초 공개…속도 60% 향상 [주식 뉴스]&nbsp;&nbsp;서울경제",SI,2026-01,"SK하이닉스, HBM4 16단 세계 최초 공개…속도 60% 향상 [주식 뉴스] - 서울경제 SK하이닉스, HBM4 16단 세계 최초 공개…속도 60% 향상 [주식 뉴스]&nbsp;&nbsp;서울경제"
2026-01-15,"""월급보다 중요한 건 투자 기간"" 미국 주식으로 순자산 33억 만든 싱글 파이어족 [힘찬 병오년] - 머니투데이","""월급보다 중요한 건 투자 기간"" 미국 주식으로 순자산 33억 만든 싱글 파이어족 [힘찬 병오년]&nbsp;&nbsp;머니투데이",SI,2026-01,"""월급보다 중요한 건 투자 기간"" 미국 주식으로 순자산 33억 만든 싱글 파이어족 [힘찬 병오년] - 머니투데이 ""월급보다 중요한 건 투자 기간"" 미국 주식으로 순자산 33억 만든 싱글 파이어족 [힘찬 병오년]&nbsp;&nbsp;머니투데이"
2026-01-28,"[뉴스락 주식네비 1월 28일] LG CNS(064400), AI기반 신사업 본격화 - 뉴스락","[뉴스락 주식네비 1월 28일] LG CNS(064400), AI기반 신사업 본격화&nbsp;&nbsp;뉴스락",SI,2026-01,"[뉴스락 주식네비 1월 28일] LG CNS(064400), AI기반 신사업 본격화 - 뉴스락 [뉴스락 주식네비 1월 28일] LG CNS(064400), AI기반 신사업 본격화&nbsp;&nbsp;뉴스락"
2026-01-20,"""조 단위 잭팟 터지나"" SK텔레콤, 앤트로픽 상장 시나리오 가동 - 뉴스퀘스트","""조 단위 잭팟 터지나"" SK텔레콤, 앤트로픽 상장 시나리오 가동&nbsp;&nbsp;뉴스퀘스트",SI,2026-01,"""조 단위 잭팟 터지나"" SK텔레콤, 앤트로픽 상장 시나리오 가동 - 뉴스퀘스트 ""조 단위 잭팟 터지나"" SK텔레콤, 앤트로픽 상장 시나리오 가동&nbsp;&nbsp;뉴스퀘스트"
2026-01-19,"'아마존·AMD 본사' 지분 투자 유치한 업스테이지 ""몸값 최대 4조 목표"" [fn마켓워치] - 파이낸셜뉴스","'아마존·AMD 본사' 지분 투자 유치한 업스테이지 ""몸값 최대 4조 목표"" [fn마켓워치]&nbsp;&nbsp;파이낸셜뉴스",SI,2026-01,"'아마존·AMD 본사' 지분 투자 유치한 업스테이지 ""몸값 최대 4조 목표"" [fn마켓워치] - 파이낸셜뉴스 '아마존·AMD 본사' 지분 투자 유치한 업스테이지 ""몸값 최대 4조 목표"" [fn마켓워치]&nbsp;&nbsp;파이낸셜뉴스"
2026-01-21,LS “에식스 상장은 모자회사 주주 위한 필연적 선택” - 뉴스웰,LS “에식스 상장은 모자회사 주주 위한 필연적 선택”&nbsp;&nbsp;뉴스웰,SI,2026-01,LS “에식스 상장은 모자회사 주주 위한 필연적 선택” - 뉴스웰 LS “에식스 상장은 모자회사 주주 위한 필연적 선택”&nbsp;&nbsp;뉴스웰
2026-01-06,"리딩에이스캐피탈, 명륜당 빼고 샤브올데이만 인수한다 - 조선비즈 - Chosunbiz","리딩에이스캐피탈, 명륜당 빼고 샤브올데이만 인수한다 - 조선비즈&nbsp;&nbsp;Chosunbiz",SI,2026-01,"리딩에이스캐피탈, 명륜당 빼고 샤브올데이만 인수한다 - 조선비즈 - Chosunbiz 리딩에이스캐피탈, 명륜당 빼고 샤브올데이만 인수한다 - 조선비즈&nbsp;&nbsp;Chosunbiz"
2026-01-20,"""뚫리면 그룹 전체가 타격""···보안 힘주는 SI 업계 - 뉴스웨이","""뚫리면 그룹 전체가 타격""···보안 힘주는 SI 업계&nbsp;&nbsp;뉴스웨이",SI,2026-01,"""뚫리면 그룹 전체가 타격""···보안 힘주는 SI 업계 - 뉴스웨이 ""뚫리면 그룹 전체가 타격""···보안 힘주는 SI 업계&nbsp;&nbsp;뉴스웨이"
2026-01-12,"[단독] 크래프톤, ‘올데이프로젝트’ 더블랙레이블에 1000억 투자 추진 - 조선비즈 - Chosunbiz","[단독] 크래프톤, ‘올데이프로젝트’ 더블랙레이블에 1000억 투자 추진 - 조선비즈&nbsp;&nbsp;Chosunbiz",SI,2026-01,"[단독] 크래프톤, ‘올데이프로젝트’ 더블랙레이블에 1000억 투자 추진 - 조선비즈 - Chosunbiz [단독] 크래프톤, ‘올데이프로젝트’ 더블랙레이블에 1000억 투자 추진 - 조선비즈&nbsp;&nbsp;Chosunbiz"
2026-02-09,"삼성, HBM4는 먼저 치고 나간다‥K-반도체 독무대 된 HBM 시장 - MBC 뉴스","삼성, HBM4는 먼저 치고 나간다‥K-반도체 독무대 된 HBM 시장&nbsp;&nbsp;MBC 뉴스",HBM,2026-02,"삼성, HBM4는 먼저 치고 나간다‥K-반도체 독무대 된 HBM 시장 - MBC 뉴스 삼성, HBM4는 먼저 치고 나간다‥K-반도체 독무대 된 HBM 시장&nbsp;&nbsp;MBC 뉴스"
2026-02-06,"마이크론 주식, 애널리스트의 Nvidia HBM4 공급 전망 제로로 하락 - Investing.com 한국어","마이크론 주식, 애널리스트의 Nvidia HBM4 공급 전망 제로로 하락&nbsp;&nbsp;Investing.com 한국어",HBM,2026-02,"마이크론 주식, 애널리스트의 Nvidia HBM4 공급 전망 제로로 하락 - Investing.com 한국어 마이크론 주식, 애널리스트의 Nvidia HBM4 공급 전망 제로로 하락&nbsp;&nbsp;Investing.com 한국어"
2026-02-10,"HBM 다음엔 HBF 시대 온다, 삼전·하닉 아직 안 늦은 까닭 [반도체 대전망 ①] - 중앙일보","HBM 다음엔 HBF 시대 온다, 삼전·하닉 아직 안 늦은 까닭 [반도체 대전망 ①]&nbsp;&nbsp;중앙일보",HBM,2026-02,"HBM 다음엔 HBF 시대 온다, 삼전·하닉 아직 안 늦은 까닭 [반도체 대전망 ①] - 중앙일보 HBM 다음엔 HBF 시대 온다, 삼전·하닉 아직 안 늦은 까닭 [반도체 대전망 ①]&nbsp;&nbsp;중앙일보"
2026-02-04,젠슨 황·머스크 “메모리 확보 비상”…삼성전자 사상 최고가 [주식 뉴스] - 서울경제,젠슨 황·머스크 “메모리 확보 비상”…삼성전자 사상 최고가 [주식 뉴스]&nbsp;&nbsp;서울경제,HBM,2026-02,젠슨 황·머스크 “메모리 확보 비상”…삼성전자 사상 최고가 [주식 뉴스] - 서울경제 젠슨 황·머스크 “메모리 확보 비상”…삼성전자 사상 최고가 [주식 뉴스]&nbsp;&nbsp;서울경제
2026-02-03,"AI 붐, 칩 다음은 메모리?···국내 개미들, ‘대장’ 엔비디아 팔고 ‘이것’ 샀다 - 경향신문","AI 붐, 칩 다음은 메모리?···국내 개미들, ‘대장’ 엔비디아 팔고 ‘이것’ 샀다&nbsp;&nbsp;경향신문",HBM,2026-02,"AI 붐, 칩 다음은 메모리?···국내 개미들, ‘대장’ 엔비디아 팔고 ‘이것’ 샀다 - 경향신문 AI 붐, 칩 다음은 메모리?···국내 개미들, ‘대장’ 엔비디아 팔고 ‘이것’ 샀다&nbsp;&nbsp;경향신문"
2026-02-06,"""메모리 성장세 지속…SK하이닉스, 양산·수율 경쟁력 뚜렷"" - 연합뉴스","""메모리 성장세 지속…SK하이닉스, 양산·수율 경쟁력 뚜렷""&nbsp;&nbsp;연합뉴스",HBM,2026-02,"""메모리 성장세 지속…SK하이닉스, 양산·수율 경쟁력 뚜렷"" - 연합뉴스 ""메모리 성장세 지속…SK하이닉스, 양산·수율 경쟁력 뚜렷""&nbsp;&nbsp;연합뉴스"
2026-02-15,[HBM 경쟁] 삼성전자가 펼친 '고난의 행군' - 연합인포맥스,[HBM 경쟁] 삼성전자가 펼친 '고난의 행군'&nbsp;&nbsp;연합인포맥스,HBM,2026-02,[HBM 경쟁] 삼성전자가 펼친 '고난의 행군' - 연합인포맥스 [HBM 경쟁] 삼성전자가 펼친 '고난의 행군'&nbsp;&nbsp;연합인포맥스
2026-02-18,"""기본 연봉 3.8억""…미국 '한국 인재 빼가기' 시작됐다 - 한국경제","""기본 연봉 3.8억""…미국 '한국 인재 빼가기' 시작됐다&nbsp;&nbsp;한국경제",HBM,2026-02,"""기본 연봉 3.8억""…미국 '한국 인재 빼가기' 시작됐다 - 한국경제 ""기본 연봉 3.8억""…미국 '한국 인재 빼가기' 시작됐다&nbsp;&nbsp;한국경제"
2026-02-03,"삼성전자·SK하이닉스, HBM 이어 'HBF'까지…반도체 업종 ‘겹호재’ - AP신문","삼성전자·SK하이닉스, HBM 이어 'HBF'까지…반도체 업종 ‘겹호재’&nbsp;&nbsp;AP신문",HBM,2026-02,"삼성전자·SK하이닉스, HBM 이어 'HBF'까지…반도체 업종 ‘겹호재’ - AP신문 삼성전자·SK하이닉스, HBM 이어 'HBF'까지…반도체 업종 ‘겹호재’&nbsp;&nbsp;AP신문"
2026-02-24,"[주식핵심 체크포인트] 초대박은 HBF 에서 나온다 (feat, 네오셈2) - 네이버 프리미엄콘텐츠","[주식핵심 체크포인트] 초대박은 HBF 에서 나온다 (feat, 네오셈2)&nbsp;&nbsp;네이버 프리미엄콘텐츠",HBM,2026-02,"[주식핵심 체크포인트] 초대박은 HBF 에서 나온다 (feat, 네오셈2) - 네이버 프리미엄콘텐츠 [주식핵심 체크포인트] 초대박은 HBF 에서 나온다 (feat, 네오셈2)&nbsp;&nbsp;네이버 프리미엄콘텐츠"
2026-02-01,[강남視角] 大주식의 시대 - 파이낸셜뉴스,[강남視角] 大주식의 시대&nbsp;&nbsp;파이낸셜뉴스,HBM,2026-02,[강남視角] 大주식의 시대 - 파이낸셜뉴스 [강남視角] 大주식의 시대&nbsp;&nbsp;파이낸셜뉴스
2026-02-05,"한화비전, TC본더 대량 공급에 사상 최대 실적에 도전-키움證 - v.daum.net","한화비전, TC본더 대량 공급에 사상 최대 실적에 도전-키움證&nbsp;&nbsp;v.daum.net",HBM,2026-02,"한화비전, TC본더 대량 공급에 사상 최대 실적에 도전-키움證 - v.daum.net 한화비전, TC본더 대량 공급에 사상 최대 실적에 도전-키움證&nbsp;&nbsp;v.daum.net"
2026-02-12,"반도체 소부장업체의 '슈퍼사이클'이 온다…""하반기 이익 본격화"" - 연합인포맥스","반도체 소부장업체의 '슈퍼사이클'이 온다…""하반기 이익 본격화""&nbsp;&nbsp;연합인포맥스",HBM,2026-02,"반도체 소부장업체의 '슈퍼사이클'이 온다…""하반기 이익 본격화"" - 연합인포맥스 반도체 소부장업체의 '슈퍼사이클'이 온다…""하반기 이익 본격화""&nbsp;&nbsp;연합인포맥스"
2026-02-25,"맥쿼리 ""삼성전자 34만원·SK하이닉스 170만원""…목표가 상향 - 연합뉴스","맥쿼리 ""삼성전자 34만원·SK하이닉스 170만원""…목표가 상향&nbsp;&nbsp;연합뉴스",HBM,2026-02,"맥쿼리 ""삼성전자 34만원·SK하이닉스 170만원""…목표가 상향 - 연합뉴스 맥쿼리 ""삼성전자 34만원·SK하이닉스 170만원""…목표가 상향&nbsp;&nbsp;연합뉴스"
2026-02-25,‘20만전자’·‘100만닉스’ 동시 달성…코스피 5900 돌파 - 서울경제,‘20만전자’·‘100만닉스’ 동시 달성…코스피 5900 돌파&nbsp;&nbsp;서울경제,HBM,2026-02,‘20만전자’·‘100만닉스’ 동시 달성…코스피 5900 돌파 - 서울경제 ‘20만전자’·‘100만닉스’ 동시 달성…코스피 5900 돌파&nbsp;&nbsp;서울경제
2026-02-02,이재용 주식재산 30조…역대급 '돈복' 터지자 개미들 '난리' - 한국경제,이재용 주식재산 30조…역대급 '돈복' 터지자 개미들 '난리'&nbsp;&nbsp;한국경제,HBM,2026-02,이재용 주식재산 30조…역대급 '돈복' 터지자 개미들 '난리' - 한국경제 이재용 주식재산 30조…역대급 '돈복' 터지자 개미들 '난리'&nbsp;&nbsp;한국경제
2026-02-11,"SK하이닉스 ""'HBM BTS' 앞세워 커스텀HBM 시대 대응할 것"" - 연합뉴스","SK하이닉스 ""'HBM BTS' 앞세워 커스텀HBM 시대 대응할 것""&nbsp;&nbsp;연합뉴스",HBM,2026-02,"SK하이닉스 ""'HBM BTS' 앞세워 커스텀HBM 시대 대응할 것"" - 연합뉴스 SK하이닉스 ""'HBM BTS' 앞세워 커스텀HBM 시대 대응할 것""&nbsp;&nbsp;연합뉴스"
2026-02-02,낸드 가격 한 달 새 65% 급등…D램도 사상 최고치 경신 [주식 뉴스] - 서울경제,낸드 가격 한 달 새 65% 급등…D램도 사상 최고치 경신 [주식 뉴스]&nbsp;&nbsp;서울경제,HBM,2026-02,낸드 가격 한 달 새 65% 급등…D램도 사상 최고치 경신 [주식 뉴스] - 서울경제 낸드 가격 한 달 새 65% 급등…D램도 사상 최고치 경신 [주식 뉴스]&nbsp;&nbsp;서울경제
2026-02-16,"""메모리 호황 최소 2028년까지…삼성전자·하이닉스 더 간다"" [오천피 시대 투자전략] - 한국경제","""메모리 호황 최소 2028년까지…삼성전자·하이닉스 더 간다"" [오천피 시대 투자전략]&nbsp;&nbsp;한국경제",HBM,2026-02,"""메모리 호황 최소 2028년까지…삼성전자·하이닉스 더 간다"" [오천피 시대 투자전략] - 한국경제 ""메모리 호황 최소 2028년까지…삼성전자·하이닉스 더 간다"" [오천피 시대 투자전략]&nbsp;&nbsp;한국경제"
2026-02-04,"키움증권 ""삼성전자, 낸드 경쟁력 회복…목표가 21만원"" - 연합뉴스","키움증권 ""삼성전자, 낸드 경쟁력 회복…목표가 21만원""&nbsp;&nbsp;연합뉴스",HBM,2026-02,"키움증권 ""삼성전자, 낸드 경쟁력 회복…목표가 21만원"" - 연합뉴스 키움증권 ""삼성전자, 낸드 경쟁력 회복…목표가 21만원""&nbsp;&nbsp;연합뉴스"
2026-02-19,"파죽지세 삼성전자 19만원 안착…증권가는 ""상승 랠리 안 끝났다"" - 한국경제","파죽지세 삼성전자 19만원 안착…증권가는 ""상승 랠리 안 끝났다""&nbsp;&nbsp;한국경제",HBM,2026-02,"파죽지세 삼성전자 19만원 안착…증권가는 ""상승 랠리 안 끝났다"" - 한국경제 파죽지세 삼성전자 19만원 안착…증권가는 ""상승 랠리 안 끝났다""&nbsp;&nbsp;한국경제"
2026-02-18,"[미국 주식 돋보기] 반도체 식각 1위 램리서치 ""AI 찐 수혜주"" - 매일경제","[미국 주식 돋보기] 반도체 식각 1위 램리서치 ""AI 찐 수혜주""&nbsp;&nbsp;매일경제",HBM,2026-02,"[미국 주식 돋보기] 반도체 식각 1위 램리서치 ""AI 찐 수혜주"" - 매일경제 [미국 주식 돋보기] 반도체 식각 1위 램리서치 ""AI 찐 수혜주""&nbsp;&nbsp;매일경제"
2026-02-05,"'HBM 아버지' 김정호 교수, 글로벌에 'HBF' 기술 로드맵 생중계 - 연합뉴스","'HBM 아버지' 김정호 교수, 글로벌에 'HBF' 기술 로드맵 생중계&nbsp;&nbsp;연합뉴스",HBM,2026-02,"'HBM 아버지' 김정호 교수, 글로벌에 'HBF' 기술 로드맵 생중계 - 연합뉴스 'HBM 아버지' 김정호 교수, 글로벌에 'HBF' 기술 로드맵 생중계&nbsp;&nbsp;연합뉴스"
2026-02-03,"'HBM 아버지' 김정호 교수 ""차세대 낸드 HBF, HBM 뛰어넘을 것""(종합) - 연합뉴스","'HBM 아버지' 김정호 교수 ""차세대 낸드 HBF, HBM 뛰어넘을 것""(종합)&nbsp;&nbsp;연합뉴스",HBM,2026-02,"'HBM 아버지' 김정호 교수 ""차세대 낸드 HBF, HBM 뛰어넘을 것""(종합) - 연합뉴스 'HBM 아버지' 김정호 교수 ""차세대 낸드 HBF, HBM 뛰어넘을 것""(종합)&nbsp;&nbsp;연합뉴스"
2026-02-18,"일론 머스크, 태극기 내걸고 직접 韓 반도체 인재 구인 나서 - 연합뉴스","일론 머스크, 태극기 내걸고 직접 韓 반도체 인재 구인 나서&nbsp;&nbsp;연합뉴스",HBM,2026-02,"일론 머스크, 태극기 내걸고 직접 韓 반도체 인재 구인 나서 - 연합뉴스 일론 머스크, 태극기 내걸고 직접 韓 반도체 인재 구인 나서&nbsp;&nbsp;연합뉴스"
2026-02-09,반도체 초호황… 모두가 웃을 때가 가장 위험하다 - 조선일보,반도체 초호황… 모두가 웃을 때가 가장 위험하다&nbsp;&nbsp;조선일보,HBM,2026-02,반도체 초호황… 모두가 웃을 때가 가장 위험하다 - 조선일보 반도체 초호황… 모두가 웃을 때가 가장 위험하다&nbsp;&nbsp;조선일보
2026-02-20,"세계 최대 자산 운용사 블랙록, SK하이닉스 지분 5% 확보 - 시사저널","세계 최대 자산 운용사 블랙록, SK하이닉스 지분 5% 확보&nbsp;&nbsp;시사저널",HBM,2026-02,"세계 최대 자산 운용사 블랙록, SK하이닉스 지분 5% 확보 - 시사저널 세계 최대 자산 운용사 블랙록, SK하이닉스 지분 5% 확보&nbsp;&nbsp;시사저널"
2026-02-24,"오후 이슈 [HBM] : 한화비전, 레이저쎌, 브이엠, 미래반도체, 디아이티 - 파이낸셜뉴스","오후 이슈 [HBM] : 한화비전, 레이저쎌, 브이엠, 미래반도체, 디아이티&nbsp;&nbsp;파이낸셜뉴스",HBM,2026-02,"오후 이슈 [HBM] : 한화비전, 레이저쎌, 브이엠, 미래반도체, 디아이티 - 파이낸셜뉴스 오후 이슈 [HBM] : 한화비전, 레이저쎌, 브이엠, 미래반도체, 디아이티&nbsp;&nbsp;파이낸셜뉴스"
2026-02-24,"[뉴스락 주식네비 2월 24일] 삼성전자(005930), AI발 메모리 패러다임 변화... 재평가 시급 - 뉴스락","[뉴스락 주식네비 2월 24일] 삼성전자(005930), AI발 메모리 패러다임 변화... 재평가 시급&nbsp;&nbsp;뉴스락",HBM,2026-02,"[뉴스락 주식네비 2월 24일] 삼성전자(005930), AI발 메모리 패러다임 변화... 재평가 시급 - 뉴스락 [뉴스락 주식네비 2월 24일] 삼성전자(005930), AI발 메모리 패러다임 변화... 재평가 시급&nbsp;&nbsp;뉴스락"
2026-02-24,[주식 톺아보기] 코스피 6000 코앞…‘20만 전자·100만 닉스’가 이끈 반도체 장세 - woorinews.co.kr,[주식 톺아보기] 코스피 6000 코앞…‘20만 전자·100만 닉스’가 이끈 반도체 장세&nbsp;&nbsp;woorinews.co.kr,HBM,2026-02,[주식 톺아보기] 코스피 6000 코앞…‘20만 전자·100만 닉스’가 이끈 반도체 장세 - woorinews.co.kr [주식 톺아보기] 코스피 6000 코앞…‘20만 전자·100만 닉스’가 이끈 반도체 장세&nbsp;&nbsp;woorinews.co.kr
2026-02-26,"오전 이슈 [HBM] : 한미반도체, 에스티아이, 코세스, 아이엠티, 삼성전자 - 파이낸셜뉴스","오전 이슈 [HBM] : 한미반도체, 에스티아이, 코세스, 아이엠티, 삼성전자&nbsp;&nbsp;파이낸셜뉴스",HBM,2026-02,"오전 이슈 [HBM] : 한미반도체, 에스티아이, 코세스, 아이엠티, 삼성전자 - 파이낸셜뉴스 오전 이슈 [HBM] : 한미반도체, 에스티아이, 코세스, 아이엠티, 삼성전자&nbsp;&nbsp;파이낸셜뉴스"
2026-02-12,"코스피 장중 첫 5,400선 돌파…삼성전자 최고가 경신 - 산경투데이","코스피 장중 첫 5,400선 돌파…삼성전자 최고가 경신&nbsp;&nbsp;산경투데이",HBM,2026-02,"코스피 장중 첫 5,400선 돌파…삼성전자 최고가 경신 - 산경투데이 코스피 장중 첫 5,400선 돌파…삼성전자 최고가 경신&nbsp;&nbsp;산경투데이"
2026-02-16,엔비디아 평가에 '눈물'…SK하이닉스 살린 '뜻밖의 행운' 정체 [황정수의 반도체 이슈 짚어보기] - 한국경제,엔비디아 평가에 '눈물'…SK하이닉스 살린 '뜻밖의 행운' 정체 [황정수의 반도체 이슈 짚어보기]&nbsp;&nbsp;한국경제,HBM,2026-02,엔비디아 평가에 '눈물'…SK하이닉스 살린 '뜻밖의 행운' 정체 [황정수의 반도체 이슈 짚어보기] - 한국경제 엔비디아 평가에 '눈물'…SK하이닉스 살린 '뜻밖의 행운' 정체 [황정수의 반도체 이슈 짚어보기]&nbsp;&nbsp;한국경제
2026-02-13,'18만원' 고지 점령한 삼성전자…전문가 우려 쏟아진 이유 [종목+] - 한국경제,'18만원' 고지 점령한 삼성전자…전문가 우려 쏟아진 이유 [종목+]&nbsp;&nbsp;한국경제,HBM,2026-02,'18만원' 고지 점령한 삼성전자…전문가 우려 쏟아진 이유 [종목+] - 한국경제 '18만원' 고지 점령한 삼성전자…전문가 우려 쏟아진 이유 [종목+]&nbsp;&nbsp;한국경제
2026-02-28,"목표가 27만원 제시…삼성전자, 지금이 재평가 출발점 - 핀포인트뉴스","목표가 27만원 제시…삼성전자, 지금이 재평가 출발점&nbsp;&nbsp;핀포인트뉴스",HBM,2026-02,"목표가 27만원 제시…삼성전자, 지금이 재평가 출발점 - 핀포인트뉴스 목표가 27만원 제시…삼성전자, 지금이 재평가 출발점&nbsp;&nbsp;핀포인트뉴스"
2026-02-27,[마감시황] 증권주·HBM 관련주·두산 - 중앙이코노미뉴스,[마감시황] 증권주·HBM 관련주·두산&nbsp;&nbsp;중앙이코노미뉴스,HBM,2026-02,[마감시황] 증권주·HBM 관련주·두산 - 중앙이코노미뉴스 [마감시황] 증권주·HBM 관련주·두산&nbsp;&nbsp;중앙이코노미뉴스
2026-02-26,"""로봇 관련주 급등세"" 기아 목표가 '18만→24만원'…LG이노텍, 사업 확대 기대 [株토피아] - v.daum.net","""로봇 관련주 급등세"" 기아 목표가 '18만→24만원'…LG이노텍, 사업 확대 기대 [株토피아]&nbsp;&nbsp;v.daum.net",로봇,2026-02,"""로봇 관련주 급등세"" 기아 목표가 '18만→24만원'…LG이노텍, 사업 확대 기대 [株토피아] - v.daum.net ""로봇 관련주 급등세"" 기아 목표가 '18만→24만원'…LG이노텍, 사업 확대 기대 [株토피아]&nbsp;&nbsp;v.daum.net"
2026-02-10,휴림로봇 주가 변동성 확대...로봇 테마 단기 변화 주목 - CBC뉴스,휴림로봇 주가 변동성 확대...로봇 테마 단기 변화 주목&nbsp;&nbsp;CBC뉴스,로봇,2026-02,휴림로봇 주가 변동성 확대...로봇 테마 단기 변화 주목 - CBC뉴스 휴림로봇 주가 변동성 확대...로봇 테마 단기 변화 주목&nbsp;&nbsp;CBC뉴스
2026-02-10,"휴림로봇 최대주주, ‘로봇 테마’에 주가 급등하자 주식 매도 - 매일일보","휴림로봇 최대주주, ‘로봇 테마’에 주가 급등하자 주식 매도&nbsp;&nbsp;매일일보",로봇,2026-02,"휴림로봇 최대주주, ‘로봇 테마’에 주가 급등하자 주식 매도 - 매일일보 휴림로봇 최대주주, ‘로봇 테마’에 주가 급등하자 주식 매도&nbsp;&nbsp;매일일보"
2026-02-11,"“LG전자, AI 로봇 강화에 투자 가치 쑥”…목표가↑ - 매일경제","“LG전자, AI 로봇 강화에 투자 가치 쑥”…목표가↑&nbsp;&nbsp;매일경제",로봇,2026-02,"“LG전자, AI 로봇 강화에 투자 가치 쑥”…목표가↑ - 매일경제 “LG전자, AI 로봇 강화에 투자 가치 쑥”…목표가↑&nbsp;&nbsp;매일경제"
2026-02-12,"‘로봇’ 한마디에 시총 수조원 출렁… 전통 대기업의 변신인가, 테마 과열인가 - 조선일보","‘로봇’ 한마디에 시총 수조원 출렁… 전통 대기업의 변신인가, 테마 과열인가&nbsp;&nbsp;조선일보",로봇,2026-02,"‘로봇’ 한마디에 시총 수조원 출렁… 전통 대기업의 변신인가, 테마 과열인가 - 조선일보 ‘로봇’ 한마디에 시총 수조원 출렁… 전통 대기업의 변신인가, 테마 과열인가&nbsp;&nbsp;조선일보"
2026-02-10,[CEO랭킹뉴스 31] 2026년 증시 주도할 'TOP 5'…반도체·로봇 그리고 의외의 1위 - CEONEWS,[CEO랭킹뉴스 31] 2026년 증시 주도할 'TOP 5'…반도체·로봇 그리고 의외의 1위&nbsp;&nbsp;CEONEWS,로봇,2026-02,[CEO랭킹뉴스 31] 2026년 증시 주도할 'TOP 5'…반도체·로봇 그리고 의외의 1위 - CEONEWS [CEO랭킹뉴스 31] 2026년 증시 주도할 'TOP 5'…반도체·로봇 그리고 의외의 1위&nbsp;&nbsp;CEONEWS
2026-02-06,“주가조작 패가망신” 경고에도…로봇주 급등락 사태 뒷말 - 일요신문,“주가조작 패가망신” 경고에도…로봇주 급등락 사태 뒷말&nbsp;&nbsp;일요신문,로봇,2026-02,“주가조작 패가망신” 경고에도…로봇주 급등락 사태 뒷말 - 일요신문 “주가조작 패가망신” 경고에도…로봇주 급등락 사태 뒷말&nbsp;&nbsp;일요신문
2026-02-08,"산업용 로봇 수출 35% 뚝…""K로봇, 이제 증명의 시간"" - 한국경제","산업용 로봇 수출 35% 뚝…""K로봇, 이제 증명의 시간""&nbsp;&nbsp;한국경제",로봇,2026-02,"산업용 로봇 수출 35% 뚝…""K로봇, 이제 증명의 시간"" - 한국경제 산업용 로봇 수출 35% 뚝…""K로봇, 이제 증명의 시간""&nbsp;&nbsp;한국경제"
2026-02-23,AI 주식은 날아가는데…'나홀로 부진' 빠진 항셍테크지수 - 연합인포맥스,AI 주식은 날아가는데…'나홀로 부진' 빠진 항셍테크지수&nbsp;&nbsp;연합인포맥스,로봇,2026-02,AI 주식은 날아가는데…'나홀로 부진' 빠진 항셍테크지수 - 연합인포맥스 AI 주식은 날아가는데…'나홀로 부진' 빠진 항셍테크지수&nbsp;&nbsp;연합인포맥스
2026-02-19,"한화증권 ""현대차, 자율주행 모멘텀 가시화…목표가 65만원"" - 연합뉴스","한화증권 ""현대차, 자율주행 모멘텀 가시화…목표가 65만원""&nbsp;&nbsp;연합뉴스",로봇,2026-02,"한화증권 ""현대차, 자율주행 모멘텀 가시화…목표가 65만원"" - 연합뉴스 한화증권 ""현대차, 자율주행 모멘텀 가시화…목표가 65만원""&nbsp;&nbsp;연합뉴스"
2026-02-10,로봇 열풍에 123% 오른 휴림로봇… 대주주 연이은 매도에 ‘고점’ 우려 - 조선비즈 - Chosunbiz,로봇 열풍에 123% 오른 휴림로봇… 대주주 연이은 매도에 ‘고점’ 우려 - 조선비즈&nbsp;&nbsp;Chosunbiz,로봇,2026-02,로봇 열풍에 123% 오른 휴림로봇… 대주주 연이은 매도에 ‘고점’ 우려 - 조선비즈 - Chosunbiz 로봇 열풍에 123% 오른 휴림로봇… 대주주 연이은 매도에 ‘고점’ 우려 - 조선비즈&nbsp;&nbsp;Chosunbiz
2026-02-07,"휴림로봇, 최대주주 지분율 5%대로 하락…휴림홀딩스 일부 매도 - CBC뉴스","휴림로봇, 최대주주 지분율 5%대로 하락…휴림홀딩스 일부 매도&nbsp;&nbsp;CBC뉴스",로봇,2026-02,"휴림로봇, 최대주주 지분율 5%대로 하락…휴림홀딩스 일부 매도 - CBC뉴스 휴림로봇, 최대주주 지분율 5%대로 하락…휴림홀딩스 일부 매도&nbsp;&nbsp;CBC뉴스"
2026-02-20,로봇 바람 타고 2차전지株 질주…증권가 '방전' 경고 - 한국경제,로봇 바람 타고 2차전지株 질주…증권가 '방전' 경고&nbsp;&nbsp;한국경제,로봇,2026-02,로봇 바람 타고 2차전지株 질주…증권가 '방전' 경고 - 한국경제 로봇 바람 타고 2차전지株 질주…증권가 '방전' 경고&nbsp;&nbsp;한국경제
2026-02-11,"""현대차 로봇 기술, 테슬라 앞서...'피지컬 AI 투자' 유력한 대안될 것"" KB證 - v.daum.net","""현대차 로봇 기술, 테슬라 앞서...'피지컬 AI 투자' 유력한 대안될 것"" KB證&nbsp;&nbsp;v.daum.net",로봇,2026-02,"""현대차 로봇 기술, 테슬라 앞서...'피지컬 AI 투자' 유력한 대안될 것"" KB證 - v.daum.net ""현대차 로봇 기술, 테슬라 앞서...'피지컬 AI 투자' 유력한 대안될 것"" KB證&nbsp;&nbsp;v.daum.net"
2026-02-09,"휴림로봇, 지난주 대량보유 지분 변동 공시…9일 장중 주가 상승 흐름 - CBC뉴스","휴림로봇, 지난주 대량보유 지분 변동 공시…9일 장중 주가 상승 흐름&nbsp;&nbsp;CBC뉴스",로봇,2026-02,"휴림로봇, 지난주 대량보유 지분 변동 공시…9일 장중 주가 상승 흐름 - CBC뉴스 휴림로봇, 지난주 대량보유 지분 변동 공시…9일 장중 주가 상승 흐름&nbsp;&nbsp;CBC뉴스"
2026-02-05,中 로봇 기업들이 홍콩 거래소로 달려가는 이유 - 조선일보,中 로봇 기업들이 홍콩 거래소로 달려가는 이유&nbsp;&nbsp;조선일보,로봇,2026-02,中 로봇 기업들이 홍콩 거래소로 달려가는 이유 - 조선일보 中 로봇 기업들이 홍콩 거래소로 달려가는 이유&nbsp;&nbsp;조선일보
2026-02-21,'패낳괴' 다시 나타날까…'360조' 몰리더니 관심 폭발한 종목 [한경우의 케이스스터디] - 한국경제,'패낳괴' 다시 나타날까…'360조' 몰리더니 관심 폭발한 종목 [한경우의 케이스스터디]&nbsp;&nbsp;한국경제,로봇,2026-02,'패낳괴' 다시 나타날까…'360조' 몰리더니 관심 폭발한 종목 [한경우의 케이스스터디] - 한국경제 '패낳괴' 다시 나타날까…'360조' 몰리더니 관심 폭발한 종목 [한경우의 케이스스터디]&nbsp;&nbsp;한국경제
2026-02-13,"유진투자증권, IPO 재개 첫 딜부터 '부실 실사' 도마 - v.daum.net","유진투자증권, IPO 재개 첫 딜부터 '부실 실사' 도마&nbsp;&nbsp;v.daum.net",로봇,2026-02,"유진투자증권, IPO 재개 첫 딜부터 '부실 실사' 도마 - v.daum.net 유진투자증권, IPO 재개 첫 딜부터 '부실 실사' 도마&nbsp;&nbsp;v.daum.net"
2026-02-10,휴림로봇 1만3920원 거래 마감…기관 8거래일 연속 매수 속 대량보유 공시 변화 - CBC뉴스,휴림로봇 1만3920원 거래 마감…기관 8거래일 연속 매수 속 대량보유 공시 변화&nbsp;&nbsp;CBC뉴스,로봇,2026-02,휴림로봇 1만3920원 거래 마감…기관 8거래일 연속 매수 속 대량보유 공시 변화 - CBC뉴스 휴림로봇 1만3920원 거래 마감…기관 8거래일 연속 매수 속 대량보유 공시 변화&nbsp;&nbsp;CBC뉴스
2026-02-06,"휴림로봇, 투자위험 해제 후 ‘투자경고’ 지정… 24일 첫 해제 판단 - CBC뉴스","휴림로봇, 투자위험 해제 후 ‘투자경고’ 지정… 24일 첫 해제 판단&nbsp;&nbsp;CBC뉴스",로봇,2026-02,"휴림로봇, 투자위험 해제 후 ‘투자경고’ 지정… 24일 첫 해제 판단 - CBC뉴스 휴림로봇, 투자위험 해제 후 ‘투자경고’ 지정… 24일 첫 해제 판단&nbsp;&nbsp;CBC뉴스"
2026-02-20,"주요주주 휴림로봇, 파라텍 주식 전량 처분 - 네이트","주요주주 휴림로봇, 파라텍 주식 전량 처분&nbsp;&nbsp;네이트",로봇,2026-02,"주요주주 휴림로봇, 파라텍 주식 전량 처분 - 네이트 주요주주 휴림로봇, 파라텍 주식 전량 처분&nbsp;&nbsp;네이트"
2026-02-14,휴림로봇 최근 5거래일 14000원대 등락 - 톱스타뉴스,휴림로봇 최근 5거래일 14000원대 등락&nbsp;&nbsp;톱스타뉴스,로봇,2026-02,휴림로봇 최근 5거래일 14000원대 등락 - 톱스타뉴스 휴림로봇 최근 5거래일 14000원대 등락&nbsp;&nbsp;톱스타뉴스
2026-02-18,"현대무벡스, 설 이후 움직임 동향 주시...주가 영향 유의 - CBC뉴스","현대무벡스, 설 이후 움직임 동향 주시...주가 영향 유의&nbsp;&nbsp;CBC뉴스",로봇,2026-02,"현대무벡스, 설 이후 움직임 동향 주시...주가 영향 유의 - CBC뉴스 현대무벡스, 설 이후 움직임 동향 주시...주가 영향 유의&nbsp;&nbsp;CBC뉴스"
2026-02-02,"휴림로봇, 지수 급락 여파에 3% 넘게 하락…로봇주 전반 동반 약세 - CBC뉴스","휴림로봇, 지수 급락 여파에 3% 넘게 하락…로봇주 전반 동반 약세&nbsp;&nbsp;CBC뉴스",로봇,2026-02,"휴림로봇, 지수 급락 여파에 3% 넘게 하락…로봇주 전반 동반 약세 - CBC뉴스 휴림로봇, 지수 급락 여파에 3% 넘게 하락…로봇주 전반 동반 약세&nbsp;&nbsp;CBC뉴스"
2026-02-04,휴림로봇 유진로봇 레인보우로보틱스 고전...고영 두산로보틱스 장중 양봉 - CBC뉴스,휴림로봇 유진로봇 레인보우로보틱스 고전...고영 두산로보틱스 장중 양봉&nbsp;&nbsp;CBC뉴스,로봇,2026-02,휴림로봇 유진로봇 레인보우로보틱스 고전...고영 두산로보틱스 장중 양봉 - CBC뉴스 휴림로봇 유진로봇 레인보우로보틱스 고전...고영 두산로보틱스 장중 양봉&nbsp;&nbsp;CBC뉴스
2026-02-03,"휴림로봇, 최대주주 '헐값 매각' 논란...고점 엑시트 위한 '꽃놀이패' 인가 - 퍼블릭뉴스통신","휴림로봇, 최대주주 '헐값 매각' 논란...고점 엑시트 위한 '꽃놀이패' 인가&nbsp;&nbsp;퍼블릭뉴스통신",로봇,2026-02,"휴림로봇, 최대주주 '헐값 매각' 논란...고점 엑시트 위한 '꽃놀이패' 인가 - 퍼블릭뉴스통신 휴림로봇, 최대주주 '헐값 매각' 논란...고점 엑시트 위한 '꽃놀이패' 인가&nbsp;&nbsp;퍼블릭뉴스통신"
2026-02-10,휴림로봇 유진로봇 두산로보틱스 주가 흐름 엇갈려 로봇 관련주 장중 혼조세 - CBC뉴스,휴림로봇 유진로봇 두산로보틱스 주가 흐름 엇갈려 로봇 관련주 장중 혼조세&nbsp;&nbsp;CBC뉴스,로봇,2026-02,휴림로봇 유진로봇 두산로보틱스 주가 흐름 엇갈려 로봇 관련주 장중 혼조세 - CBC뉴스 휴림로봇 유진로봇 두산로보틱스 주가 흐름 엇갈려 로봇 관련주 장중 혼조세&nbsp;&nbsp;CBC뉴스
2026-02-10,"휴림로봇 주가, 2월 10일 장중 14,670원 5.39% 상승 - 톱스타뉴스","휴림로봇 주가, 2월 10일 장중 14,670원 5.39% 상승&nbsp;&nbsp;톱스타뉴스",로봇,2026-02,"휴림로봇 주가, 2월 10일 장중 14,670원 5.39% 상승 - 톱스타뉴스 휴림로봇 주가, 2월 10일 장중 14,670원 5.39% 상승&nbsp;&nbsp;톱스타뉴스"
2026-02-17,"""아틀라스 믿고 샀는데..."" 현대차, 외국인 5조 던지고 개미만 베팅 - 파이낸셜뉴스","""아틀라스 믿고 샀는데..."" 현대차, 외국인 5조 던지고 개미만 베팅&nbsp;&nbsp;파이낸셜뉴스",로봇,2026-02,"""아틀라스 믿고 샀는데..."" 현대차, 외국인 5조 던지고 개미만 베팅 - 파이낸셜뉴스 ""아틀라스 믿고 샀는데..."" 현대차, 외국인 5조 던지고 개미만 베팅&nbsp;&nbsp;파이낸셜뉴스"
2026-02-07,"원익홀딩스, 최대주주 변경 수반 주식담보 계약 정정…담보주식 550만주 감소, 로봇주 촉각 - CBC뉴스","원익홀딩스, 최대주주 변경 수반 주식담보 계약 정정…담보주식 550만주 감소, 로봇주 촉각&nbsp;&nbsp;CBC뉴스",로봇,2026-02,"원익홀딩스, 최대주주 변경 수반 주식담보 계약 정정…담보주식 550만주 감소, 로봇주 촉각 - CBC뉴스 원익홀딩스, 최대주주 변경 수반 주식담보 계약 정정…담보주식 550만주 감소, 로봇주 촉각&nbsp;&nbsp;CBC뉴스"
2026-02-04,로봇용 수요증가 기대감…2차전지株 급등 - 한국경제,로봇용 수요증가 기대감…2차전지株 급등&nbsp;&nbsp;한국경제,로봇,2026-02,로봇용 수요증가 기대감…2차전지株 급등 - 한국경제 로봇용 수요증가 기대감…2차전지株 급등&nbsp;&nbsp;한국경제
2026-02-01,"뉴로메카, 추가상장 공시 주가 소폭 하락…로봇산업 기대와 변수 교차 - CBC뉴스","뉴로메카, 추가상장 공시 주가 소폭 하락…로봇산업 기대와 변수 교차&nbsp;&nbsp;CBC뉴스",로봇,2026-02,"뉴로메카, 추가상장 공시 주가 소폭 하락…로봇산업 기대와 변수 교차 - CBC뉴스 뉴로메카, 추가상장 공시 주가 소폭 하락…로봇산업 기대와 변수 교차&nbsp;&nbsp;CBC뉴스"
2026-02-24,"""사람 대신 로봇이 척척""…현대무벡스, AI 물류로 매출 6000억 '정조준' - 핀포인트뉴스","""사람 대신 로봇이 척척""…현대무벡스, AI 물류로 매출 6000억 '정조준'&nbsp;&nbsp;핀포인트뉴스",로봇,2026-02,"""사람 대신 로봇이 척척""…현대무벡스, AI 물류로 매출 6000억 '정조준' - 핀포인트뉴스 ""사람 대신 로봇이 척척""…현대무벡스, AI 물류로 매출 6000억 '정조준'&nbsp;&nbsp;핀포인트뉴스"
2026-02-07,"사실상 지배주주 휴림홀딩스, 휴림로봇 주식 161만6812주 매도 - 네이트","사실상 지배주주 휴림홀딩스, 휴림로봇 주식 161만6812주 매도&nbsp;&nbsp;네이트",로봇,2026-02,"사실상 지배주주 휴림홀딩스, 휴림로봇 주식 161만6812주 매도 - 네이트 사실상 지배주주 휴림홀딩스, 휴림로봇 주식 161만6812주 매도&nbsp;&nbsp;네이트"
2026-02-12,로봇과 돈키호테: 아틀라스의 ‘거대한 수레’에 희망을 - 슬로우뉴스,로봇과 돈키호테: 아틀라스의 ‘거대한 수레’에 희망을&nbsp;&nbsp;슬로우뉴스,로봇,2026-02,로봇과 돈키호테: 아틀라스의 ‘거대한 수레’에 희망을 - 슬로우뉴스 로봇과 돈키호테: 아틀라스의 ‘거대한 수레’에 희망을&nbsp;&nbsp;슬로우뉴스
2026-02-10,보스턴다이내믹스 나스닥으로…‘중복상장’ 딛고 정의선 승계 시동 - ESG경제,보스턴다이내믹스 나스닥으로…‘중복상장’ 딛고 정의선 승계 시동&nbsp;&nbsp;ESG경제,로봇,2026-02,보스턴다이내믹스 나스닥으로…‘중복상장’ 딛고 정의선 승계 시동 - ESG경제 보스턴다이내믹스 나스닥으로…‘중복상장’ 딛고 정의선 승계 시동&nbsp;&nbsp;ESG경제
2026-02-10,"유진로봇 주가, 2월 10일 장중 44,150원 17.57% 상승 - 중앙이코노미뉴스","유진로봇 주가, 2월 10일 장중 44,150원 17.57% 상승&nbsp;&nbsp;중앙이코노미뉴스",로봇,2026-02,"유진로봇 주가, 2월 10일 장중 44,150원 17.57% 상승 - 중앙이코노미뉴스 유진로봇 주가, 2월 10일 장중 44,150원 17.57% 상승&nbsp;&nbsp;중앙이코노미뉴스"
2026-02-11,"휴림로봇 주가, 2월 11일 장중 14,400원 1.84% 하락 - 중앙이코노미뉴스","휴림로봇 주가, 2월 11일 장중 14,400원 1.84% 하락&nbsp;&nbsp;중앙이코노미뉴스",로봇,2026-02,"휴림로봇 주가, 2월 11일 장중 14,400원 1.84% 하락 - 중앙이코노미뉴스 휴림로봇 주가, 2월 11일 장중 14,400원 1.84% 하락&nbsp;&nbsp;중앙이코노미뉴스"
2026-02-22,유진로봇 최근 5거래일 주가 4만원 이탈 3만원대 안착 - 중앙이코노미뉴스,유진로봇 최근 5거래일 주가 4만원 이탈 3만원대 안착&nbsp;&nbsp;중앙이코노미뉴스,로봇,2026-02,유진로봇 최근 5거래일 주가 4만원 이탈 3만원대 안착 - 중앙이코노미뉴스 유진로봇 최근 5거래일 주가 4만원 이탈 3만원대 안착&nbsp;&nbsp;중앙이코노미뉴스
2026-02-06,"유진로봇 주가, 2월 6일 장중 32,600원 9.21% 상승 - 중앙이코노미뉴스","유진로봇 주가, 2월 6일 장중 32,600원 9.21% 상승&nbsp;&nbsp;중앙이코노미뉴스",로봇,2026-02,"유진로봇 주가, 2월 6일 장중 32,600원 9.21% 상승 - 중앙이코노미뉴스 유진로봇 주가, 2월 6일 장중 32,600원 9.21% 상승&nbsp;&nbsp;중앙이코노미뉴스"
2026-02-24,"KB증권 ""대한조선, 올해 수주 호조 지속…목표가↑"" - 연합뉴스","KB증권 ""대한조선, 올해 수주 호조 지속…목표가↑""&nbsp;&nbsp;연합뉴스",조선,2026-02,"KB증권 ""대한조선, 올해 수주 호조 지속…목표가↑"" - 연합뉴스 KB증권 ""대한조선, 올해 수주 호조 지속…목표가↑""&nbsp;&nbsp;연합뉴스"
2026-02-05,"""5년 후 내 돈 10배로 불려줄 미국 주식 5개는..."" - 조선일보","""5년 후 내 돈 10배로 불려줄 미국 주식 5개는...""&nbsp;&nbsp;조선일보",조선,2026-02,"""5년 후 내 돈 10배로 불려줄 미국 주식 5개는..."" - 조선일보 ""5년 후 내 돈 10배로 불려줄 미국 주식 5개는...""&nbsp;&nbsp;조선일보"
2026-02-02,"아주스틸·대한조선·노타·에임드바이오, 보호예수 물량 해제 - v.daum.net","아주스틸·대한조선·노타·에임드바이오, 보호예수 물량 해제&nbsp;&nbsp;v.daum.net",조선,2026-02,"아주스틸·대한조선·노타·에임드바이오, 보호예수 물량 해제 - v.daum.net 아주스틸·대한조선·노타·에임드바이오, 보호예수 물량 해제&nbsp;&nbsp;v.daum.net"
2026-02-06,[특징주] HD현대ㆍ한화오션 등 조선주 이틀째 급락…美 증시 조정에 ‘휘청’ - 이투데이,[특징주] HD현대ㆍ한화오션 등 조선주 이틀째 급락…美 증시 조정에 ‘휘청’&nbsp;&nbsp;이투데이,조선,2026-02,[특징주] HD현대ㆍ한화오션 등 조선주 이틀째 급락…美 증시 조정에 ‘휘청’ - 이투데이 [특징주] HD현대ㆍ한화오션 등 조선주 이틀째 급락…美 증시 조정에 ‘휘청’&nbsp;&nbsp;이투데이
2026-02-09,"DS투자 ""대한조선, 평균 선가 상승 기대""…목표가↑ - 연합뉴스","DS투자 ""대한조선, 평균 선가 상승 기대""…목표가↑&nbsp;&nbsp;연합뉴스",조선,2026-02,"DS투자 ""대한조선, 평균 선가 상승 기대""…목표가↑ - 연합뉴스 DS투자 ""대한조선, 평균 선가 상승 기대""…목표가↑&nbsp;&nbsp;연합뉴스"
2026-02-02,언제까지 엔비디아만? 1등 제칠 슈퍼 2등 주식 - 조선일보,언제까지 엔비디아만? 1등 제칠 슈퍼 2등 주식&nbsp;&nbsp;조선일보,조선,2026-02,언제까지 엔비디아만? 1등 제칠 슈퍼 2등 주식 - 조선일보 언제까지 엔비디아만? 1등 제칠 슈퍼 2등 주식&nbsp;&nbsp;조선일보
2026-02-27,"[단독] 李대통령, 분당 아파트 29억원에 내놨다... “부동산보다 주식 투자가 이득” - v.daum.net","[단독] 李대통령, 분당 아파트 29억원에 내놨다... “부동산보다 주식 투자가 이득”&nbsp;&nbsp;v.daum.net",조선,2026-02,"[단독] 李대통령, 분당 아파트 29억원에 내놨다... “부동산보다 주식 투자가 이득” - v.daum.net [단독] 李대통령, 분당 아파트 29억원에 내놨다... “부동산보다 주식 투자가 이득”&nbsp;&nbsp;v.daum.net"
2026-02-13,"""잠깐 내린 지금이 기회, 올해 내 돈 불려줄 주식 2개"" - 조선일보","""잠깐 내린 지금이 기회, 올해 내 돈 불려줄 주식 2개""&nbsp;&nbsp;조선일보",조선,2026-02,"""잠깐 내린 지금이 기회, 올해 내 돈 불려줄 주식 2개"" - 조선일보 ""잠깐 내린 지금이 기회, 올해 내 돈 불려줄 주식 2개""&nbsp;&nbsp;조선일보"
2026-02-10,[코스피·코스닥 전 거래일(9일) 주요공시] - 연합뉴스,[코스피·코스닥 전 거래일(9일) 주요공시]&nbsp;&nbsp;연합뉴스,조선,2026-02,[코스피·코스닥 전 거래일(9일) 주요공시] - 연합뉴스 [코스피·코스닥 전 거래일(9일) 주요공시]&nbsp;&nbsp;연합뉴스
2026-02-06,‘폭등→폭락→폭등’ 롤러코스터 증시 뒤에는 스마트해진 개인이 있다 - 조선일보,‘폭등→폭락→폭등’ 롤러코스터 증시 뒤에는 스마트해진 개인이 있다&nbsp;&nbsp;조선일보,조선,2026-02,‘폭등→폭락→폭등’ 롤러코스터 증시 뒤에는 스마트해진 개인이 있다 - 조선일보 ‘폭등→폭락→폭등’ 롤러코스터 증시 뒤에는 스마트해진 개인이 있다&nbsp;&nbsp;조선일보
2026-02-24,"""영업익 191% 급증"" SK하이닉스 목표가 145만원… ""대한조선, 가장 싼 조선주"" [株토피아] - v.daum.net","""영업익 191% 급증"" SK하이닉스 목표가 145만원… ""대한조선, 가장 싼 조선주"" [株토피아]&nbsp;&nbsp;v.daum.net",조선,2026-02,"""영업익 191% 급증"" SK하이닉스 목표가 145만원… ""대한조선, 가장 싼 조선주"" [株토피아] - v.daum.net ""영업익 191% 급증"" SK하이닉스 목표가 145만원… ""대한조선, 가장 싼 조선주"" [株토피아]&nbsp;&nbsp;v.daum.net"
2026-02-12,[주식 매매 상위 종목 및 환율] 2026년 2월 11일자 - 조선일보,[주식 매매 상위 종목 및 환율] 2026년 2월 11일자&nbsp;&nbsp;조선일보,조선,2026-02,[주식 매매 상위 종목 및 환율] 2026년 2월 11일자 - 조선일보 [주식 매매 상위 종목 및 환율] 2026년 2월 11일자&nbsp;&nbsp;조선일보
2026-02-24,6000선 턱밑까지 온 코스피… 그 뒤엔 149조 ‘하락 베팅’ 그림자 - 조선일보,6000선 턱밑까지 온 코스피… 그 뒤엔 149조 ‘하락 베팅’ 그림자&nbsp;&nbsp;조선일보,조선,2026-02,6000선 턱밑까지 온 코스피… 그 뒤엔 149조 ‘하락 베팅’ 그림자 - 조선일보 6000선 턱밑까지 온 코스피… 그 뒤엔 149조 ‘하락 베팅’ 그림자&nbsp;&nbsp;조선일보
2026-02-05,"[특징주] 카카오뱅크, ‘역대급 실적’에 이틀 연속 강세 - 조선비즈 - Chosunbiz","[특징주] 카카오뱅크, ‘역대급 실적’에 이틀 연속 강세 - 조선비즈&nbsp;&nbsp;Chosunbiz",조선,2026-02,"[특징주] 카카오뱅크, ‘역대급 실적’에 이틀 연속 강세 - 조선비즈 - Chosunbiz [특징주] 카카오뱅크, ‘역대급 실적’에 이틀 연속 강세 - 조선비즈&nbsp;&nbsp;Chosunbiz"
2026-02-02,[특징주] 美발 삭풍에 삼성전자·SK하이닉스도 하락세 - 조선비즈 - Chosunbiz,[특징주] 美발 삭풍에 삼성전자·SK하이닉스도 하락세 - 조선비즈&nbsp;&nbsp;Chosunbiz,조선,2026-02,[특징주] 美발 삭풍에 삼성전자·SK하이닉스도 하락세 - 조선비즈 - Chosunbiz [특징주] 美발 삭풍에 삼성전자·SK하이닉스도 하락세 - 조선비즈&nbsp;&nbsp;Chosunbiz
2026-02-03,"의사 출신 투자 고수 ""삼성전자 잇는 국장 차세대 주식은 이것"" - 조선일보","의사 출신 투자 고수 ""삼성전자 잇는 국장 차세대 주식은 이것""&nbsp;&nbsp;조선일보",조선,2026-02,"의사 출신 투자 고수 ""삼성전자 잇는 국장 차세대 주식은 이것"" - 조선일보 의사 출신 투자 고수 ""삼성전자 잇는 국장 차세대 주식은 이것""&nbsp;&nbsp;조선일보"
2026-02-05,"웨이커, 한국투자증권에 나스닥 토탈뷰 서비스 제공 - 조선비즈 - Chosunbiz","웨이커, 한국투자증권에 나스닥 토탈뷰 서비스 제공 - 조선비즈&nbsp;&nbsp;Chosunbiz",조선,2026-02,"웨이커, 한국투자증권에 나스닥 토탈뷰 서비스 제공 - 조선비즈 - Chosunbiz 웨이커, 한국투자증권에 나스닥 토탈뷰 서비스 제공 - 조선비즈&nbsp;&nbsp;Chosunbiz"
2026-02-12,[특징주] ‘17만전자’ 등극했다…삼성전자 2%대 강세 - 조선비즈 - Chosunbiz,[특징주] ‘17만전자’ 등극했다…삼성전자 2%대 강세 - 조선비즈&nbsp;&nbsp;Chosunbiz,조선,2026-02,[특징주] ‘17만전자’ 등극했다…삼성전자 2%대 강세 - 조선비즈 - Chosunbiz [특징주] ‘17만전자’ 등극했다…삼성전자 2%대 강세 - 조선비즈&nbsp;&nbsp;Chosunbiz
2026-02-26,"""떨어지면 사야지"" 했던 당신, 주식으로 평생 돈 못 버는 이유 - 조선일보","""떨어지면 사야지"" 했던 당신, 주식으로 평생 돈 못 버는 이유&nbsp;&nbsp;조선일보",조선,2026-02,"""떨어지면 사야지"" 했던 당신, 주식으로 평생 돈 못 버는 이유 - 조선일보 ""떨어지면 사야지"" 했던 당신, 주식으로 평생 돈 못 버는 이유&nbsp;&nbsp;조선일보"
2026-02-13,정부 눈치보느라…증권가 “설날에도 미장 영업” 마케팅 사라졌다 - 조선비즈 - Chosunbiz,정부 눈치보느라…증권가 “설날에도 미장 영업” 마케팅 사라졌다 - 조선비즈&nbsp;&nbsp;Chosunbiz,조선,2026-02,정부 눈치보느라…증권가 “설날에도 미장 영업” 마케팅 사라졌다 - 조선비즈 - Chosunbiz 정부 눈치보느라…증권가 “설날에도 미장 영업” 마케팅 사라졌다 - 조선비즈&nbsp;&nbsp;Chosunbiz
2026-02-13,[특징주] 장 열리자마자 ‘18만전자’…2%대 상승 - 조선비즈 - Chosunbiz,[특징주] 장 열리자마자 ‘18만전자’…2%대 상승 - 조선비즈&nbsp;&nbsp;Chosunbiz,조선,2026-02,[특징주] 장 열리자마자 ‘18만전자’…2%대 상승 - 조선비즈 - Chosunbiz [특징주] 장 열리자마자 ‘18만전자’…2%대 상승 - 조선비즈&nbsp;&nbsp;Chosunbiz
2026-02-27,국내 주식 수익률 82%에 국민연금 작년 231조원 수익 잭팟 - 조선일보,국내 주식 수익률 82%에 국민연금 작년 231조원 수익 잭팟&nbsp;&nbsp;조선일보,조선,2026-02,국내 주식 수익률 82%에 국민연금 작년 231조원 수익 잭팟 - 조선일보 국내 주식 수익률 82%에 국민연금 작년 231조원 수익 잭팟&nbsp;&nbsp;조선일보
2026-02-24,"에이프로젠, 93% 무상감자에도 상한가… ‘동전주 탈출’ 기대감 부각 - 조선비즈 - Chosunbiz","에이프로젠, 93% 무상감자에도 상한가… ‘동전주 탈출’ 기대감 부각 - 조선비즈&nbsp;&nbsp;Chosunbiz",조선,2026-02,"에이프로젠, 93% 무상감자에도 상한가… ‘동전주 탈출’ 기대감 부각 - 조선비즈 - Chosunbiz 에이프로젠, 93% 무상감자에도 상한가… ‘동전주 탈출’ 기대감 부각 - 조선비즈&nbsp;&nbsp;Chosunbiz"
2026-02-04,"‘美 경제 실세’의 쿠팡 사랑, 왜? - 월간조선","‘美 경제 실세’의 쿠팡 사랑, 왜?&nbsp;&nbsp;월간조선",조선,2026-02,"‘美 경제 실세’의 쿠팡 사랑, 왜? - 월간조선 ‘美 경제 실세’의 쿠팡 사랑, 왜?&nbsp;&nbsp;월간조선"
2026-02-13,"NH證 “대신증권, 자사주 소각 선제적 대응…목표가↑” - 조선비즈 - Chosunbiz","NH證 “대신증권, 자사주 소각 선제적 대응…목표가↑” - 조선비즈&nbsp;&nbsp;Chosunbiz",조선,2026-02,"NH證 “대신증권, 자사주 소각 선제적 대응…목표가↑” - 조선비즈 - Chosunbiz NH證 “대신증권, 자사주 소각 선제적 대응…목표가↑” - 조선비즈&nbsp;&nbsp;Chosunbiz"
2026-02-12,"방시혁, 하이브 주식 71만 주 증여…2700억원 규모 - 조선비즈 - Chosunbiz","방시혁, 하이브 주식 71만 주 증여…2700억원 규모 - 조선비즈&nbsp;&nbsp;Chosunbiz",조선,2026-02,"방시혁, 하이브 주식 71만 주 증여…2700억원 규모 - 조선비즈 - Chosunbiz 방시혁, 하이브 주식 71만 주 증여…2700억원 규모 - 조선비즈&nbsp;&nbsp;Chosunbiz"
2026-02-18,‘오마하의 현인’ 워런 버핏의 마지막 투자는 뉴욕타임스 주식 - 조선일보,‘오마하의 현인’ 워런 버핏의 마지막 투자는 뉴욕타임스 주식&nbsp;&nbsp;조선일보,조선,2026-02,‘오마하의 현인’ 워런 버핏의 마지막 투자는 뉴욕타임스 주식 - 조선일보 ‘오마하의 현인’ 워런 버핏의 마지막 투자는 뉴욕타임스 주식&nbsp;&nbsp;조선일보
2026-02-15,대학생들 생활비 대출까지 영끌해 코인·주식 투자…대출 연체액은 4년새 2배 - 네이트,대학생들 생활비 대출까지 영끌해 코인·주식 투자…대출 연체액은 4년새 2배&nbsp;&nbsp;네이트,조선,2026-02,대학생들 생활비 대출까지 영끌해 코인·주식 투자…대출 연체액은 4년새 2배 - 네이트 대학생들 생활비 대출까지 영끌해 코인·주식 투자…대출 연체액은 4년새 2배&nbsp;&nbsp;네이트
2026-02-24,[특징주] “너무 올랐나”…올해 90% 급등한 증권株 ‘급락’ - 조선비즈 - ZUM 뉴스,[특징주] “너무 올랐나”…올해 90% 급등한 증권株 ‘급락’ - 조선비즈&nbsp;&nbsp;ZUM 뉴스,조선,2026-02,[특징주] “너무 올랐나”…올해 90% 급등한 증권株 ‘급락’ - 조선비즈 - ZUM 뉴스 [특징주] “너무 올랐나”…올해 90% 급등한 증권株 ‘급락’ - 조선비즈&nbsp;&nbsp;ZUM 뉴스
2026-02-24,中증시 활황에 '투자 대기자금' 증가…은행예금 증가세는 둔화 - 연합뉴스,中증시 활황에 '투자 대기자금' 증가…은행예금 증가세는 둔화&nbsp;&nbsp;연합뉴스,은행,2026-02,中증시 활황에 '투자 대기자금' 증가…은행예금 증가세는 둔화 - 연합뉴스 中증시 활황에 '투자 대기자금' 증가…은행예금 증가세는 둔화&nbsp;&nbsp;연합뉴스
2026-02-11,주식을 안 해서 행복한 요즘입니다 - 오마이뉴스,주식을 안 해서 행복한 요즘입니다&nbsp;&nbsp;오마이뉴스,은행,2026-02,주식을 안 해서 행복한 요즘입니다 - 오마이뉴스 주식을 안 해서 행복한 요즘입니다&nbsp;&nbsp;오마이뉴스
2026-02-25,"""적금 대신 주식""… 꿈의 '육천피' 시대, IMF 때보다 더 줄어든 정기예금 [수민이가 궁금해요] - v.daum.net","""적금 대신 주식""… 꿈의 '육천피' 시대, IMF 때보다 더 줄어든 정기예금 [수민이가 궁금해요]&nbsp;&nbsp;v.daum.net",은행,2026-02,"""적금 대신 주식""… 꿈의 '육천피' 시대, IMF 때보다 더 줄어든 정기예금 [수민이가 궁금해요] - v.daum.net ""적금 대신 주식""… 꿈의 '육천피' 시대, IMF 때보다 더 줄어든 정기예금 [수민이가 궁금해요]&nbsp;&nbsp;v.daum.net"
2026-02-12,"""은행보다 돈 잘 번다""…사상 최대 실적 올리며 '승승장구' [종목+] - 한국경제","""은행보다 돈 잘 번다""…사상 최대 실적 올리며 '승승장구' [종목+]&nbsp;&nbsp;한국경제",은행,2026-02,"""은행보다 돈 잘 번다""…사상 최대 실적 올리며 '승승장구' [종목+] - 한국경제 ""은행보다 돈 잘 번다""…사상 최대 실적 올리며 '승승장구' [종목+]&nbsp;&nbsp;한국경제"
2026-02-03,은행은 국채·미래에셋은 스페이스X…자산의 '질'이 시총 갈랐다 - 연합인포맥스,은행은 국채·미래에셋은 스페이스X…자산의 '질'이 시총 갈랐다&nbsp;&nbsp;연합인포맥스,은행,2026-02,은행은 국채·미래에셋은 스페이스X…자산의 '질'이 시총 갈랐다 - 연합인포맥스 은행은 국채·미래에셋은 스페이스X…자산의 '질'이 시총 갈랐다&nbsp;&nbsp;연합인포맥스
2026-02-22,은행→증시 '머니무브' 가속화…'칠천피' 원동력 될까 - nocutnews.co.kr,은행→증시 '머니무브' 가속화…'칠천피' 원동력 될까&nbsp;&nbsp;nocutnews.co.kr,은행,2026-02,은행→증시 '머니무브' 가속화…'칠천피' 원동력 될까 - nocutnews.co.kr 은행→증시 '머니무브' 가속화…'칠천피' 원동력 될까&nbsp;&nbsp;nocutnews.co.kr
2026-02-28,UBS 미증시 투자 등급 하향…이래도 미증시 고집하실래요 - 뉴스1,UBS 미증시 투자 등급 하향…이래도 미증시 고집하실래요&nbsp;&nbsp;뉴스1,은행,2026-02,UBS 미증시 투자 등급 하향…이래도 미증시 고집하실래요 - 뉴스1 UBS 미증시 투자 등급 하향…이래도 미증시 고집하실래요&nbsp;&nbsp;뉴스1
2026-02-09,증권 호황에 가려진 카드·보험 부진…4대 금융 깊어진 '비은행' 고민 - 오피니언뉴스,증권 호황에 가려진 카드·보험 부진…4대 금융 깊어진 '비은행' 고민&nbsp;&nbsp;오피니언뉴스,은행,2026-02,증권 호황에 가려진 카드·보험 부진…4대 금융 깊어진 '비은행' 고민 - 오피니언뉴스 증권 호황에 가려진 카드·보험 부진…4대 금융 깊어진 '비은행' 고민&nbsp;&nbsp;오피니언뉴스
2026-02-08,"국민연금, 고환율 속 해외주식 확대…외환당국과 엇박자 - 진일보","국민연금, 고환율 속 해외주식 확대…외환당국과 엇박자&nbsp;&nbsp;진일보",은행,2026-02,"국민연금, 고환율 속 해외주식 확대…외환당국과 엇박자 - 진일보 국민연금, 고환율 속 해외주식 확대…외환당국과 엇박자&nbsp;&nbsp;진일보"
2026-02-23,"한은 ""코스피 변동성 확대 가능성 유의…수도권 집값 불안 여전"" - 연합뉴스","한은 ""코스피 변동성 확대 가능성 유의…수도권 집값 불안 여전""&nbsp;&nbsp;연합뉴스",은행,2026-02,"한은 ""코스피 변동성 확대 가능성 유의…수도권 집값 불안 여전"" - 연합뉴스 한은 ""코스피 변동성 확대 가능성 유의…수도권 집값 불안 여전""&nbsp;&nbsp;연합뉴스"
2026-02-20,"“여보, 우리 이제 그만할까”…역대급 주식 열풍에 ‘안절부절’ 직장인들 왜? - v.daum.net","“여보, 우리 이제 그만할까”…역대급 주식 열풍에 ‘안절부절’ 직장인들 왜?&nbsp;&nbsp;v.daum.net",은행,2026-02,"“여보, 우리 이제 그만할까”…역대급 주식 열풍에 ‘안절부절’ 직장인들 왜? - v.daum.net “여보, 우리 이제 그만할까”…역대급 주식 열풍에 ‘안절부절’ 직장인들 왜?&nbsp;&nbsp;v.daum.net"
2026-02-25,"유령주식 183억어치 무차입 공매도 한 투자은행, 법정서 혐의 부인 - 뉴스1","유령주식 183억어치 무차입 공매도 한 투자은행, 법정서 혐의 부인&nbsp;&nbsp;뉴스1",은행,2026-02,"유령주식 183억어치 무차입 공매도 한 투자은행, 법정서 혐의 부인 - 뉴스1 유령주식 183억어치 무차입 공매도 한 투자은행, 법정서 혐의 부인&nbsp;&nbsp;뉴스1"
2026-02-23,"저축은행, 중견기업까지 대출영업 확대…주식보유 한도도 완화 - 연합뉴스","저축은행, 중견기업까지 대출영업 확대…주식보유 한도도 완화&nbsp;&nbsp;연합뉴스",은행,2026-02,"저축은행, 중견기업까지 대출영업 확대…주식보유 한도도 완화 - 연합뉴스 저축은행, 중견기업까지 대출영업 확대…주식보유 한도도 완화&nbsp;&nbsp;연합뉴스"
2026-02-01,"김용범 ""재테크 주식 선호 1위, 우연 아냐…패러다임 바뀌었다"" - 연합뉴스","김용범 ""재테크 주식 선호 1위, 우연 아냐…패러다임 바뀌었다""&nbsp;&nbsp;연합뉴스",은행,2026-02,"김용범 ""재테크 주식 선호 1위, 우연 아냐…패러다임 바뀌었다"" - 연합뉴스 김용범 ""재테크 주식 선호 1위, 우연 아냐…패러다임 바뀌었다""&nbsp;&nbsp;연합뉴스"
2026-02-23,저축銀 주식투자 한도 푼다… 자산 5조 넘으면 은행급 규제 - v.daum.net,저축銀 주식투자 한도 푼다… 자산 5조 넘으면 은행급 규제&nbsp;&nbsp;v.daum.net,은행,2026-02,저축銀 주식투자 한도 푼다… 자산 5조 넘으면 은행급 규제 - v.daum.net 저축銀 주식투자 한도 푼다… 자산 5조 넘으면 은행급 규제&nbsp;&nbsp;v.daum.net
2026-02-26,"증권가 ""기준금리 동결 장기화 예상…인상 우려 완화"" - 연합뉴스","증권가 ""기준금리 동결 장기화 예상…인상 우려 완화""&nbsp;&nbsp;연합뉴스",은행,2026-02,"증권가 ""기준금리 동결 장기화 예상…인상 우려 완화"" - 연합뉴스 증권가 ""기준금리 동결 장기화 예상…인상 우려 완화""&nbsp;&nbsp;연합뉴스"
2026-02-12,역대급 불장에 10대 증권사 실적 껑충…순이익 전년 대비 43%↑ - 연합뉴스,역대급 불장에 10대 증권사 실적 껑충…순이익 전년 대비 43%↑&nbsp;&nbsp;연합뉴스,은행,2026-02,역대급 불장에 10대 증권사 실적 껑충…순이익 전년 대비 43%↑ - 연합뉴스 역대급 불장에 10대 증권사 실적 껑충…순이익 전년 대비 43%↑&nbsp;&nbsp;연합뉴스
2026-02-18,5대은행 신용대출 최저금리 14개월만에 4%대로↑…'빚투'족 부담 - 연합뉴스,5대은행 신용대출 최저금리 14개월만에 4%대로↑…'빚투'족 부담&nbsp;&nbsp;연합뉴스,은행,2026-02,5대은행 신용대출 최저금리 14개월만에 4%대로↑…'빚투'족 부담 - 연합뉴스 5대은행 신용대출 최저금리 14개월만에 4%대로↑…'빚투'족 부담&nbsp;&nbsp;연합뉴스
2026-02-06,IREN 주식 뉴스: 실적 부진 후 월가의 의견은 여전히 엇갈려 - CoinDesk,IREN 주식 뉴스: 실적 부진 후 월가의 의견은 여전히 엇갈려&nbsp;&nbsp;CoinDesk,은행,2026-02,IREN 주식 뉴스: 실적 부진 후 월가의 의견은 여전히 엇갈려 - CoinDesk IREN 주식 뉴스: 실적 부진 후 월가의 의견은 여전히 엇갈려&nbsp;&nbsp;CoinDesk
2026-02-02,저축은행들 대출 막히자 투자로 선회…주식 투자 규모 최대 - 매일일보,저축은행들 대출 막히자 투자로 선회…주식 투자 규모 최대&nbsp;&nbsp;매일일보,은행,2026-02,저축은행들 대출 막히자 투자로 선회…주식 투자 규모 최대 - 매일일보 저축은행들 대출 막히자 투자로 선회…주식 투자 규모 최대&nbsp;&nbsp;매일일보
2026-02-06,"코인베이스(COIN) 주식 뉴스: 씨티, 큰 하락 후 목표가 하향 조정 - CoinDesk","코인베이스(COIN) 주식 뉴스: 씨티, 큰 하락 후 목표가 하향 조정&nbsp;&nbsp;CoinDesk",은행,2026-02,"코인베이스(COIN) 주식 뉴스: 씨티, 큰 하락 후 목표가 하향 조정 - CoinDesk 코인베이스(COIN) 주식 뉴스: 씨티, 큰 하락 후 목표가 하향 조정&nbsp;&nbsp;CoinDesk"
2026-02-06,"해외주식, 연금보다 개인이 더 샀다…한은 ""경상흑자 대부분, 투자로 유출"" - 한국경제","해외주식, 연금보다 개인이 더 샀다…한은 ""경상흑자 대부분, 투자로 유출""&nbsp;&nbsp;한국경제",은행,2026-02,"해외주식, 연금보다 개인이 더 샀다…한은 ""경상흑자 대부분, 투자로 유출"" - 한국경제 해외주식, 연금보다 개인이 더 샀다…한은 ""경상흑자 대부분, 투자로 유출""&nbsp;&nbsp;한국경제"
2026-02-26,"고소득자 빚 탕감 논란에… 신용회복위, 채무자 은행·주식 정보 일괄 조회 - 조선비즈 - Chosunbiz","고소득자 빚 탕감 논란에… 신용회복위, 채무자 은행·주식 정보 일괄 조회 - 조선비즈&nbsp;&nbsp;Chosunbiz",은행,2026-02,"고소득자 빚 탕감 논란에… 신용회복위, 채무자 은행·주식 정보 일괄 조회 - 조선비즈 - Chosunbiz 고소득자 빚 탕감 논란에… 신용회복위, 채무자 은행·주식 정보 일괄 조회 - 조선비즈&nbsp;&nbsp;Chosunbiz"
2026-02-18,은행권 신용대출 금리 하단 14개월 만에 4%대…‘주식 빚투’ 어쩌나 - 한겨레,은행권 신용대출 금리 하단 14개월 만에 4%대…‘주식 빚투’ 어쩌나&nbsp;&nbsp;한겨레,은행,2026-02,은행권 신용대출 금리 하단 14개월 만에 4%대…‘주식 빚투’ 어쩌나 - 한겨레 은행권 신용대출 금리 하단 14개월 만에 4%대…‘주식 빚투’ 어쩌나&nbsp;&nbsp;한겨레
2026-02-03,[인사] 우리투자증권 - 뉴스톱,[인사] 우리투자증권&nbsp;&nbsp;뉴스톱,은행,2026-02,[인사] 우리투자증권 - 뉴스톱 [인사] 우리투자증권&nbsp;&nbsp;뉴스톱
2026-02-08,"시가총액,한국 증시 시총, 세계 8위… 독일 이어 대만도 제쳤다 - 조선일보","시가총액,한국 증시 시총, 세계 8위… 독일 이어 대만도 제쳤다&nbsp;&nbsp;조선일보",은행,2026-02,"시가총액,한국 증시 시총, 세계 8위… 독일 이어 대만도 제쳤다 - 조선일보 시가총액,한국 증시 시총, 세계 8위… 독일 이어 대만도 제쳤다&nbsp;&nbsp;조선일보"
2026-02-24,약달러 무색…위험회피·美 주식 매수에 환율 1442원대 상승 (종합) - 뉴스1,약달러 무색…위험회피·美 주식 매수에 환율 1442원대 상승 (종합)&nbsp;&nbsp;뉴스1,은행,2026-02,약달러 무색…위험회피·美 주식 매수에 환율 1442원대 상승 (종합) - 뉴스1 약달러 무색…위험회피·美 주식 매수에 환율 1442원대 상승 (종합)&nbsp;&nbsp;뉴스1
2026-02-01,1월 보너스도 증시에 몰렸다…은행권 '대기 자금' 2년 내 최대 폭 감소 - 박스뉴스,1월 보너스도 증시에 몰렸다…은행권 '대기 자금' 2년 내 최대 폭 감소&nbsp;&nbsp;박스뉴스,은행,2026-02,1월 보너스도 증시에 몰렸다…은행권 '대기 자금' 2년 내 최대 폭 감소 - 박스뉴스 1월 보너스도 증시에 몰렸다…은행권 '대기 자금' 2년 내 최대 폭 감소&nbsp;&nbsp;박스뉴스
2026-02-20,"신한은행, ‘신한 20+ 뛰어요’ 리뉴얼 오픈 - 뉴스락","신한은행, ‘신한 20+ 뛰어요’ 리뉴얼 오픈&nbsp;&nbsp;뉴스락",은행,2026-02,"신한은행, ‘신한 20+ 뛰어요’ 리뉴얼 오픈 - 뉴스락 신한은행, ‘신한 20+ 뛰어요’ 리뉴얼 오픈&nbsp;&nbsp;뉴스락"
2026-02-02,"KB증권, PF 후유증 털고 '생산적 금융' 전환···IB 체질 바꾼다 - 뉴스웨이","KB증권, PF 후유증 털고 '생산적 금융' 전환···IB 체질 바꾼다&nbsp;&nbsp;뉴스웨이",은행,2026-02,"KB증권, PF 후유증 털고 '생산적 금융' 전환···IB 체질 바꾼다 - 뉴스웨이 KB증권, PF 후유증 털고 '생산적 금융' 전환···IB 체질 바꾼다&nbsp;&nbsp;뉴스웨이"
2026-02-04,젠슨 황·머스크 “메모리 확보 비상”…삼성전자 사상 최고가 [주식 뉴스] - 서울경제,젠슨 황·머스크 “메모리 확보 비상”…삼성전자 사상 최고가 [주식 뉴스]&nbsp;&nbsp;서울경제,은행,2026-02,젠슨 황·머스크 “메모리 확보 비상”…삼성전자 사상 최고가 [주식 뉴스] - 서울경제 젠슨 황·머스크 “메모리 확보 비상”…삼성전자 사상 최고가 [주식 뉴스]&nbsp;&nbsp;서울경제
2026-02-07,"원익홀딩스, 최대주주 변경 수반 주식담보 계약 정정…담보주식 550만주 감소, 로봇주 촉각 - CBC뉴스","원익홀딩스, 최대주주 변경 수반 주식담보 계약 정정…담보주식 550만주 감소, 로봇주 촉각&nbsp;&nbsp;CBC뉴스",은행,2026-02,"원익홀딩스, 최대주주 변경 수반 주식담보 계약 정정…담보주식 550만주 감소, 로봇주 촉각 - CBC뉴스 원익홀딩스, 최대주주 변경 수반 주식담보 계약 정정…담보주식 550만주 감소, 로봇주 촉각&nbsp;&nbsp;CBC뉴스"
2026-02-01,금·은 –40% + 미국 은행 파산… 이건 “귀금속”이 아니라 “신용 붕괴” 신호다 - 네이버 프리미엄콘텐츠,금·은 –40% + 미국 은행 파산… 이건 “귀금속”이 아니라 “신용 붕괴” 신호다&nbsp;&nbsp;네이버 프리미엄콘텐츠,은행,2026-02,금·은 –40% + 미국 은행 파산… 이건 “귀금속”이 아니라 “신용 붕괴” 신호다 - 네이버 프리미엄콘텐츠 금·은 –40% + 미국 은행 파산… 이건 “귀금속”이 아니라 “신용 붕괴” 신호다&nbsp;&nbsp;네이버 프리미엄콘텐츠
2026-02-11,장민영 기업은행장 출근 또 무산 - 서울파이낸스,장민영 기업은행장 출근 또 무산&nbsp;&nbsp;서울파이낸스,은행,2026-02,장민영 기업은행장 출근 또 무산 - 서울파이낸스 장민영 기업은행장 출근 또 무산&nbsp;&nbsp;서울파이낸스
2026-02-26,"“주식 팔아도 일감 그대로”… 삼성물산·SK, 美 SMR 기업 지분 파는 이유는 - 조선비즈 - Chosunbiz","“주식 팔아도 일감 그대로”… 삼성물산·SK, 美 SMR 기업 지분 파는 이유는 - 조선비즈&nbsp;&nbsp;Chosunbiz",SI,2026-02,"“주식 팔아도 일감 그대로”… 삼성물산·SK, 美 SMR 기업 지분 파는 이유는 - 조선비즈 - Chosunbiz “주식 팔아도 일감 그대로”… 삼성물산·SK, 美 SMR 기업 지분 파는 이유는 - 조선비즈&nbsp;&nbsp;Chosunbiz"
2026-02-26,[SI 시대가 온다]미래사업 선봉장 현대오토에버…로봇·자율주행 '드라이브' - v.daum.net,[SI 시대가 온다]미래사업 선봉장 현대오토에버…로봇·자율주행 '드라이브'&nbsp;&nbsp;v.daum.net,SI,2026-02,[SI 시대가 온다]미래사업 선봉장 현대오토에버…로봇·자율주행 '드라이브' - v.daum.net [SI 시대가 온다]미래사업 선봉장 현대오토에버…로봇·자율주행 '드라이브'&nbsp;&nbsp;v.daum.net
2026-02-27,"[주린이]코퍼스코리아, SI 두 차례 교체 끝 매각 무산…공시 번복에 ‘불성실’ 리스크↑ - 뉴스웨이브","[주린이]코퍼스코리아, SI 두 차례 교체 끝 매각 무산…공시 번복에 ‘불성실’ 리스크↑&nbsp;&nbsp;뉴스웨이브",SI,2026-02,"[주린이]코퍼스코리아, SI 두 차례 교체 끝 매각 무산…공시 번복에 ‘불성실’ 리스크↑ - 뉴스웨이브 [주린이]코퍼스코리아, SI 두 차례 교체 끝 매각 무산…공시 번복에 ‘불성실’ 리스크↑&nbsp;&nbsp;뉴스웨이브"
2026-02-18,"현대무벡스, 설 이후 움직임 동향 주시...주가 영향 유의 - CBC뉴스","현대무벡스, 설 이후 움직임 동향 주시...주가 영향 유의&nbsp;&nbsp;CBC뉴스",SI,2026-02,"현대무벡스, 설 이후 움직임 동향 주시...주가 영향 유의 - CBC뉴스 현대무벡스, 설 이후 움직임 동향 주시...주가 영향 유의&nbsp;&nbsp;CBC뉴스"
2026-03-31,'삼전닉스' 고점서 20% 하락에도…증권가 실적전망 상향 이유는 - 연합뉴스,'삼전닉스' 고점서 20% 하락에도…증권가 실적전망 상향 이유는&nbsp;&nbsp;연합뉴스,HBM,2026-03,'삼전닉스' 고점서 20% 하락에도…증권가 실적전망 상향 이유는 - 연합뉴스 '삼전닉스' 고점서 20% 하락에도…증권가 실적전망 상향 이유는&nbsp;&nbsp;연합뉴스
2026-03-26,[안광섭의 AI 진테제] 메모리 주식 흔든 구글 '터보퀀트' - 지디넷코리아,[안광섭의 AI 진테제] 메모리 주식 흔든 구글 '터보퀀트'&nbsp;&nbsp;지디넷코리아,HBM,2026-03,[안광섭의 AI 진테제] 메모리 주식 흔든 구글 '터보퀀트' - 지디넷코리아 [안광섭의 AI 진테제] 메모리 주식 흔든 구글 '터보퀀트'&nbsp;&nbsp;지디넷코리아
2026-03-31,삼성전자 1분기 D램 영업이익만 33조…메모리 40조 시대 열린다 - 서울경제,삼성전자 1분기 D램 영업이익만 33조…메모리 40조 시대 열린다&nbsp;&nbsp;서울경제,HBM,2026-03,삼성전자 1분기 D램 영업이익만 33조…메모리 40조 시대 열린다 - 서울경제 삼성전자 1분기 D램 영업이익만 33조…메모리 40조 시대 열린다&nbsp;&nbsp;서울경제
2026-03-31,[뉴스모음] HBM 매출 3배…삼성 영업익 40조 눈앞 外 - 딜사이트,[뉴스모음] HBM 매출 3배…삼성 영업익 40조 눈앞 外&nbsp;&nbsp;딜사이트,HBM,2026-03,[뉴스모음] HBM 매출 3배…삼성 영업익 40조 눈앞 外 - 딜사이트 [뉴스모음] HBM 매출 3배…삼성 영업익 40조 눈앞 外&nbsp;&nbsp;딜사이트
2026-03-17,SK하이닉스 소액주주 100만명 돌파…HBM·실적·주가 '삼박자' - v.daum.net,SK하이닉스 소액주주 100만명 돌파…HBM·실적·주가 '삼박자'&nbsp;&nbsp;v.daum.net,HBM,2026-03,SK하이닉스 소액주주 100만명 돌파…HBM·실적·주가 '삼박자' - v.daum.net SK하이닉스 소액주주 100만명 돌파…HBM·실적·주가 '삼박자'&nbsp;&nbsp;v.daum.net
2026-03-25,"SK하이닉스,美 ADR 상장 연내 추진…AI 메모리 투자·글로벌 자금조달 확대 - mstoday.co.kr","SK하이닉스,美 ADR 상장 연내 추진…AI 메모리 투자·글로벌 자금조달 확대&nbsp;&nbsp;mstoday.co.kr",HBM,2026-03,"SK하이닉스,美 ADR 상장 연내 추진…AI 메모리 투자·글로벌 자금조달 확대 - mstoday.co.kr SK하이닉스,美 ADR 상장 연내 추진…AI 메모리 투자·글로벌 자금조달 확대&nbsp;&nbsp;mstoday.co.kr"
2026-03-25,"SK하이닉스, AI 투자·밸류 재평가 승부수 - ebn.co.kr","SK하이닉스, AI 투자·밸류 재평가 승부수&nbsp;&nbsp;ebn.co.kr",HBM,2026-03,"SK하이닉스, AI 투자·밸류 재평가 승부수 - ebn.co.kr SK하이닉스, AI 투자·밸류 재평가 승부수&nbsp;&nbsp;ebn.co.kr"
2026-03-27,"마이크론, 매출 196% 폭증에도 주가는 왜 떨어지나 [AI 메모리 슈퍼사이클] - 초이스스탁","마이크론, 매출 196% 폭증에도 주가는 왜 떨어지나 [AI 메모리 슈퍼사이클]&nbsp;&nbsp;초이스스탁",HBM,2026-03,"마이크론, 매출 196% 폭증에도 주가는 왜 떨어지나 [AI 메모리 슈퍼사이클] - 초이스스탁 마이크론, 매출 196% 폭증에도 주가는 왜 떨어지나 [AI 메모리 슈퍼사이클]&nbsp;&nbsp;초이스스탁"
2026-03-25,"SK하이닉스, 美 증시 ‘주식예탁증서’ 상장 절차 착수 - 부산일보","SK하이닉스, 美 증시 ‘주식예탁증서’ 상장 절차 착수&nbsp;&nbsp;부산일보",HBM,2026-03,"SK하이닉스, 美 증시 ‘주식예탁증서’ 상장 절차 착수 - 부산일보 SK하이닉스, 美 증시 ‘주식예탁증서’ 상장 절차 착수&nbsp;&nbsp;부산일보"
2026-03-02,"""MLCC가 반도체 상승 궤적 따라간다""…주가 19% 올린 리포트 - 머니투데이 - 머니투데이","""MLCC가 반도체 상승 궤적 따라간다""…주가 19% 올린 리포트 - 머니투데이&nbsp;&nbsp;머니투데이",HBM,2026-03,"""MLCC가 반도체 상승 궤적 따라간다""…주가 19% 올린 리포트 - 머니투데이 - 머니투데이 ""MLCC가 반도체 상승 궤적 따라간다""…주가 19% 올린 리포트 - 머니투데이&nbsp;&nbsp;머니투데이"
2026-03-26,"[이슈 체크] 구글 터보퀀트 쇼크, 메모리 반도체 주가 하락의 진짜 이유와 향후 전망 - 네이버 프리미엄콘텐츠","[이슈 체크] 구글 터보퀀트 쇼크, 메모리 반도체 주가 하락의 진짜 이유와 향후 전망&nbsp;&nbsp;네이버 프리미엄콘텐츠",HBM,2026-03,"[이슈 체크] 구글 터보퀀트 쇼크, 메모리 반도체 주가 하락의 진짜 이유와 향후 전망 - 네이버 프리미엄콘텐츠 [이슈 체크] 구글 터보퀀트 쇼크, 메모리 반도체 주가 하락의 진짜 이유와 향후 전망&nbsp;&nbsp;네이버 프리미엄콘텐츠"
2026-03-25,`마이크론 비켜~`… SK하이닉스 미국 상장 추진 - 국제신문,`마이크론 비켜~`… SK하이닉스 미국 상장 추진&nbsp;&nbsp;국제신문,HBM,2026-03,`마이크론 비켜~`… SK하이닉스 미국 상장 추진 - 국제신문 `마이크론 비켜~`… SK하이닉스 미국 상장 추진&nbsp;&nbsp;국제신문
2026-03-23,"하이닉스, 美서 15조 확보…AI 주도권 강화 - 한국경제","하이닉스, 美서 15조 확보…AI 주도권 강화&nbsp;&nbsp;한국경제",HBM,2026-03,"하이닉스, 美서 15조 확보…AI 주도권 강화 - 한국경제 하이닉스, 美서 15조 확보…AI 주도권 강화&nbsp;&nbsp;한국경제"
2026-03-25,"""HBM 다음은 소캠이다""... 코리아써키트, 차세대 기판 기술력에 주가 폭등랠리 - 핀포인트뉴스","""HBM 다음은 소캠이다""... 코리아써키트, 차세대 기판 기술력에 주가 폭등랠리&nbsp;&nbsp;핀포인트뉴스",HBM,2026-03,"""HBM 다음은 소캠이다""... 코리아써키트, 차세대 기판 기술력에 주가 폭등랠리 - 핀포인트뉴스 ""HBM 다음은 소캠이다""... 코리아써키트, 차세대 기판 기술력에 주가 폭등랠리&nbsp;&nbsp;핀포인트뉴스"
2026-03-26,"저평가 탈출일까, 주주가치 희석일까…SK하이닉스, 미국 상장 시동 - 한경매거진&북","저평가 탈출일까, 주주가치 희석일까…SK하이닉스, 미국 상장 시동&nbsp;&nbsp;한경매거진&북",HBM,2026-03,"저평가 탈출일까, 주주가치 희석일까…SK하이닉스, 미국 상장 시동 - 한경매거진&북 저평가 탈출일까, 주주가치 희석일까…SK하이닉스, 미국 상장 시동&nbsp;&nbsp;한경매거진&북"
2026-03-30,"키움證 ""구글 터보퀀트, 삼성전자에는 HBM 점유율 확대 기회"" - 연합뉴스","키움證 ""구글 터보퀀트, 삼성전자에는 HBM 점유율 확대 기회""&nbsp;&nbsp;연합뉴스",HBM,2026-03,"키움證 ""구글 터보퀀트, 삼성전자에는 HBM 점유율 확대 기회"" - 연합뉴스 키움證 ""구글 터보퀀트, 삼성전자에는 HBM 점유율 확대 기회""&nbsp;&nbsp;연합뉴스"
2026-03-22,'돌아온 삼성전자' 첫 성적표에 쏠린 눈…영업이익 1위 탈환 전망 - 연합뉴스,'돌아온 삼성전자' 첫 성적표에 쏠린 눈…영업이익 1위 탈환 전망&nbsp;&nbsp;연합뉴스,HBM,2026-03,'돌아온 삼성전자' 첫 성적표에 쏠린 눈…영업이익 1위 탈환 전망 - 연합뉴스 '돌아온 삼성전자' 첫 성적표에 쏠린 눈…영업이익 1위 탈환 전망&nbsp;&nbsp;연합뉴스
2026-03-17,"SK증권 ""에프엔에스테크, 수익성 개선 본격화…목표가 3만원"" - 연합뉴스","SK증권 ""에프엔에스테크, 수익성 개선 본격화…목표가 3만원""&nbsp;&nbsp;연합뉴스",HBM,2026-03,"SK증권 ""에프엔에스테크, 수익성 개선 본격화…목표가 3만원"" - 연합뉴스 SK증권 ""에프엔에스테크, 수익성 개선 본격화…목표가 3만원""&nbsp;&nbsp;연합뉴스"
2026-03-05,"최태원, 엔비디아 GTC 간다…젠슨 황과 HBM 협력 논의할 듯 - 연합뉴스","최태원, 엔비디아 GTC 간다…젠슨 황과 HBM 협력 논의할 듯&nbsp;&nbsp;연합뉴스",HBM,2026-03,"최태원, 엔비디아 GTC 간다…젠슨 황과 HBM 협력 논의할 듯 - 연합뉴스 최태원, 엔비디아 GTC 간다…젠슨 황과 HBM 협력 논의할 듯&nbsp;&nbsp;연합뉴스"
2026-03-13,"하나證 “삼성전자, 실적 상향·주주환원 기대…목표가 30만원"" - 조선비즈 - Chosunbiz","하나證 “삼성전자, 실적 상향·주주환원 기대…목표가 30만원"" - 조선비즈&nbsp;&nbsp;Chosunbiz",HBM,2026-03,"하나證 “삼성전자, 실적 상향·주주환원 기대…목표가 30만원"" - 조선비즈 - Chosunbiz 하나證 “삼성전자, 실적 상향·주주환원 기대…목표가 30만원"" - 조선비즈&nbsp;&nbsp;Chosunbiz"
2026-03-28,"노무라증권, 중동전쟁 회오리 속에서도 코스피 목표치 높게 잡아 - 마켓뉴스","노무라증권, 중동전쟁 회오리 속에서도 코스피 목표치 높게 잡아&nbsp;&nbsp;마켓뉴스",HBM,2026-03,"노무라증권, 중동전쟁 회오리 속에서도 코스피 목표치 높게 잡아 - 마켓뉴스 노무라증권, 중동전쟁 회오리 속에서도 코스피 목표치 높게 잡아&nbsp;&nbsp;마켓뉴스"
2026-03-08,엔비디아 '괴물 AI칩' 심장엔 삼성·SK뿐…추격하던 마이크론 탈락 - 한국경제,엔비디아 '괴물 AI칩' 심장엔 삼성·SK뿐…추격하던 마이크론 탈락&nbsp;&nbsp;한국경제,HBM,2026-03,엔비디아 '괴물 AI칩' 심장엔 삼성·SK뿐…추격하던 마이크론 탈락 - 한국경제 엔비디아 '괴물 AI칩' 심장엔 삼성·SK뿐…추격하던 마이크론 탈락&nbsp;&nbsp;한국경제
2026-03-30,"키움證 ""삼성전자 1Q 영업익 43조…터보퀀트 HBM 기회 요인"" - v.daum.net","키움證 ""삼성전자 1Q 영업익 43조…터보퀀트 HBM 기회 요인""&nbsp;&nbsp;v.daum.net",HBM,2026-03,"키움證 ""삼성전자 1Q 영업익 43조…터보퀀트 HBM 기회 요인"" - v.daum.net 키움證 ""삼성전자 1Q 영업익 43조…터보퀀트 HBM 기회 요인""&nbsp;&nbsp;v.daum.net"
2026-03-25,"SK하이닉스, 美 증시 상장 시동…'AI 반도체' 패권 잡는다 - 파이낸셜뉴스","SK하이닉스, 美 증시 상장 시동…'AI 반도체' 패권 잡는다&nbsp;&nbsp;파이낸셜뉴스",HBM,2026-03,"SK하이닉스, 美 증시 상장 시동…'AI 반도체' 패권 잡는다 - 파이낸셜뉴스 SK하이닉스, 美 증시 상장 시동…'AI 반도체' 패권 잡는다&nbsp;&nbsp;파이낸셜뉴스"
2026-03-09,"“베라 루빈의 심장은 한국산”···엔비디아, 마이크론 대신 삼성·SK하이닉스 선택 - Benzinga","“베라 루빈의 심장은 한국산”···엔비디아, 마이크론 대신 삼성·SK하이닉스 선택&nbsp;&nbsp;Benzinga",HBM,2026-03,"“베라 루빈의 심장은 한국산”···엔비디아, 마이크론 대신 삼성·SK하이닉스 선택 - Benzinga “베라 루빈의 심장은 한국산”···엔비디아, 마이크론 대신 삼성·SK하이닉스 선택&nbsp;&nbsp;Benzinga"
2026-03-25,"SK하이닉스, 美 증시 상장 시동... ""현금 넘치는 회사 신주 발행 방식은 안된다""는 지적도 - 조선일보","SK하이닉스, 美 증시 상장 시동... ""현금 넘치는 회사 신주 발행 방식은 안된다""는 지적도&nbsp;&nbsp;조선일보",HBM,2026-03,"SK하이닉스, 美 증시 상장 시동... ""현금 넘치는 회사 신주 발행 방식은 안된다""는 지적도 - 조선일보 SK하이닉스, 美 증시 상장 시동... ""현금 넘치는 회사 신주 발행 방식은 안된다""는 지적도&nbsp;&nbsp;조선일보"
2026-03-21,"""어쩔 수 없다"" 삼성의 '승부수'…고심 깊어진 SK하이닉스 [황정수의 반도체 이슈 짚어보기] - 한국경제","""어쩔 수 없다"" 삼성의 '승부수'…고심 깊어진 SK하이닉스 [황정수의 반도체 이슈 짚어보기]&nbsp;&nbsp;한국경제",HBM,2026-03,"""어쩔 수 없다"" 삼성의 '승부수'…고심 깊어진 SK하이닉스 [황정수의 반도체 이슈 짚어보기] - 한국경제 ""어쩔 수 없다"" 삼성의 '승부수'…고심 깊어진 SK하이닉스 [황정수의 반도체 이슈 짚어보기]&nbsp;&nbsp;한국경제"
2026-03-06,"키움證 ""한화비전, 반도체 패키징 장비 공급 본격화…목표가↑"" - 연합뉴스","키움證 ""한화비전, 반도체 패키징 장비 공급 본격화…목표가↑""&nbsp;&nbsp;연합뉴스",HBM,2026-03,"키움證 ""한화비전, 반도체 패키징 장비 공급 본격화…목표가↑"" - 연합뉴스 키움證 ""한화비전, 반도체 패키징 장비 공급 본격화…목표가↑""&nbsp;&nbsp;연합뉴스"
2026-03-16,검사장비 외길 디아이의 대변신…2차전지·ESS 넘나드는 영토 확장 - 핀포인트뉴스,검사장비 외길 디아이의 대변신…2차전지·ESS 넘나드는 영토 확장&nbsp;&nbsp;핀포인트뉴스,HBM,2026-03,검사장비 외길 디아이의 대변신…2차전지·ESS 넘나드는 영토 확장 - 핀포인트뉴스 검사장비 외길 디아이의 대변신…2차전지·ESS 넘나드는 영토 확장&nbsp;&nbsp;핀포인트뉴스
2026-03-08,[이번주 관심주] 중동전쟁 확산에 나스닥 급락....삼성전자·하이닉스 어쩌나 - 오피니언뉴스,[이번주 관심주] 중동전쟁 확산에 나스닥 급락....삼성전자·하이닉스 어쩌나&nbsp;&nbsp;오피니언뉴스,HBM,2026-03,[이번주 관심주] 중동전쟁 확산에 나스닥 급락....삼성전자·하이닉스 어쩌나 - 오피니언뉴스 [이번주 관심주] 중동전쟁 확산에 나스닥 급락....삼성전자·하이닉스 어쩌나&nbsp;&nbsp;오피니언뉴스
2026-03-27,"삼성·SK 흔든 구글 '터보퀀트'…메모리 업계 ""위기 아닌 기회"" - 연합뉴스","삼성·SK 흔든 구글 '터보퀀트'…메모리 업계 ""위기 아닌 기회""&nbsp;&nbsp;연합뉴스",HBM,2026-03,"삼성·SK 흔든 구글 '터보퀀트'…메모리 업계 ""위기 아닌 기회"" - 연합뉴스 삼성·SK 흔든 구글 '터보퀀트'…메모리 업계 ""위기 아닌 기회""&nbsp;&nbsp;연합뉴스"
2026-03-15,中 메모리·파운드리 '원팀'으로 움직인다 - 한국경제,中 메모리·파운드리 '원팀'으로 움직인다&nbsp;&nbsp;한국경제,HBM,2026-03,中 메모리·파운드리 '원팀'으로 움직인다 - 한국경제 中 메모리·파운드리 '원팀'으로 움직인다&nbsp;&nbsp;한국경제
2026-03-25,"SK하이닉스, 美 ADR 상장 승부수…AI 반도체 '자금 전쟁' 본격화 - 포인트데일리","SK하이닉스, 美 ADR 상장 승부수…AI 반도체 '자금 전쟁' 본격화&nbsp;&nbsp;포인트데일리",HBM,2026-03,"SK하이닉스, 美 ADR 상장 승부수…AI 반도체 '자금 전쟁' 본격화 - 포인트데일리 SK하이닉스, 美 ADR 상장 승부수…AI 반도체 '자금 전쟁' 본격화&nbsp;&nbsp;포인트데일리"
2026-03-19,"[주식핵심 체크포인트] 마이크론의 '슈퍼서프라이즈' (feat, 2Q26 컨콜요약) - 네이버 프리미엄콘텐츠","[주식핵심 체크포인트] 마이크론의 '슈퍼서프라이즈' (feat, 2Q26 컨콜요약)&nbsp;&nbsp;네이버 프리미엄콘텐츠",HBM,2026-03,"[주식핵심 체크포인트] 마이크론의 '슈퍼서프라이즈' (feat, 2Q26 컨콜요약) - 네이버 프리미엄콘텐츠 [주식핵심 체크포인트] 마이크론의 '슈퍼서프라이즈' (feat, 2Q26 컨콜요약)&nbsp;&nbsp;네이버 프리미엄콘텐츠"
2026-03-18,"오로스테크놀로지, 외산 점유율 뚫고 '오버레이' 국산화 신화 썼다 - 핀포인트뉴스","오로스테크놀로지, 외산 점유율 뚫고 '오버레이' 국산화 신화 썼다&nbsp;&nbsp;핀포인트뉴스",HBM,2026-03,"오로스테크놀로지, 외산 점유율 뚫고 '오버레이' 국산화 신화 썼다 - 핀포인트뉴스 오로스테크놀로지, 외산 점유율 뚫고 '오버레이' 국산화 신화 썼다&nbsp;&nbsp;핀포인트뉴스"
2026-03-03,"""삼성전자, 주가 추가 상승 여력 크다…목표가 또 상향""-한국 - 한국경제","""삼성전자, 주가 추가 상승 여력 크다…목표가 또 상향""-한국&nbsp;&nbsp;한국경제",HBM,2026-03,"""삼성전자, 주가 추가 상승 여력 크다…목표가 또 상향""-한국 - 한국경제 ""삼성전자, 주가 추가 상승 여력 크다…목표가 또 상향""-한국&nbsp;&nbsp;한국경제"
2026-03-16,"HBM 수혜 본격화…티에스이, 'i3unify' 앞세워 검사 시장 재편 - 핀포인트뉴스","HBM 수혜 본격화…티에스이, 'i3unify' 앞세워 검사 시장 재편&nbsp;&nbsp;핀포인트뉴스",HBM,2026-03,"HBM 수혜 본격화…티에스이, 'i3unify' 앞세워 검사 시장 재편 - 핀포인트뉴스 HBM 수혜 본격화…티에스이, 'i3unify' 앞세워 검사 시장 재편&nbsp;&nbsp;핀포인트뉴스"
2026-03-09,[] HBM '인프라 속도전'…SK하이닉스·한미반도체 공조 가속 - 네이트,[] HBM '인프라 속도전'…SK하이닉스·한미반도체 공조 가속&nbsp;&nbsp;네이트,HBM,2026-03,[] HBM '인프라 속도전'…SK하이닉스·한미반도체 공조 가속 - 네이트 [] HBM '인프라 속도전'…SK하이닉스·한미반도체 공조 가속&nbsp;&nbsp;네이트
2026-03-30,[단독] HBM 매출 3배…삼성 영업익 40조 눈앞 - 네이트,[단독] HBM 매출 3배…삼성 영업익 40조 눈앞&nbsp;&nbsp;네이트,HBM,2026-03,[단독] HBM 매출 3배…삼성 영업익 40조 눈앞 - 네이트 [단독] HBM 매출 3배…삼성 영업익 40조 눈앞&nbsp;&nbsp;네이트
2026-03-30,"""터보퀀트가 악재? NO!""…삼성전자 담으라는 증권가 - 네이트","""터보퀀트가 악재? NO!""…삼성전자 담으라는 증권가&nbsp;&nbsp;네이트",HBM,2026-03,"""터보퀀트가 악재? NO!""…삼성전자 담으라는 증권가 - 네이트 ""터보퀀트가 악재? NO!""…삼성전자 담으라는 증권가&nbsp;&nbsp;네이트"
2026-03-01,"HD현대중공업·한화오션·삼성중공업 등 조선 BIG3, 미국과의 협업 가시화 기대 - 산업일보","HD현대중공업·한화오션·삼성중공업 등 조선 BIG3, 미국과의 협업 가시화 기대&nbsp;&nbsp;산업일보",조선,2026-03,"HD현대중공업·한화오션·삼성중공업 등 조선 BIG3, 미국과의 협업 가시화 기대 - 산업일보 HD현대중공업·한화오션·삼성중공업 등 조선 BIG3, 미국과의 협업 가시화 기대&nbsp;&nbsp;산업일보"
2026-03-19,주식 앱에 ‘한강물 온도’ 넣은 토스… “죽음 희화화” 논란 - 조선비즈 - Chosunbiz,주식 앱에 ‘한강물 온도’ 넣은 토스… “죽음 희화화” 논란 - 조선비즈&nbsp;&nbsp;Chosunbiz,조선,2026-03,주식 앱에 ‘한강물 온도’ 넣은 토스… “죽음 희화화” 논란 - 조선비즈 - Chosunbiz 주식 앱에 ‘한강물 온도’ 넣은 토스… “죽음 희화화” 논란 - 조선비즈&nbsp;&nbsp;Chosunbiz
2026-03-31,"HD한국조선해양, 최대 20억달러 규모 교환사채 발행 - 스트레이트뉴스","HD한국조선해양, 최대 20억달러 규모 교환사채 발행&nbsp;&nbsp;스트레이트뉴스",조선,2026-03,"HD한국조선해양, 최대 20억달러 규모 교환사채 발행 - 스트레이트뉴스 HD한국조선해양, 최대 20억달러 규모 교환사채 발행&nbsp;&nbsp;스트레이트뉴스"
2026-03-04,"'중대재해 작업 중지' 대한조선 임원 7명, 주식 집중매도…왜? - 뉴스1","'중대재해 작업 중지' 대한조선 임원 7명, 주식 집중매도…왜?&nbsp;&nbsp;뉴스1",조선,2026-03,"'중대재해 작업 중지' 대한조선 임원 7명, 주식 집중매도…왜? - 뉴스1 '중대재해 작업 중지' 대한조선 임원 7명, 주식 집중매도…왜?&nbsp;&nbsp;뉴스1"
2026-03-31,"HD한국조선해양, 20억달러 교환사채 발행…""미래 성장동력 확보"" - 연합뉴스","HD한국조선해양, 20억달러 교환사채 발행…""미래 성장동력 확보""&nbsp;&nbsp;연합뉴스",조선,2026-03,"HD한국조선해양, 20억달러 교환사채 발행…""미래 성장동력 확보"" - 연합뉴스 HD한국조선해양, 20억달러 교환사채 발행…""미래 성장동력 확보""&nbsp;&nbsp;연합뉴스"
2026-03-04,"""뱃길 막혔나"" 조선 섹터 14% 기록적 폭락… 한화오션 티엠씨 삼영엠텍 '흔들' - 핀포인트뉴스","""뱃길 막혔나"" 조선 섹터 14% 기록적 폭락… 한화오션 티엠씨 삼영엠텍 '흔들'&nbsp;&nbsp;핀포인트뉴스",조선,2026-03,"""뱃길 막혔나"" 조선 섹터 14% 기록적 폭락… 한화오션 티엠씨 삼영엠텍 '흔들' - 핀포인트뉴스 ""뱃길 막혔나"" 조선 섹터 14% 기록적 폭락… 한화오션 티엠씨 삼영엠텍 '흔들'&nbsp;&nbsp;핀포인트뉴스"
2026-03-18,李 “주식 오늘 팔았는데 왜 돈은 모레 주나… 조정 검토” - v.daum.net,李 “주식 오늘 팔았는데 왜 돈은 모레 주나… 조정 검토”&nbsp;&nbsp;v.daum.net,조선,2026-03,李 “주식 오늘 팔았는데 왜 돈은 모레 주나… 조정 검토” - v.daum.net 李 “주식 오늘 팔았는데 왜 돈은 모레 주나… 조정 검토”&nbsp;&nbsp;v.daum.net
2026-03-31,"HD한국조선해양, HD현대중공업 주식 기초 최대 20억달러 교환사채 발행 - 파이낸셜뉴스","HD한국조선해양, HD현대중공업 주식 기초 최대 20억달러 교환사채 발행&nbsp;&nbsp;파이낸셜뉴스",조선,2026-03,"HD한국조선해양, HD현대중공업 주식 기초 최대 20억달러 교환사채 발행 - 파이낸셜뉴스 HD한국조선해양, HD현대중공업 주식 기초 최대 20억달러 교환사채 발행&nbsp;&nbsp;파이낸셜뉴스"
2026-03-05,"중동 갈등에 'LNG선 강자' 조선주 부각, HD현대중공업 삼성중공업 한화오션 '3월 국장' 주인공 되나 - 비즈니스포스트","중동 갈등에 'LNG선 강자' 조선주 부각, HD현대중공업 삼성중공업 한화오션 '3월 국장' 주인공 되나&nbsp;&nbsp;비즈니스포스트",조선,2026-03,"중동 갈등에 'LNG선 강자' 조선주 부각, HD현대중공업 삼성중공업 한화오션 '3월 국장' 주인공 되나 - 비즈니스포스트 중동 갈등에 'LNG선 강자' 조선주 부각, HD현대중공업 삼성중공업 한화오션 '3월 국장' 주인공 되나&nbsp;&nbsp;비즈니스포스트"
2026-03-04,이틀간 '12조' 던진 외국인…조용히 사들인 종목은 [분석+] - 한국경제,이틀간 '12조' 던진 외국인…조용히 사들인 종목은 [분석+]&nbsp;&nbsp;한국경제,조선,2026-03,이틀간 '12조' 던진 외국인…조용히 사들인 종목은 [분석+] - 한국경제 이틀간 '12조' 던진 외국인…조용히 사들인 종목은 [분석+]&nbsp;&nbsp;한국경제
2026-03-31,"[특징주] 대한조선, 1분기만 연간 수주 목표 달성에 장초반 급등 - 연합뉴스","[특징주] 대한조선, 1분기만 연간 수주 목표 달성에 장초반 급등&nbsp;&nbsp;연합뉴스",조선,2026-03,"[특징주] 대한조선, 1분기만 연간 수주 목표 달성에 장초반 급등 - 연합뉴스 [특징주] 대한조선, 1분기만 연간 수주 목표 달성에 장초반 급등&nbsp;&nbsp;연합뉴스"
2026-03-29,"[단독] 차이나 머니 540조원, 해외 주식·채권 ‘줍줍’에 투입 - v.daum.net","[단독] 차이나 머니 540조원, 해외 주식·채권 ‘줍줍’에 투입&nbsp;&nbsp;v.daum.net",조선,2026-03,"[단독] 차이나 머니 540조원, 해외 주식·채권 ‘줍줍’에 투입 - v.daum.net [단독] 차이나 머니 540조원, 해외 주식·채권 ‘줍줍’에 투입&nbsp;&nbsp;v.daum.net"
2026-03-31,"HD한국조선해양, 20억 달러 교환사채 발행…""마스가·해외설비 재원"" - 뉴스1","HD한국조선해양, 20억 달러 교환사채 발행…""마스가·해외설비 재원""&nbsp;&nbsp;뉴스1",조선,2026-03,"HD한국조선해양, 20억 달러 교환사채 발행…""마스가·해외설비 재원"" - 뉴스1 HD한국조선해양, 20억 달러 교환사채 발행…""마스가·해외설비 재원""&nbsp;&nbsp;뉴스1"
2026-03-03,"""3개월간 주식 줄여 현금 비중 50%까지 확보해야"" - 조선일보","""3개월간 주식 줄여 현금 비중 50%까지 확보해야""&nbsp;&nbsp;조선일보",조선,2026-03,"""3개월간 주식 줄여 현금 비중 50%까지 확보해야"" - 조선일보 ""3개월간 주식 줄여 현금 비중 50%까지 확보해야""&nbsp;&nbsp;조선일보"
2026-03-28,전쟁 땐 똘똘한 한 주? ETF 대신 개별 주식 찾는 개미들 - v.daum.net,전쟁 땐 똘똘한 한 주? ETF 대신 개별 주식 찾는 개미들&nbsp;&nbsp;v.daum.net,조선,2026-03,전쟁 땐 똘똘한 한 주? ETF 대신 개별 주식 찾는 개미들 - v.daum.net 전쟁 땐 똘똘한 한 주? ETF 대신 개별 주식 찾는 개미들&nbsp;&nbsp;v.daum.net
2026-03-26,"스페이스X 상장 앞두고, 美 우주 기업 주식 급등 - 조선일보","스페이스X 상장 앞두고, 美 우주 기업 주식 급등&nbsp;&nbsp;조선일보",조선,2026-03,"스페이스X 상장 앞두고, 美 우주 기업 주식 급등 - 조선일보 스페이스X 상장 앞두고, 美 우주 기업 주식 급등&nbsp;&nbsp;조선일보"
2026-03-11,[특징주] 주식 거래대금 ‘역사적인 급증’… 증권株 강세 - 조선비즈 - Chosunbiz,[특징주] 주식 거래대금 ‘역사적인 급증’… 증권株 강세 - 조선비즈&nbsp;&nbsp;Chosunbiz,조선,2026-03,[특징주] 주식 거래대금 ‘역사적인 급증’… 증권株 강세 - 조선비즈 - Chosunbiz [특징주] 주식 거래대금 ‘역사적인 급증’… 증권株 강세 - 조선비즈&nbsp;&nbsp;Chosunbiz
2026-03-04,"""효성중공업 주가 352만원까지 간다""… 대한조선, 고부가 셔틀탱커 비중 확대 [株토피아] - v.daum.net","""효성중공업 주가 352만원까지 간다""… 대한조선, 고부가 셔틀탱커 비중 확대 [株토피아]&nbsp;&nbsp;v.daum.net",조선,2026-03,"""효성중공업 주가 352만원까지 간다""… 대한조선, 고부가 셔틀탱커 비중 확대 [株토피아] - v.daum.net ""효성중공업 주가 352만원까지 간다""… 대한조선, 고부가 셔틀탱커 비중 확대 [株토피아]&nbsp;&nbsp;v.daum.net"
2026-03-06,"이남우 ""겁에 질려 주식 팔지 마라, 지수는 오히려 매수 기회"" - 조선일보","이남우 ""겁에 질려 주식 팔지 마라, 지수는 오히려 매수 기회""&nbsp;&nbsp;조선일보",조선,2026-03,"이남우 ""겁에 질려 주식 팔지 마라, 지수는 오히려 매수 기회"" - 조선일보 이남우 ""겁에 질려 주식 팔지 마라, 지수는 오히려 매수 기회""&nbsp;&nbsp;조선일보"
2026-03-03,"이스라엘 증시, 이란 공격 후 사상 최고치... 전쟁 나도 오르는 주식시장, 왜? - 조선일보","이스라엘 증시, 이란 공격 후 사상 최고치... 전쟁 나도 오르는 주식시장, 왜?&nbsp;&nbsp;조선일보",조선,2026-03,"이스라엘 증시, 이란 공격 후 사상 최고치... 전쟁 나도 오르는 주식시장, 왜? - 조선일보 이스라엘 증시, 이란 공격 후 사상 최고치... 전쟁 나도 오르는 주식시장, 왜?&nbsp;&nbsp;조선일보"
2026-03-26,"주식으로 대박… 이세웅 542억, 이장형 42억, 고동진 35억 벌어 - 조선일보","주식으로 대박… 이세웅 542억, 이장형 42억, 고동진 35억 벌어&nbsp;&nbsp;조선일보",조선,2026-03,"주식으로 대박… 이세웅 542억, 이장형 42억, 고동진 35억 벌어 - 조선일보 주식으로 대박… 이세웅 542억, 이장형 42억, 고동진 35억 벌어&nbsp;&nbsp;조선일보"
2026-03-24,"‘RIA 출시’ KB증권, 수수료·쿠폰 이벤트 실시 - 조선비즈 - Chosunbiz","‘RIA 출시’ KB증권, 수수료·쿠폰 이벤트 실시 - 조선비즈&nbsp;&nbsp;Chosunbiz",조선,2026-03,"‘RIA 출시’ KB증권, 수수료·쿠폰 이벤트 실시 - 조선비즈 - Chosunbiz ‘RIA 출시’ KB증권, 수수료·쿠폰 이벤트 실시 - 조선비즈&nbsp;&nbsp;Chosunbiz"
2026-03-23,삼성·SK '배당 잔치'… 광주·전남 상장사 '배당 가뭄' - 진일보,삼성·SK '배당 잔치'… 광주·전남 상장사 '배당 가뭄'&nbsp;&nbsp;진일보,조선,2026-03,삼성·SK '배당 잔치'… 광주·전남 상장사 '배당 가뭄' - 진일보 삼성·SK '배당 잔치'… 광주·전남 상장사 '배당 가뭄'&nbsp;&nbsp;진일보
2026-03-19,대통령이 쏘아 올린 ‘주식 대금 새벽 배송’... 외국인 이탈이 최대 변수 - v.daum.net,대통령이 쏘아 올린 ‘주식 대금 새벽 배송’... 외국인 이탈이 최대 변수&nbsp;&nbsp;v.daum.net,조선,2026-03,대통령이 쏘아 올린 ‘주식 대금 새벽 배송’... 외국인 이탈이 최대 변수 - v.daum.net 대통령이 쏘아 올린 ‘주식 대금 새벽 배송’... 외국인 이탈이 최대 변수&nbsp;&nbsp;v.daum.net
2026-03-06,‘롤러코스피’ 장세에 변동성지수도 금융위기 이후 최고... 투자자들 “주식이 코인판 됐다” - 조선일보,‘롤러코스피’ 장세에 변동성지수도 금융위기 이후 최고... 투자자들 “주식이 코인판 됐다”&nbsp;&nbsp;조선일보,조선,2026-03,‘롤러코스피’ 장세에 변동성지수도 금융위기 이후 최고... 투자자들 “주식이 코인판 됐다” - 조선일보 ‘롤러코스피’ 장세에 변동성지수도 금융위기 이후 최고... 투자자들 “주식이 코인판 됐다”&nbsp;&nbsp;조선일보
2026-03-25,"[뉴스모음] 1분기 어닝시즌, 반도체 피크아웃 우려 外 - 딜사이트","[뉴스모음] 1분기 어닝시즌, 반도체 피크아웃 우려 外&nbsp;&nbsp;딜사이트",조선,2026-03,"[뉴스모음] 1분기 어닝시즌, 반도체 피크아웃 우려 外 - 딜사이트 [뉴스모음] 1분기 어닝시즌, 반도체 피크아웃 우려 外&nbsp;&nbsp;딜사이트"
2026-03-04,"대한조선, 근로자 사망 직전 ‘투톱’ 대표 모두 주식 매도 - 뉴스톱","대한조선, 근로자 사망 직전 ‘투톱’ 대표 모두 주식 매도&nbsp;&nbsp;뉴스톱",조선,2026-03,"대한조선, 근로자 사망 직전 ‘투톱’ 대표 모두 주식 매도 - 뉴스톱 대한조선, 근로자 사망 직전 ‘투톱’ 대표 모두 주식 매도&nbsp;&nbsp;뉴스톱"
2026-03-06,"코스피, 1% 하락해 5500선… 개인·외인 ‘줄다리기’ - 조선비즈 - Chosunbiz","코스피, 1% 하락해 5500선… 개인·외인 ‘줄다리기’ - 조선비즈&nbsp;&nbsp;Chosunbiz",조선,2026-03,"코스피, 1% 하락해 5500선… 개인·외인 ‘줄다리기’ - 조선비즈 - Chosunbiz 코스피, 1% 하락해 5500선… 개인·외인 ‘줄다리기’ - 조선비즈&nbsp;&nbsp;Chosunbiz"
2026-03-11,"BofA “韓 코스피, 전형적인 버블 사례…주요 자산 중 가장 극단적” - 조선비즈 - Chosunbiz","BofA “韓 코스피, 전형적인 버블 사례…주요 자산 중 가장 극단적” - 조선비즈&nbsp;&nbsp;Chosunbiz",조선,2026-03,"BofA “韓 코스피, 전형적인 버블 사례…주요 자산 중 가장 극단적” - 조선비즈 - Chosunbiz BofA “韓 코스피, 전형적인 버블 사례…주요 자산 중 가장 극단적” - 조선비즈&nbsp;&nbsp;Chosunbiz"
2026-03-06,외국계 순매수 수량 상위 20선 - 코스닥 - 조선비즈 - Chosunbiz,외국계 순매수 수량 상위 20선 - 코스닥 - 조선비즈&nbsp;&nbsp;Chosunbiz,조선,2026-03,외국계 순매수 수량 상위 20선 - 코스닥 - 조선비즈 - Chosunbiz 외국계 순매수 수량 상위 20선 - 코스닥 - 조선비즈&nbsp;&nbsp;Chosunbiz
2026-03-31,"HD한국조선해양, 3조 규모 교환사채 발행...""마스가 추진 재원 활용"" - 뉴스핌","HD한국조선해양, 3조 규모 교환사채 발행...""마스가 추진 재원 활용""&nbsp;&nbsp;뉴스핌",조선,2026-03,"HD한국조선해양, 3조 규모 교환사채 발행...""마스가 추진 재원 활용"" - 뉴스핌 HD한국조선해양, 3조 규모 교환사채 발행...""마스가 추진 재원 활용""&nbsp;&nbsp;뉴스핌"
2026-03-16,"[특징주] 비비안, ‘30대 1 무상감자’ 소식에 25% 급락 - 조선비즈 - Chosunbiz","[특징주] 비비안, ‘30대 1 무상감자’ 소식에 25% 급락 - 조선비즈&nbsp;&nbsp;Chosunbiz",조선,2026-03,"[특징주] 비비안, ‘30대 1 무상감자’ 소식에 25% 급락 - 조선비즈 - Chosunbiz [특징주] 비비안, ‘30대 1 무상감자’ 소식에 25% 급락 - 조선비즈&nbsp;&nbsp;Chosunbiz"
2026-03-23,동전주 아닌데 ‘액면 병합’... 과거 사례 보면 “다른 의도 있을 수도” - 조선비즈 - Chosunbiz,동전주 아닌데 ‘액면 병합’... 과거 사례 보면 “다른 의도 있을 수도” - 조선비즈&nbsp;&nbsp;Chosunbiz,조선,2026-03,동전주 아닌데 ‘액면 병합’... 과거 사례 보면 “다른 의도 있을 수도” - 조선비즈 - Chosunbiz 동전주 아닌데 ‘액면 병합’... 과거 사례 보면 “다른 의도 있을 수도” - 조선비즈&nbsp;&nbsp;Chosunbiz
2026-03-05,"흥아해운, +4.99% 상승폭 확대 - 조선비즈 - Chosunbiz","흥아해운, +4.99% 상승폭 확대 - 조선비즈&nbsp;&nbsp;Chosunbiz",조선,2026-03,"흥아해운, +4.99% 상승폭 확대 - 조선비즈 - Chosunbiz 흥아해운, +4.99% 상승폭 확대 - 조선비즈&nbsp;&nbsp;Chosunbiz"
2026-03-27,"뉴욕 증시, 이란전 발발 이후 가장 큰 폭 하락... S&P500 1.7% ↓ - 조선일보","뉴욕 증시, 이란전 발발 이후 가장 큰 폭 하락... S&amp;P500 1.7% ↓&nbsp;&nbsp;조선일보",조선,2026-03,"뉴욕 증시, 이란전 발발 이후 가장 큰 폭 하락... S&P500 1.7% ↓ - 조선일보 뉴욕 증시, 이란전 발발 이후 가장 큰 폭 하락... S&amp;P500 1.7% ↓&nbsp;&nbsp;조선일보"
2026-03-21,더큐브앤 단순 투자로 재미봤던 슈퍼개미... 4년만에 경영 참여하며 재매수 - 조선비즈 - Chosunbiz,더큐브앤 단순 투자로 재미봤던 슈퍼개미... 4년만에 경영 참여하며 재매수 - 조선비즈&nbsp;&nbsp;Chosunbiz,조선,2026-03,더큐브앤 단순 투자로 재미봤던 슈퍼개미... 4년만에 경영 참여하며 재매수 - 조선비즈 - Chosunbiz 더큐브앤 단순 투자로 재미봤던 슈퍼개미... 4년만에 경영 참여하며 재매수 - 조선비즈&nbsp;&nbsp;Chosunbiz
2026-03-26,"[특징주] 메가스터디, 배당락 영향에 8% 급락 - 조선비즈 - Chosunbiz","[특징주] 메가스터디, 배당락 영향에 8% 급락 - 조선비즈&nbsp;&nbsp;Chosunbiz",조선,2026-03,"[특징주] 메가스터디, 배당락 영향에 8% 급락 - 조선비즈 - Chosunbiz [특징주] 메가스터디, 배당락 영향에 8% 급락 - 조선비즈&nbsp;&nbsp;Chosunbiz"
2026-03-11,"""전쟁 끝나도 기름값 안 내린다""…지금 담아야할 '이 주식' [분석+] - 한국경제","""전쟁 끝나도 기름값 안 내린다""…지금 담아야할 '이 주식' [분석+]&nbsp;&nbsp;한국경제",조선,2026-03,"""전쟁 끝나도 기름값 안 내린다""…지금 담아야할 '이 주식' [분석+] - 한국경제 ""전쟁 끝나도 기름값 안 내린다""…지금 담아야할 '이 주식' [분석+]&nbsp;&nbsp;한국경제"
2026-03-13,"현대차證 “고려아연, 귀금속 랠리 수혜 기대…목표가 201만원"" - 조선비즈 - Chosunbiz","현대차證 “고려아연, 귀금속 랠리 수혜 기대…목표가 201만원"" - 조선비즈&nbsp;&nbsp;Chosunbiz",조선,2026-03,"현대차證 “고려아연, 귀금속 랠리 수혜 기대…목표가 201만원"" - 조선비즈 - Chosunbiz 현대차證 “고려아연, 귀금속 랠리 수혜 기대…목표가 201만원"" - 조선비즈&nbsp;&nbsp;Chosunbiz"
2026-03-04,중대재해에도 목표가 100% 올랐다···대한조선 '유조선 시황 수혜' - 뉴스웨이,중대재해에도 목표가 100% 올랐다···대한조선 '유조선 시황 수혜'&nbsp;&nbsp;뉴스웨이,조선,2026-03,중대재해에도 목표가 100% 올랐다···대한조선 '유조선 시황 수혜' - 뉴스웨이 중대재해에도 목표가 100% 올랐다···대한조선 '유조선 시황 수혜'&nbsp;&nbsp;뉴스웨이
2026-03-29,중동 긴장 한 달…국내 증시 지형 변화 - 더쎈뉴스,중동 긴장 한 달…국내 증시 지형 변화&nbsp;&nbsp;더쎈뉴스,조선,2026-03,중동 긴장 한 달…국내 증시 지형 변화 - 더쎈뉴스 중동 긴장 한 달…국내 증시 지형 변화&nbsp;&nbsp;더쎈뉴스
2026-03-18,"[단독] 미래에셋, 스페이스X에 1600억 추가 투자... xAI 통해 지분 확대 - 조선비즈 - Chosunbiz","[단독] 미래에셋, 스페이스X에 1600억 추가 투자... xAI 통해 지분 확대 - 조선비즈&nbsp;&nbsp;Chosunbiz",조선,2026-03,"[단독] 미래에셋, 스페이스X에 1600억 추가 투자... xAI 통해 지분 확대 - 조선비즈 - Chosunbiz [단독] 미래에셋, 스페이스X에 1600억 추가 투자... xAI 통해 지분 확대 - 조선비즈&nbsp;&nbsp;Chosunbiz"
2026-03-08,"""집 팔아 주식 샀는데""…롤러코스터 증시에 개미들 천당과 지옥 - 네이트","""집 팔아 주식 샀는데""…롤러코스터 증시에 개미들 천당과 지옥&nbsp;&nbsp;네이트",조선,2026-03,"""집 팔아 주식 샀는데""…롤러코스터 증시에 개미들 천당과 지옥 - 네이트 ""집 팔아 주식 샀는데""…롤러코스터 증시에 개미들 천당과 지옥&nbsp;&nbsp;네이트"
2026-03-26,"SK텔레콤, SK브로드밴드 완전자회사 편입 마무리 절차 돌입 - 조선비즈 - Chosunbiz","SK텔레콤, SK브로드밴드 완전자회사 편입 마무리 절차 돌입 - 조선비즈&nbsp;&nbsp;Chosunbiz",조선,2026-03,"SK텔레콤, SK브로드밴드 완전자회사 편입 마무리 절차 돌입 - 조선비즈 - Chosunbiz SK텔레콤, SK브로드밴드 완전자회사 편입 마무리 절차 돌입 - 조선비즈&nbsp;&nbsp;Chosunbiz"
2026-03-31,"HD한국조선해양, 3조 조달…마스가·SMR 등 투자 확대 - 네이트","HD한국조선해양, 3조 조달…마스가·SMR 등 투자 확대&nbsp;&nbsp;네이트",조선,2026-03,"HD한국조선해양, 3조 조달…마스가·SMR 등 투자 확대 - 네이트 HD한국조선해양, 3조 조달…마스가·SMR 등 투자 확대&nbsp;&nbsp;네이트"
2026-03-21,"[VIP라운지]노영재 사기장, 조선 백자대호, 구로문화재단 매거진 표지 장식 - 뉴스웨이브","[VIP라운지]노영재 사기장, 조선 백자대호, 구로문화재단 매거진 표지 장식&nbsp;&nbsp;뉴스웨이브",조선,2026-03,"[VIP라운지]노영재 사기장, 조선 백자대호, 구로문화재단 매거진 표지 장식 - 뉴스웨이브 [VIP라운지]노영재 사기장, 조선 백자대호, 구로문화재단 매거진 표지 장식&nbsp;&nbsp;뉴스웨이브"
2026-03-09,"원·달러 환율, 장중 최고 1499.2원…1495.5원 마감 - 네이트","원·달러 환율, 장중 최고 1499.2원…1495.5원 마감&nbsp;&nbsp;네이트",조선,2026-03,"원·달러 환율, 장중 최고 1499.2원…1495.5원 마감 - 네이트 원·달러 환율, 장중 최고 1499.2원…1495.5원 마감&nbsp;&nbsp;네이트"
2026-03-06,"한국거래소, 최우수 IB에 미래에셋증권 선정 - 네이트","한국거래소, 최우수 IB에 미래에셋증권 선정&nbsp;&nbsp;네이트",조선,2026-03,"한국거래소, 최우수 IB에 미래에셋증권 선정 - 네이트 한국거래소, 최우수 IB에 미래에셋증권 선정&nbsp;&nbsp;네이트"
2026-03-11,"유안타증권 ""통신주, 방어주 역할 톡톡…'매수' 의견 유지"" - 연합뉴스","유안타증권 ""통신주, 방어주 역할 톡톡…'매수' 의견 유지""&nbsp;&nbsp;연합뉴스",통신,2026-03,"유안타증권 ""통신주, 방어주 역할 톡톡…'매수' 의견 유지"" - 연합뉴스 유안타증권 ""통신주, 방어주 역할 톡톡…'매수' 의견 유지""&nbsp;&nbsp;연합뉴스"
2026-03-24,"[특징주]통신장비株, 엔비디아 '광반도체' 지목에 강세…한국첨단소재 등 상한가 - v.daum.net","[특징주]통신장비株, 엔비디아 '광반도체' 지목에 강세…한국첨단소재 등 상한가&nbsp;&nbsp;v.daum.net",통신,2026-03,"[특징주]통신장비株, 엔비디아 '광반도체' 지목에 강세…한국첨단소재 등 상한가 - v.daum.net [특징주]통신장비株, 엔비디아 '광반도체' 지목에 강세…한국첨단소재 등 상한가&nbsp;&nbsp;v.daum.net"
2026-03-12,[통신장비] 미국 통신 인프라 투자 확대로 보는 통신장비 관련주 모음 - 네이버 프리미엄콘텐츠,[통신장비] 미국 통신 인프라 투자 확대로 보는 통신장비 관련주 모음&nbsp;&nbsp;네이버 프리미엄콘텐츠,통신,2026-03,[통신장비] 미국 통신 인프라 투자 확대로 보는 통신장비 관련주 모음 - 네이버 프리미엄콘텐츠 [통신장비] 미국 통신 인프라 투자 확대로 보는 통신장비 관련주 모음&nbsp;&nbsp;네이버 프리미엄콘텐츠
2026-03-11,[특징주] 6G·AI 네트워크 성장 기대…'에치에프알·쏠리드' 통신장비株 '강세' - 뉴스핌,[특징주] 6G·AI 네트워크 성장 기대…'에치에프알·쏠리드' 통신장비株 '강세'&nbsp;&nbsp;뉴스핌,통신,2026-03,[특징주] 6G·AI 네트워크 성장 기대…'에치에프알·쏠리드' 통신장비株 '강세' - 뉴스핌 [특징주] 6G·AI 네트워크 성장 기대…'에치에프알·쏠리드' 통신장비株 '강세'&nbsp;&nbsp;뉴스핌
2026-03-11,"변동성 장세 속 통신주는 선방…증권가 ""상승 사이클 초입"" - 와이드경제","변동성 장세 속 통신주는 선방…증권가 ""상승 사이클 초입""&nbsp;&nbsp;와이드경제",통신,2026-03,"변동성 장세 속 통신주는 선방…증권가 ""상승 사이클 초입"" - 와이드경제 변동성 장세 속 통신주는 선방…증권가 ""상승 사이클 초입""&nbsp;&nbsp;와이드경제"
2026-03-10,결제사 스테이블코인 뛰는데…한국정보통신 '오너 주머니'만 키웠다 - 전자신문,결제사 스테이블코인 뛰는데…한국정보통신 '오너 주머니'만 키웠다&nbsp;&nbsp;전자신문,통신,2026-03,결제사 스테이블코인 뛰는데…한국정보통신 '오너 주머니'만 키웠다 - 전자신문 결제사 스테이블코인 뛰는데…한국정보통신 '오너 주머니'만 키웠다&nbsp;&nbsp;전자신문
2026-03-05,"'AI네트워크 얼라이언스' 출범…""차세대 이동통신 시장 20% 점유"" - 대한민국 정책브리핑","'AI네트워크 얼라이언스' 출범…""차세대 이동통신 시장 20% 점유""&nbsp;&nbsp;대한민국 정책브리핑",통신,2026-03,"'AI네트워크 얼라이언스' 출범…""차세대 이동통신 시장 20% 점유"" - 대한민국 정책브리핑 'AI네트워크 얼라이언스' 출범…""차세대 이동통신 시장 20% 점유""&nbsp;&nbsp;대한민국 정책브리핑"
2026-03-21,[뉴스락 특별기획] 해킹이 바꾼 통신판…이통 3사 '뉴리더십'의 생존 방정식 - 뉴스락,[뉴스락 특별기획] 해킹이 바꾼 통신판…이통 3사 '뉴리더십'의 생존 방정식&nbsp;&nbsp;뉴스락,통신,2026-03,[뉴스락 특별기획] 해킹이 바꾼 통신판…이통 3사 '뉴리더십'의 생존 방정식 - 뉴스락 [뉴스락 특별기획] 해킹이 바꾼 통신판…이통 3사 '뉴리더십'의 생존 방정식&nbsp;&nbsp;뉴스락
2026-03-12,"하나증권 ""오이솔루션, 美 통신장비 투자 확대에 목표가 상향"" - 연합뉴스","하나증권 ""오이솔루션, 美 통신장비 투자 확대에 목표가 상향""&nbsp;&nbsp;연합뉴스",통신,2026-03,"하나증권 ""오이솔루션, 美 통신장비 투자 확대에 목표가 상향"" - 연합뉴스 하나증권 ""오이솔루션, 美 통신장비 투자 확대에 목표가 상향""&nbsp;&nbsp;연합뉴스"
2026-03-29,"[SKT 창립 42주년] 30년간 괴롭힌 가짜 뉴스 ""정권 수혜받은 기업""…현실은 '역차별' - v.daum.net","[SKT 창립 42주년] 30년간 괴롭힌 가짜 뉴스 ""정권 수혜받은 기업""…현실은 '역차별'&nbsp;&nbsp;v.daum.net",통신,2026-03,"[SKT 창립 42주년] 30년간 괴롭힌 가짜 뉴스 ""정권 수혜받은 기업""…현실은 '역차별' - v.daum.net [SKT 창립 42주년] 30년간 괴롭힌 가짜 뉴스 ""정권 수혜받은 기업""…현실은 '역차별'&nbsp;&nbsp;v.daum.net"
2026-03-03,‘MWC 2026’ 달군 이동통신3사…AI 경쟁 가속 - 연합뉴스,‘MWC 2026’ 달군 이동통신3사…AI 경쟁 가속&nbsp;&nbsp;연합뉴스,통신,2026-03,‘MWC 2026’ 달군 이동통신3사…AI 경쟁 가속 - 연합뉴스 ‘MWC 2026’ 달군 이동통신3사…AI 경쟁 가속&nbsp;&nbsp;연합뉴스
2026-03-17,"""지난주 헤지펀드들이 금융주 공격적 공매도"" - 연합뉴스","""지난주 헤지펀드들이 금융주 공격적 공매도""&nbsp;&nbsp;연합뉴스",통신,2026-03,"""지난주 헤지펀드들이 금융주 공격적 공매도"" - 연합뉴스 ""지난주 헤지펀드들이 금융주 공격적 공매도""&nbsp;&nbsp;연합뉴스"
2026-03-08,통신사 경쟁 무대 바뀌었다…AI 인프라 전쟁 - 연합뉴스,통신사 경쟁 무대 바뀌었다…AI 인프라 전쟁&nbsp;&nbsp;연합뉴스,통신,2026-03,통신사 경쟁 무대 바뀌었다…AI 인프라 전쟁 - 연합뉴스 통신사 경쟁 무대 바뀌었다…AI 인프라 전쟁&nbsp;&nbsp;연합뉴스
2026-03-02,MWC26 개막…통신 넘어 AI·반도체·로봇 총출동 - 연합뉴스,MWC26 개막…통신 넘어 AI·반도체·로봇 총출동&nbsp;&nbsp;연합뉴스,통신,2026-03,MWC26 개막…통신 넘어 AI·반도체·로봇 총출동 - 연합뉴스 MWC26 개막…통신 넘어 AI·반도체·로봇 총출동&nbsp;&nbsp;연합뉴스
2026-03-24,통신사 요금제 추천 의무화…가계 통신비 낮춘다 - 연합뉴스,통신사 요금제 추천 의무화…가계 통신비 낮춘다&nbsp;&nbsp;연합뉴스,통신,2026-03,통신사 요금제 추천 의무화…가계 통신비 낮춘다 - 연합뉴스 통신사 요금제 추천 의무화…가계 통신비 낮춘다&nbsp;&nbsp;연합뉴스
2026-03-10,"하나증권 ""RFHIC 목표가 10만원으로 상향…어닝서프라이즈 지속"" - 연합뉴스","하나증권 ""RFHIC 목표가 10만원으로 상향…어닝서프라이즈 지속""&nbsp;&nbsp;연합뉴스",통신,2026-03,"하나증권 ""RFHIC 목표가 10만원으로 상향…어닝서프라이즈 지속"" - 연합뉴스 하나증권 ""RFHIC 목표가 10만원으로 상향…어닝서프라이즈 지속""&nbsp;&nbsp;연합뉴스"
2026-03-10,5G 된다더니 안 터진다…커버리지 과대표시 6.67% - 연합뉴스,5G 된다더니 안 터진다…커버리지 과대표시 6.67%&nbsp;&nbsp;연합뉴스,통신,2026-03,5G 된다더니 안 터진다…커버리지 과대표시 6.67% - 연합뉴스 5G 된다더니 안 터진다…커버리지 과대표시 6.67%&nbsp;&nbsp;연합뉴스
2026-03-15,"이통3사, 광화문 BTS 공연 대비 통신 대책 시행 - 연합뉴스","이통3사, 광화문 BTS 공연 대비 통신 대책 시행&nbsp;&nbsp;연합뉴스",통신,2026-03,"이통3사, 광화문 BTS 공연 대비 통신 대책 시행 - 연합뉴스 이통3사, 광화문 BTS 공연 대비 통신 대책 시행&nbsp;&nbsp;연합뉴스"
2026-03-22,금감원 특사경 '1호 인지수사' 시동…합동대응단 통신조회 추진 - 연합뉴스,금감원 특사경 '1호 인지수사' 시동…합동대응단 통신조회 추진&nbsp;&nbsp;연합뉴스,통신,2026-03,금감원 특사경 '1호 인지수사' 시동…합동대응단 통신조회 추진 - 연합뉴스 금감원 특사경 '1호 인지수사' 시동…합동대응단 통신조회 추진&nbsp;&nbsp;연합뉴스
2026-03-12,"방미통위, 방송미디어통신진흥원 설립 검토 - 연합뉴스","방미통위, 방송미디어통신진흥원 설립 검토&nbsp;&nbsp;연합뉴스",통신,2026-03,"방미통위, 방송미디어통신진흥원 설립 검토 - 연합뉴스 방미통위, 방송미디어통신진흥원 설립 검토&nbsp;&nbsp;연합뉴스"
2026-03-13,"진작 담아두길 잘했네…""이 와중에 10% 넘게 뛰었다"" 환호 [분석+] - 한국경제","진작 담아두길 잘했네…""이 와중에 10% 넘게 뛰었다"" 환호 [분석+]&nbsp;&nbsp;한국경제",통신,2026-03,"진작 담아두길 잘했네…""이 와중에 10% 넘게 뛰었다"" 환호 [분석+] - 한국경제 진작 담아두길 잘했네…""이 와중에 10% 넘게 뛰었다"" 환호 [분석+]&nbsp;&nbsp;한국경제"
2026-03-04,"블룸버그 ""한국 증시 '패닉'…코스피 어제보다 더 떨어져"" - 한국경제","블룸버그 ""한국 증시 '패닉'…코스피 어제보다 더 떨어져""&nbsp;&nbsp;한국경제",통신,2026-03,"블룸버그 ""한국 증시 '패닉'…코스피 어제보다 더 떨어져"" - 한국경제 블룸버그 ""한국 증시 '패닉'…코스피 어제보다 더 떨어져""&nbsp;&nbsp;한국경제"
2026-03-30,"""5G 한계 넘는다""… CS·기가레인, 6G 기술 기대감에 떡상 랠리 - 핀포인트뉴스","""5G 한계 넘는다""… CS·기가레인, 6G 기술 기대감에 떡상 랠리&nbsp;&nbsp;핀포인트뉴스",통신,2026-03,"""5G 한계 넘는다""… CS·기가레인, 6G 기술 기대감에 떡상 랠리 - 핀포인트뉴스 ""5G 한계 넘는다""… CS·기가레인, 6G 기술 기대감에 떡상 랠리&nbsp;&nbsp;핀포인트뉴스"
2026-03-06,"한화시스템, 한화오션 지분 활용해 1.7조 자금조달…“전략적 투자 확대” - 조세일보","한화시스템, 한화오션 지분 활용해 1.7조 자금조달…“전략적 투자 확대”&nbsp;&nbsp;조세일보",통신,2026-03,"한화시스템, 한화오션 지분 활용해 1.7조 자금조달…“전략적 투자 확대” - 조세일보 한화시스템, 한화오션 지분 활용해 1.7조 자금조달…“전략적 투자 확대”&nbsp;&nbsp;조세일보"
2026-03-13,"하나증권, 국내 주식 이관 시 최대 120만원 쿠폰 증정 이벤트 실시 - 열린뉴스통신","하나증권, 국내 주식 이관 시 최대 120만원 쿠폰 증정 이벤트 실시&nbsp;&nbsp;열린뉴스통신",통신,2026-03,"하나증권, 국내 주식 이관 시 최대 120만원 쿠폰 증정 이벤트 실시 - 열린뉴스통신 하나증권, 국내 주식 이관 시 최대 120만원 쿠폰 증정 이벤트 실시&nbsp;&nbsp;열린뉴스통신"
2026-03-05,"""밤낮 공습, 통신은 어쩌다 한번씩"" 이란에 남아있는 한인들 - 연합뉴스","""밤낮 공습, 통신은 어쩌다 한번씩"" 이란에 남아있는 한인들&nbsp;&nbsp;연합뉴스",통신,2026-03,"""밤낮 공습, 통신은 어쩌다 한번씩"" 이란에 남아있는 한인들 - 연합뉴스 ""밤낮 공습, 통신은 어쩌다 한번씩"" 이란에 남아있는 한인들&nbsp;&nbsp;연합뉴스"
2026-03-12,"변동성 높은 증시 속 빛난 ‘방어주’ 통신주, 지수 급락에도 상대적 선방 - 한국경제","변동성 높은 증시 속 빛난 ‘방어주’ 통신주, 지수 급락에도 상대적 선방&nbsp;&nbsp;한국경제",통신,2026-03,"변동성 높은 증시 속 빛난 ‘방어주’ 통신주, 지수 급락에도 상대적 선방 - 한국경제 변동성 높은 증시 속 빛난 ‘방어주’ 통신주, 지수 급락에도 상대적 선방&nbsp;&nbsp;한국경제"
2026-03-17,BTS 공연 앞두고 플랫폼 경쟁…OTT·지도·통신 총출동 - 연합뉴스,BTS 공연 앞두고 플랫폼 경쟁…OTT·지도·통신 총출동&nbsp;&nbsp;연합뉴스,통신,2026-03,BTS 공연 앞두고 플랫폼 경쟁…OTT·지도·통신 총출동 - 연합뉴스 BTS 공연 앞두고 플랫폼 경쟁…OTT·지도·통신 총출동&nbsp;&nbsp;연합뉴스
2026-03-18,"배경훈 부총리 ""BTS 공연 통신·사이버 총력 대응"" - 연합뉴스","배경훈 부총리 ""BTS 공연 통신·사이버 총력 대응""&nbsp;&nbsp;연합뉴스",통신,2026-03,"배경훈 부총리 ""BTS 공연 통신·사이버 총력 대응"" - 연합뉴스 배경훈 부총리 ""BTS 공연 통신·사이버 총력 대응""&nbsp;&nbsp;연합뉴스"
2026-03-09,외국인 지분 한도 얽히고… 향후 주가 전망에도 악영향 [커버스토리] - 부산일보,외국인 지분 한도 얽히고… 향후 주가 전망에도 악영향 [커버스토리]&nbsp;&nbsp;부산일보,통신,2026-03,외국인 지분 한도 얽히고… 향후 주가 전망에도 악영향 [커버스토리] - 부산일보 외국인 지분 한도 얽히고… 향후 주가 전망에도 악영향 [커버스토리]&nbsp;&nbsp;부산일보
2026-03-19,"'단타 1600% 수익률' 장동민, 청와대 입성…""개미들 가짜뉴스에 휘둘려"" - 뉴시스","'단타 1600% 수익률' 장동민, 청와대 입성…""개미들 가짜뉴스에 휘둘려""&nbsp;&nbsp;뉴시스",통신,2026-03,"'단타 1600% 수익률' 장동민, 청와대 입성…""개미들 가짜뉴스에 휘둘려"" - 뉴시스 '단타 1600% 수익률' 장동민, 청와대 입성…""개미들 가짜뉴스에 휘둘려""&nbsp;&nbsp;뉴시스"
2026-03-29,"기가레인, O-RU 양산 돌입… 대형 기지국 시장 글로벌 영토 확장 - 핀포인트뉴스","기가레인, O-RU 양산 돌입… 대형 기지국 시장 글로벌 영토 확장&nbsp;&nbsp;핀포인트뉴스",통신,2026-03,"기가레인, O-RU 양산 돌입… 대형 기지국 시장 글로벌 영토 확장 - 핀포인트뉴스 기가레인, O-RU 양산 돌입… 대형 기지국 시장 글로벌 영토 확장&nbsp;&nbsp;핀포인트뉴스"
2026-03-27,RIA 제도 인기에…미래에셋증권 입고액 닷새 만에 760억 돌파 - 열린뉴스통신,RIA 제도 인기에…미래에셋증권 입고액 닷새 만에 760억 돌파&nbsp;&nbsp;열린뉴스통신,통신,2026-03,RIA 제도 인기에…미래에셋증권 입고액 닷새 만에 760억 돌파 - 열린뉴스통신 RIA 제도 인기에…미래에셋증권 입고액 닷새 만에 760억 돌파&nbsp;&nbsp;열린뉴스통신
2026-03-16,[단독] 가입한 기억 없는데…통신요금에 '주식 추천 2만원'이 나왔다 - 네이트,[단독] 가입한 기억 없는데…통신요금에 '주식 추천 2만원'이 나왔다&nbsp;&nbsp;네이트,통신,2026-03,[단독] 가입한 기억 없는데…통신요금에 '주식 추천 2만원'이 나왔다 - 네이트 [단독] 가입한 기억 없는데…통신요금에 '주식 추천 2만원'이 나왔다&nbsp;&nbsp;네이트
2026-03-11,[이격도과열 종목] 쏠리드·에치에프알 등 통신장비주 훨훨… 과열에도 폭풍 매수 - 핀포인트뉴스,[이격도과열 종목] 쏠리드·에치에프알 등 통신장비주 훨훨… 과열에도 폭풍 매수&nbsp;&nbsp;핀포인트뉴스,통신,2026-03,[이격도과열 종목] 쏠리드·에치에프알 등 통신장비주 훨훨… 과열에도 폭풍 매수 - 핀포인트뉴스 [이격도과열 종목] 쏠리드·에치에프알 등 통신장비주 훨훨… 과열에도 폭풍 매수&nbsp;&nbsp;핀포인트뉴스
2026-03-05,"'해외주식 양도 소득세율 40％로 상향','하반신만 있는 시체 37건 발견' 등 가짜뉴스 유포한 30대 송치 - 강원일보","'해외주식 양도 소득세율 40％로 상향','하반신만 있는 시체 37건 발견' 등 가짜뉴스 유포한 30대 송치&nbsp;&nbsp;강원일보",통신,2026-03,"'해외주식 양도 소득세율 40％로 상향','하반신만 있는 시체 37건 발견' 등 가짜뉴스 유포한 30대 송치 - 강원일보 '해외주식 양도 소득세율 40％로 상향','하반신만 있는 시체 37건 발견' 등 가짜뉴스 유포한 30대 송치&nbsp;&nbsp;강원일보"
2026-03-26,정재헌 SKT CEO 대표이사 선임 - 정보통신신문,정재헌 SKT CEO 대표이사 선임&nbsp;&nbsp;정보통신신문,통신,2026-03,정재헌 SKT CEO 대표이사 선임 - 정보통신신문 정재헌 SKT CEO 대표이사 선임&nbsp;&nbsp;정보통신신문
2026-03-24,"하나은행, AI연금투자 솔루션 통합 서비스 내놨다 - 테크M","하나은행, AI연금투자 솔루션 통합 서비스 내놨다&nbsp;&nbsp;테크M",통신,2026-03,"하나은행, AI연금투자 솔루션 통합 서비스 내놨다 - 테크M 하나은행, AI연금투자 솔루션 통합 서비스 내놨다&nbsp;&nbsp;테크M"
2026-03-02,"[MWC26] 퀄컴, 'AI 자율 공장' 공략 '시동'...지멘스 '맞손' - 테크M","[MWC26] 퀄컴, 'AI 자율 공장' 공략 '시동'...지멘스 '맞손'&nbsp;&nbsp;테크M",통신,2026-03,"[MWC26] 퀄컴, 'AI 자율 공장' 공략 '시동'...지멘스 '맞손' - 테크M [MWC26] 퀄컴, 'AI 자율 공장' 공략 '시동'...지멘스 '맞손'&nbsp;&nbsp;테크M"
2026-03-25,"5G 스마트폰의 숨은 심장… 쏘닉스, RF 필터 파운드리 강자 우뚝 - 핀포인트뉴스","5G 스마트폰의 숨은 심장… 쏘닉스, RF 필터 파운드리 강자 우뚝&nbsp;&nbsp;핀포인트뉴스",통신,2026-03,"5G 스마트폰의 숨은 심장… 쏘닉스, RF 필터 파운드리 강자 우뚝 - 핀포인트뉴스 5G 스마트폰의 숨은 심장… 쏘닉스, RF 필터 파운드리 강자 우뚝&nbsp;&nbsp;핀포인트뉴스"
2026-03-21,"RF머트리얼즈, 단순 패키징 넘어 '고부가가치 모듈'로 환골탈태 - 핀포인트뉴스","RF머트리얼즈, 단순 패키징 넘어 '고부가가치 모듈'로 환골탈태&nbsp;&nbsp;핀포인트뉴스",통신,2026-03,"RF머트리얼즈, 단순 패키징 넘어 '고부가가치 모듈'로 환골탈태 - 핀포인트뉴스 RF머트리얼즈, 단순 패키징 넘어 '고부가가치 모듈'로 환골탈태&nbsp;&nbsp;핀포인트뉴스"
2026-03-13,"""주가 오르자 수억 챙겼대"" 임원 매도행렬에…개미들 '한숨' [종목+] - 한국경제","""주가 오르자 수억 챙겼대"" 임원 매도행렬에…개미들 '한숨' [종목+]&nbsp;&nbsp;한국경제",통신,2026-03,"""주가 오르자 수억 챙겼대"" 임원 매도행렬에…개미들 '한숨' [종목+] - 한국경제 ""주가 오르자 수억 챙겼대"" 임원 매도행렬에…개미들 '한숨' [종목+]&nbsp;&nbsp;한국경제"
2026-03-30,"한화솔루션, 경영진 이어 사외이사까지 주식 매입...""유상증자 필요성 공감"" - 열린뉴스통신","한화솔루션, 경영진 이어 사외이사까지 주식 매입...""유상증자 필요성 공감""&nbsp;&nbsp;열린뉴스통신",통신,2026-03,"한화솔루션, 경영진 이어 사외이사까지 주식 매입...""유상증자 필요성 공감"" - 열린뉴스통신 한화솔루션, 경영진 이어 사외이사까지 주식 매입...""유상증자 필요성 공감""&nbsp;&nbsp;열린뉴스통신"
2026-03-01,저궤도 위성 활용한 '테슬라폰' 나온다…막 오른 우주통신 - 한국경제,저궤도 위성 활용한 '테슬라폰' 나온다…막 오른 우주통신&nbsp;&nbsp;한국경제,통신,2026-03,저궤도 위성 활용한 '테슬라폰' 나온다…막 오른 우주통신 - 한국경제 저궤도 위성 활용한 '테슬라폰' 나온다…막 오른 우주통신&nbsp;&nbsp;한국경제
2026-03-24,"하나증권, 정부 세제 혜택 맞춤형 '국내주식복귀(RIA) 계좌' 출시 - 열린뉴스통신","하나증권, 정부 세제 혜택 맞춤형 '국내주식복귀(RIA) 계좌' 출시&nbsp;&nbsp;열린뉴스통신",통신,2026-03,"하나증권, 정부 세제 혜택 맞춤형 '국내주식복귀(RIA) 계좌' 출시 - 열린뉴스통신 하나증권, 정부 세제 혜택 맞춤형 '국내주식복귀(RIA) 계좌' 출시&nbsp;&nbsp;열린뉴스통신"
2026-03-26,"한국투자증권 'RIA', 출시 3일 만에 가입자 1만 명 달성 - 열린뉴스통신","한국투자증권 'RIA', 출시 3일 만에 가입자 1만 명 달성&nbsp;&nbsp;열린뉴스통신",통신,2026-03,"한국투자증권 'RIA', 출시 3일 만에 가입자 1만 명 달성 - 열린뉴스통신 한국투자증권 'RIA', 출시 3일 만에 가입자 1만 명 달성&nbsp;&nbsp;열린뉴스통신"
2026-03-12,"쏠리드, 통신장비 순환매 수혜 기대…목표가↑-하나 - 네이트","쏠리드, 통신장비 순환매 수혜 기대…목표가↑-하나&nbsp;&nbsp;네이트",통신,2026-03,"쏠리드, 통신장비 순환매 수혜 기대…목표가↑-하나 - 네이트 쏠리드, 통신장비 순환매 수혜 기대…목표가↑-하나&nbsp;&nbsp;네이트"
2026-03-16,[상대강도과열 종목] 에이비프로바이오·THE E&M 주가 폭발…단기 과열 신호 뚜렷 - 핀포인트뉴스,[상대강도과열 종목] 에이비프로바이오·THE E&amp;M 주가 폭발…단기 과열 신호 뚜렷&nbsp;&nbsp;핀포인트뉴스,통신,2026-03,[상대강도과열 종목] 에이비프로바이오·THE E&M 주가 폭발…단기 과열 신호 뚜렷 - 핀포인트뉴스 [상대강도과열 종목] 에이비프로바이오·THE E&amp;M 주가 폭발…단기 과열 신호 뚜렷&nbsp;&nbsp;핀포인트뉴스
2026-03-27,"SKB, 완전히 SKT 품으로…유선 통신 시너지 기대 - 네이트","SKB, 완전히 SKT 품으로…유선 통신 시너지 기대&nbsp;&nbsp;네이트",통신,2026-03,"SKB, 완전히 SKT 품으로…유선 통신 시너지 기대 - 네이트 SKB, 완전히 SKT 품으로…유선 통신 시너지 기대&nbsp;&nbsp;네이트"
2026-03-16,"글로벌 통신업계, AI 기반 6G 준비 ""재부팅 아닌 진화"" - 디지털투데이","글로벌 통신업계, AI 기반 6G 준비 ""재부팅 아닌 진화""&nbsp;&nbsp;디지털투데이",통신,2026-03,"글로벌 통신업계, AI 기반 6G 준비 ""재부팅 아닌 진화"" - 디지털투데이 글로벌 통신업계, AI 기반 6G 준비 ""재부팅 아닌 진화""&nbsp;&nbsp;디지털투데이"
2026-03-20,"카타르 LNG 불가항력 선언 가능성과 정부 대응, 쿠팡 현장 체험, 삼성전자 주식 블록딜까지 이시각 주요뉴스 - 연합인포맥스","카타르 LNG 불가항력 선언 가능성과 정부 대응, 쿠팡 현장 체험, 삼성전자 주식 블록딜까지 이시각 주요뉴스&nbsp;&nbsp;연합인포맥스",LNG,2026-03,"카타르 LNG 불가항력 선언 가능성과 정부 대응, 쿠팡 현장 체험, 삼성전자 주식 블록딜까지 이시각 주요뉴스 - 연합인포맥스 카타르 LNG 불가항력 선언 가능성과 정부 대응, 쿠팡 현장 체험, 삼성전자 주식 블록딜까지 이시각 주요뉴스&nbsp;&nbsp;연합인포맥스"
2026-03-28,2026년 매수해야 할 LNG주 Top 3: 지금 천연가스에 투자해야 하는 이유 - TradingKey,2026년 매수해야 할 LNG주 Top 3: 지금 천연가스에 투자해야 하는 이유&nbsp;&nbsp;TradingKey,LNG,2026-03,2026년 매수해야 할 LNG주 Top 3: 지금 천연가스에 투자해야 하는 이유 - TradingKey 2026년 매수해야 할 LNG주 Top 3: 지금 천연가스에 투자해야 하는 이유&nbsp;&nbsp;TradingKey
2026-03-03,이란 사태에 뉴욕증시 '잠잠'…유가·천연가스는 급등(종합) - 연합뉴스,이란 사태에 뉴욕증시 '잠잠'…유가·천연가스는 급등(종합)&nbsp;&nbsp;연합뉴스,LNG,2026-03,이란 사태에 뉴욕증시 '잠잠'…유가·천연가스는 급등(종합) - 연합뉴스 이란 사태에 뉴욕증시 '잠잠'…유가·천연가스는 급등(종합)&nbsp;&nbsp;연합뉴스
2026-03-09,"“호르무즈 해협 긴장에 LNG 변수”…NH證, SK가스 목표가 33만 원으로[줍줍리포트] - 서울경제","“호르무즈 해협 긴장에 LNG 변수”…NH證, SK가스 목표가 33만 원으로[줍줍리포트]&nbsp;&nbsp;서울경제",LNG,2026-03,"“호르무즈 해협 긴장에 LNG 변수”…NH證, SK가스 목표가 33만 원으로[줍줍리포트] - 서울경제 “호르무즈 해협 긴장에 LNG 변수”…NH證, SK가스 목표가 33만 원으로[줍줍리포트]&nbsp;&nbsp;서울경제"
2026-03-24,"벤처 글로벌-비톨, 새로운 LNG 구매 계약 체결 - 뉴스와이어","벤처 글로벌-비톨, 새로운 LNG 구매 계약 체결&nbsp;&nbsp;뉴스와이어",LNG,2026-03,"벤처 글로벌-비톨, 새로운 LNG 구매 계약 체결 - 뉴스와이어 벤처 글로벌-비톨, 새로운 LNG 구매 계약 체결&nbsp;&nbsp;뉴스와이어"
2026-03-09,"[생생한 주식쇼 생쇼] 지정학적 리스크 심화, 조선·LNG 관련주 주목 - 매일경제TV","[생생한 주식쇼 생쇼] 지정학적 리스크 심화, 조선·LNG 관련주 주목&nbsp;&nbsp;매일경제TV",LNG,2026-03,"[생생한 주식쇼 생쇼] 지정학적 리스크 심화, 조선·LNG 관련주 주목 - 매일경제TV [생생한 주식쇼 생쇼] 지정학적 리스크 심화, 조선·LNG 관련주 주목&nbsp;&nbsp;매일경제TV"
2026-03-17,"NYK, LNG 연료 공급 강화...아베닐에 50% 출자 - 쉬핑뉴스넷","NYK, LNG 연료 공급 강화...아베닐에 50% 출자&nbsp;&nbsp;쉬핑뉴스넷",LNG,2026-03,"NYK, LNG 연료 공급 강화...아베닐에 50% 출자 - 쉬핑뉴스넷 NYK, LNG 연료 공급 강화...아베닐에 50% 출자&nbsp;&nbsp;쉬핑뉴스넷"
2026-03-16,대한해운 주가 파죽지세.. LNG 운반선 수요 급증 부각 - 핀포인트뉴스,대한해운 주가 파죽지세.. LNG 운반선 수요 급증 부각&nbsp;&nbsp;핀포인트뉴스,LNG,2026-03,대한해운 주가 파죽지세.. LNG 운반선 수요 급증 부각 - 핀포인트뉴스 대한해운 주가 파죽지세.. LNG 운반선 수요 급증 부각&nbsp;&nbsp;핀포인트뉴스
2026-03-20,"[특징주] SNT에너지, 카타르 LNG 피격 여파에 장중 '上' - ebn.co.kr","[특징주] SNT에너지, 카타르 LNG 피격 여파에 장중 '上'&nbsp;&nbsp;ebn.co.kr",LNG,2026-03,"[특징주] SNT에너지, 카타르 LNG 피격 여파에 장중 '上' - ebn.co.kr [특징주] SNT에너지, 카타르 LNG 피격 여파에 장중 '上'&nbsp;&nbsp;ebn.co.kr"
2026-03-19,카타르 LNG 17% '심각한 손상'…韓 수입 '날벼락' [이상은의 워싱턴나우] - 한국경제,카타르 LNG 17% '심각한 손상'…韓 수입 '날벼락' [이상은의 워싱턴나우]&nbsp;&nbsp;한국경제,LNG,2026-03,카타르 LNG 17% '심각한 손상'…韓 수입 '날벼락' [이상은의 워싱턴나우] - 한국경제 카타르 LNG 17% '심각한 손상'…韓 수입 '날벼락' [이상은의 워싱턴나우]&nbsp;&nbsp;한국경제
2026-03-08,美-이란전 최대 수혜국은 미국?…에너지 기업 뜨고 증시도 선방 - 블루밍비트,美-이란전 최대 수혜국은 미국?…에너지 기업 뜨고 증시도 선방&nbsp;&nbsp;블루밍비트,LNG,2026-03,美-이란전 최대 수혜국은 미국?…에너지 기업 뜨고 증시도 선방 - 블루밍비트 美-이란전 최대 수혜국은 미국?…에너지 기업 뜨고 증시도 선방&nbsp;&nbsp;블루밍비트
2026-03-31,"DS투자 ""미국발 LNG선 수요 급증에 보냉제 기업 실적개선 기대"" - 연합뉴스","DS투자 ""미국발 LNG선 수요 급증에 보냉제 기업 실적개선 기대""&nbsp;&nbsp;연합뉴스",LNG,2026-03,"DS투자 ""미국발 LNG선 수요 급증에 보냉제 기업 실적개선 기대"" - 연합뉴스 DS투자 ""미국발 LNG선 수요 급증에 보냉제 기업 실적개선 기대""&nbsp;&nbsp;연합뉴스"
2026-03-10,"""호르무즈 해협 폐쇄, 원유보다 천연가스가 더 문제"" - 연합인포맥스","""호르무즈 해협 폐쇄, 원유보다 천연가스가 더 문제""&nbsp;&nbsp;연합인포맥스",LNG,2026-03,"""호르무즈 해협 폐쇄, 원유보다 천연가스가 더 문제"" - 연합인포맥스 ""호르무즈 해협 폐쇄, 원유보다 천연가스가 더 문제""&nbsp;&nbsp;연합인포맥스"
2026-03-25,"IBK투자 ""카타르 LNG 계약 불가항력 선언…헬륨 공급도 차질"" - 연합뉴스","IBK투자 ""카타르 LNG 계약 불가항력 선언…헬륨 공급도 차질""&nbsp;&nbsp;연합뉴스",LNG,2026-03,"IBK투자 ""카타르 LNG 계약 불가항력 선언…헬륨 공급도 차질"" - 연합뉴스 IBK투자 ""카타르 LNG 계약 불가항력 선언…헬륨 공급도 차질""&nbsp;&nbsp;연합뉴스"
2026-03-10,"K-조선, '23.6조 수주' 카타르 LNG선 인도 지연 위험 경고 - 연합인포맥스","K-조선, '23.6조 수주' 카타르 LNG선 인도 지연 위험 경고&nbsp;&nbsp;연합인포맥스",LNG,2026-03,"K-조선, '23.6조 수주' 카타르 LNG선 인도 지연 위험 경고 - 연합인포맥스 K-조선, '23.6조 수주' 카타르 LNG선 인도 지연 위험 경고&nbsp;&nbsp;연합인포맥스"
2026-03-05,"""카타르 LNG 생산 정상화 최소 한달 걸릴듯"" - 연합뉴스","""카타르 LNG 생산 정상화 최소 한달 걸릴듯""&nbsp;&nbsp;연합뉴스",LNG,2026-03,"""카타르 LNG 생산 정상화 최소 한달 걸릴듯"" - 연합뉴스 ""카타르 LNG 생산 정상화 최소 한달 걸릴듯""&nbsp;&nbsp;연합뉴스"
2026-03-08,중동 사태에 LNG선·탱커 발주 늘까…K조선 '반사이익' 기대감 - 연합뉴스,중동 사태에 LNG선·탱커 발주 늘까…K조선 '반사이익' 기대감&nbsp;&nbsp;연합뉴스,LNG,2026-03,중동 사태에 LNG선·탱커 발주 늘까…K조선 '반사이익' 기대감 - 연합뉴스 중동 사태에 LNG선·탱커 발주 늘까…K조선 '반사이익' 기대감&nbsp;&nbsp;연합뉴스
2026-03-19,LNG 공급 초비상…미사일 공격받은 카타르 가스 허브 - 연합뉴스,LNG 공급 초비상…미사일 공격받은 카타르 가스 허브&nbsp;&nbsp;연합뉴스,LNG,2026-03,LNG 공급 초비상…미사일 공격받은 카타르 가스 허브 - 연합뉴스 LNG 공급 초비상…미사일 공격받은 카타르 가스 허브&nbsp;&nbsp;연합뉴스
2026-03-24,"카타르, 한국 등 4개국 LNG 장기계약 '불가항력' 선언 - 연합뉴스","카타르, 한국 등 4개국 LNG 장기계약 '불가항력' 선언&nbsp;&nbsp;연합뉴스",LNG,2026-03,"카타르, 한국 등 4개국 LNG 장기계약 '불가항력' 선언 - 연합뉴스 카타르, 한국 등 4개국 LNG 장기계약 '불가항력' 선언&nbsp;&nbsp;연합뉴스"
2026-03-20,[그래픽] 카타르 LNG시설 피격 생산 수급 전망 - 연합뉴스,[그래픽] 카타르 LNG시설 피격 생산 수급 전망&nbsp;&nbsp;연합뉴스,LNG,2026-03,[그래픽] 카타르 LNG시설 피격 생산 수급 전망 - 연합뉴스 [그래픽] 카타르 LNG시설 피격 생산 수급 전망&nbsp;&nbsp;연합뉴스
2026-03-05,"중동 갈등에 'LNG선 강자' 조선주 부각, HD현대중공업 삼성중공업 한화오션 '3월 국장' 주인공 되나 - 비즈니스포스트","중동 갈등에 'LNG선 강자' 조선주 부각, HD현대중공업 삼성중공업 한화오션 '3월 국장' 주인공 되나&nbsp;&nbsp;비즈니스포스트",LNG,2026-03,"중동 갈등에 'LNG선 강자' 조선주 부각, HD현대중공업 삼성중공업 한화오션 '3월 국장' 주인공 되나 - 비즈니스포스트 중동 갈등에 'LNG선 강자' 조선주 부각, HD현대중공업 삼성중공업 한화오션 '3월 국장' 주인공 되나&nbsp;&nbsp;비즈니스포스트"
2026-03-03,카타르 LNG시설 가동중단에 아시아·유럽 천연가스 가격폭등(종합) - 연합뉴스,카타르 LNG시설 가동중단에 아시아·유럽 천연가스 가격폭등(종합)&nbsp;&nbsp;연합뉴스,LNG,2026-03,카타르 LNG시설 가동중단에 아시아·유럽 천연가스 가격폭등(종합) - 연합뉴스 카타르 LNG시설 가동중단에 아시아·유럽 천연가스 가격폭등(종합)&nbsp;&nbsp;연합뉴스
2026-03-24,"[속보] 카타르, 한국 등에 LNG 장기계약 불가항력 선언 - 연합뉴스","[속보] 카타르, 한국 등에 LNG 장기계약 불가항력 선언&nbsp;&nbsp;연합뉴스",LNG,2026-03,"[속보] 카타르, 한국 등에 LNG 장기계약 불가항력 선언 - 연합뉴스 [속보] 카타르, 한국 등에 LNG 장기계약 불가항력 선언&nbsp;&nbsp;연합뉴스"
2026-03-10,호르무즈해협 봉쇄로 글로벌 LNG 20% 감소…유럽 가스값 폭등 - 서울경제,호르무즈해협 봉쇄로 글로벌 LNG 20% 감소…유럽 가스값 폭등&nbsp;&nbsp;서울경제,LNG,2026-03,호르무즈해협 봉쇄로 글로벌 LNG 20% 감소…유럽 가스값 폭등 - 서울경제 호르무즈해협 봉쇄로 글로벌 LNG 20% 감소…유럽 가스값 폭등&nbsp;&nbsp;서울경제
2026-03-02,韓 원유 70%·LNG 20% 중동 의존…호르무즈 해협 막히면 韓산업 타격 우려 - 연합뉴스,韓 원유 70%·LNG 20% 중동 의존…호르무즈 해협 막히면 韓산업 타격 우려&nbsp;&nbsp;연합뉴스,LNG,2026-03,韓 원유 70%·LNG 20% 중동 의존…호르무즈 해협 막히면 韓산업 타격 우려 - 연합뉴스 韓 원유 70%·LNG 20% 중동 의존…호르무즈 해협 막히면 韓산업 타격 우려&nbsp;&nbsp;연합뉴스
2026-03-20,카타르 “한국 등과 LNG 장기계약 불가항력 선언할 수도” - 매일경제,카타르 “한국 등과 LNG 장기계약 불가항력 선언할 수도”&nbsp;&nbsp;매일경제,LNG,2026-03,카타르 “한국 등과 LNG 장기계약 불가항력 선언할 수도” - 매일경제 카타르 “한국 등과 LNG 장기계약 불가항력 선언할 수도”&nbsp;&nbsp;매일경제
2026-03-16,"하나증권 ""중동 분쟁 속 유연탄·미국산 LNG 원가 우위…한국전력 3분기 SMP 상승 전망"" - 데이터투자","하나증권 ""중동 분쟁 속 유연탄·미국산 LNG 원가 우위…한국전력 3분기 SMP 상승 전망""&nbsp;&nbsp;데이터투자",LNG,2026-03,"하나증권 ""중동 분쟁 속 유연탄·미국산 LNG 원가 우위…한국전력 3분기 SMP 상승 전망"" - 데이터투자 하나증권 ""중동 분쟁 속 유연탄·미국산 LNG 원가 우위…한국전력 3분기 SMP 상승 전망""&nbsp;&nbsp;데이터투자"
2026-03-09,"""호르무즈 봉쇄, 4년만에 기회"" SK가스, 목표가 급등...에코프로비엠, 유가상승에 유럽 IAA '이중 수혜' [株토피아] - v.daum.net","""호르무즈 봉쇄, 4년만에 기회"" SK가스, 목표가 급등...에코프로비엠, 유가상승에 유럽 IAA '이중 수혜' [株토피아]&nbsp;&nbsp;v.daum.net",LNG,2026-03,"""호르무즈 봉쇄, 4년만에 기회"" SK가스, 목표가 급등...에코프로비엠, 유가상승에 유럽 IAA '이중 수혜' [株토피아] - v.daum.net ""호르무즈 봉쇄, 4년만에 기회"" SK가스, 목표가 급등...에코프로비엠, 유가상승에 유럽 IAA '이중 수혜' [株토피아]&nbsp;&nbsp;v.daum.net"
2026-03-04,"러 LNG 수송선, 리비아 인근서 침몰…러 ""우크라 공격"" - 연합뉴스","러 LNG 수송선, 리비아 인근서 침몰…러 ""우크라 공격""&nbsp;&nbsp;연합뉴스",LNG,2026-03,"러 LNG 수송선, 리비아 인근서 침몰…러 ""우크라 공격"" - 연합뉴스 러 LNG 수송선, 리비아 인근서 침몰…러 ""우크라 공격""&nbsp;&nbsp;연합뉴스"
2026-03-12,"""셸, 카타르 LNG 물량에 대해 불가항력 선언"" - 연합뉴스","""셸, 카타르 LNG 물량에 대해 불가항력 선언""&nbsp;&nbsp;연합뉴스",LNG,2026-03,"""셸, 카타르 LNG 물량에 대해 불가항력 선언"" - 연합뉴스 ""셸, 카타르 LNG 물량에 대해 불가항력 선언""&nbsp;&nbsp;연합뉴스"
2026-03-12,'445조' 초대형 계약 자랑한 트럼프…이란 전쟁에 웃는 '이 시장'[미국-이란 전쟁] - v.daum.net,'445조' 초대형 계약 자랑한 트럼프…이란 전쟁에 웃는 '이 시장'[미국-이란 전쟁]&nbsp;&nbsp;v.daum.net,LNG,2026-03,'445조' 초대형 계약 자랑한 트럼프…이란 전쟁에 웃는 '이 시장'[미국-이란 전쟁] - v.daum.net '445조' 초대형 계약 자랑한 트럼프…이란 전쟁에 웃는 '이 시장'[미국-이란 전쟁]&nbsp;&nbsp;v.daum.net
2026-03-04,[미국-이란 전쟁] 한국 주식과 원화가 녹고 있다 - 코리아리포트,[미국-이란 전쟁] 한국 주식과 원화가 녹고 있다&nbsp;&nbsp;코리아리포트,LNG,2026-03,[미국-이란 전쟁] 한국 주식과 원화가 녹고 있다 - 코리아리포트 [미국-이란 전쟁] 한국 주식과 원화가 녹고 있다&nbsp;&nbsp;코리아리포트
2026-03-21,"""주가 더 뛸 것""... 성광벤드, LNG 터미널 건설 직접수혜 기대 - 핀포인트뉴스","""주가 더 뛸 것""... 성광벤드, LNG 터미널 건설 직접수혜 기대&nbsp;&nbsp;핀포인트뉴스",LNG,2026-03,"""주가 더 뛸 것""... 성광벤드, LNG 터미널 건설 직접수혜 기대 - 핀포인트뉴스 ""주가 더 뛸 것""... 성광벤드, LNG 터미널 건설 직접수혜 기대&nbsp;&nbsp;핀포인트뉴스"
2026-03-19,카타르 'LNG 허브' 이틀째 피격…UAE 가스시설도 운영 중단(종합) - 연합뉴스,카타르 'LNG 허브' 이틀째 피격…UAE 가스시설도 운영 중단(종합)&nbsp;&nbsp;연합뉴스,LNG,2026-03,카타르 'LNG 허브' 이틀째 피격…UAE 가스시설도 운영 중단(종합) - 연합뉴스 카타르 'LNG 허브' 이틀째 피격…UAE 가스시설도 운영 중단(종합)&nbsp;&nbsp;연합뉴스
2026-03-03,카타르 가스·사우디 정유공장 '셧다운'…LNG 가격 50% 치솟았다 - 한국경제,카타르 가스·사우디 정유공장 '셧다운'…LNG 가격 50% 치솟았다&nbsp;&nbsp;한국경제,LNG,2026-03,카타르 가스·사우디 정유공장 '셧다운'…LNG 가격 50% 치솟았다 - 한국경제 카타르 가스·사우디 정유공장 '셧다운'…LNG 가격 50% 치솟았다&nbsp;&nbsp;한국경제
2026-03-21,"한텍, 화공기기 맞춤 설계부터 수소탱크까지… 에너지 설비 강자 입증 - 핀포인트뉴스","한텍, 화공기기 맞춤 설계부터 수소탱크까지… 에너지 설비 강자 입증&nbsp;&nbsp;핀포인트뉴스",LNG,2026-03,"한텍, 화공기기 맞춤 설계부터 수소탱크까지… 에너지 설비 강자 입증 - 핀포인트뉴스 한텍, 화공기기 맞춤 설계부터 수소탱크까지… 에너지 설비 강자 입증&nbsp;&nbsp;핀포인트뉴스"
2026-03-23,"증권가, ‘에너지전쟁 수혜’ 포스코인터 목표주가 상향 [줍줍리포트] - 서울경제","증권가, ‘에너지전쟁 수혜’ 포스코인터 목표주가 상향 [줍줍리포트]&nbsp;&nbsp;서울경제",LNG,2026-03,"증권가, ‘에너지전쟁 수혜’ 포스코인터 목표주가 상향 [줍줍리포트] - 서울경제 증권가, ‘에너지전쟁 수혜’ 포스코인터 목표주가 상향 [줍줍리포트]&nbsp;&nbsp;서울경제"
2026-03-12,"'한국카본' 52주 신고가 경신, 신조선가 올라간 LNG가 온다 - 다올투자증권, BUY - 네이트","'한국카본' 52주 신고가 경신, 신조선가 올라간 LNG가 온다 - 다올투자증권, BUY&nbsp;&nbsp;네이트",LNG,2026-03,"'한국카본' 52주 신고가 경신, 신조선가 올라간 LNG가 온다 - 다올투자증권, BUY - 네이트 '한국카본' 52주 신고가 경신, 신조선가 올라간 LNG가 온다 - 다올투자증권, BUY&nbsp;&nbsp;네이트"
2026-03-31,"사우디부터 아랍에미리트까지… SNT에너지, 'K-플랜트' 기술력 입증 - 핀포인트뉴스","사우디부터 아랍에미리트까지… SNT에너지, 'K-플랜트' 기술력 입증&nbsp;&nbsp;핀포인트뉴스",LNG,2026-03,"사우디부터 아랍에미리트까지… SNT에너지, 'K-플랜트' 기술력 입증 - 핀포인트뉴스 사우디부터 아랍에미리트까지… SNT에너지, 'K-플랜트' 기술력 입증&nbsp;&nbsp;핀포인트뉴스"
2026-03-02,"미국, 한국증시 전망 : 미국-이란 전쟁 이슈에 따른 하락장 전환 대비 필요 - 네이버 프리미엄콘텐츠","미국, 한국증시 전망 : 미국-이란 전쟁 이슈에 따른 하락장 전환 대비 필요&nbsp;&nbsp;네이버 프리미엄콘텐츠",LNG,2026-03,"미국, 한국증시 전망 : 미국-이란 전쟁 이슈에 따른 하락장 전환 대비 필요 - 네이버 프리미엄콘텐츠 미국, 한국증시 전망 : 미국-이란 전쟁 이슈에 따른 하락장 전환 대비 필요&nbsp;&nbsp;네이버 프리미엄콘텐츠"
2026-03-06,"대신증권 ""중동 긴장 고조…미국산 LNG 수요 확대 가능성"" - 네이트","대신증권 ""중동 긴장 고조…미국산 LNG 수요 확대 가능성""&nbsp;&nbsp;네이트",LNG,2026-03,"대신증권 ""중동 긴장 고조…미국산 LNG 수요 확대 가능성"" - 네이트 대신증권 ""중동 긴장 고조…미국산 LNG 수요 확대 가능성""&nbsp;&nbsp;네이트"
2026-03-21,"삼성E&A, LNG·청정에너지·물사업 확대…기업가치 제고 계획 발표 - ebn.co.kr","삼성E&amp;A, LNG·청정에너지·물사업 확대…기업가치 제고 계획 발표&nbsp;&nbsp;ebn.co.kr",LNG,2026-03,"삼성E&A, LNG·청정에너지·물사업 확대…기업가치 제고 계획 발표 - ebn.co.kr 삼성E&amp;A, LNG·청정에너지·물사업 확대…기업가치 제고 계획 발표&nbsp;&nbsp;ebn.co.kr"
2026-03-11,"비에이치아이, 중동향 566억 LNG HRSG 수주 - 파이낸셜뉴스","비에이치아이, 중동향 566억 LNG HRSG 수주&nbsp;&nbsp;파이낸셜뉴스",LNG,2026-03,"비에이치아이, 중동향 566억 LNG HRSG 수주 - 파이낸셜뉴스 비에이치아이, 중동향 566억 LNG HRSG 수주&nbsp;&nbsp;파이낸셜뉴스"
2026-03-11,"""전쟁 끝나도 기름값 안 내린다""…지금 담아야할 '이 주식' [분석+] - 한국경제","""전쟁 끝나도 기름값 안 내린다""…지금 담아야할 '이 주식' [분석+]&nbsp;&nbsp;한국경제",LNG,2026-03,"""전쟁 끝나도 기름값 안 내린다""…지금 담아야할 '이 주식' [분석+] - 한국경제 ""전쟁 끝나도 기름값 안 내린다""…지금 담아야할 '이 주식' [분석+]&nbsp;&nbsp;한국경제"
2026-03-31,철강B2B - 이야드,철강B2B&nbsp;&nbsp;이야드,LNG,2026-03,철강B2B - 이야드 철강B2B&nbsp;&nbsp;이야드
2026-03-09,"""최고의 인플레이션 방어주""…급락장 속 웃은 포스코인터 - 한국경제","""최고의 인플레이션 방어주""…급락장 속 웃은 포스코인터&nbsp;&nbsp;한국경제",LNG,2026-03,"""최고의 인플레이션 방어주""…급락장 속 웃은 포스코인터 - 한국경제 ""최고의 인플레이션 방어주""…급락장 속 웃은 포스코인터&nbsp;&nbsp;한국경제"
2026-03-24,"두산에너빌리티, 원전·LNG 동반 수주 확대 기대…목표가 12만원 유지 - CBC뉴스","두산에너빌리티, 원전·LNG 동반 수주 확대 기대…목표가 12만원 유지&nbsp;&nbsp;CBC뉴스",LNG,2026-03,"두산에너빌리티, 원전·LNG 동반 수주 확대 기대…목표가 12만원 유지 - CBC뉴스 두산에너빌리티, 원전·LNG 동반 수주 확대 기대…목표가 12만원 유지&nbsp;&nbsp;CBC뉴스"
2026-03-23,"호르무즈 해협 봉쇄, 호재 아니었나…해운주 줄하락 - 한국경제","호르무즈 해협 봉쇄, 호재 아니었나…해운주 줄하락&nbsp;&nbsp;한국경제",LNG,2026-03,"호르무즈 해협 봉쇄, 호재 아니었나…해운주 줄하락 - 한국경제 호르무즈 해협 봉쇄, 호재 아니었나…해운주 줄하락&nbsp;&nbsp;한국경제"
2026-03-20,"삼성중공업, LNG 운반선 3779억원 수주 - 네이트","삼성중공업, LNG 운반선 3779억원 수주&nbsp;&nbsp;네이트",LNG,2026-03,"삼성중공업, LNG 운반선 3779억원 수주 - 네이트 삼성중공업, LNG 운반선 3779억원 수주&nbsp;&nbsp;네이트"
2026-03-12,"외국인자금, 2월 주식시장서 135억달러 빠져나가…역대 최대 - 연합뉴스","외국인자금, 2월 주식시장서 135억달러 빠져나가…역대 최대&nbsp;&nbsp;연합뉴스",은행,2026-03,"외국인자금, 2월 주식시장서 135억달러 빠져나가…역대 최대 - 연합뉴스 외국인자금, 2월 주식시장서 135억달러 빠져나가…역대 최대&nbsp;&nbsp;연합뉴스"
2026-03-27,주식 배당금이란? 좋은 배당주 고르는 기준도 알아봐요 - KB Think,주식 배당금이란? 좋은 배당주 고르는 기준도 알아봐요&nbsp;&nbsp;KB Think,은행,2026-03,주식 배당금이란? 좋은 배당주 고르는 기준도 알아봐요 - KB Think 주식 배당금이란? 좋은 배당주 고르는 기준도 알아봐요&nbsp;&nbsp;KB Think
2026-03-12,'머니무브' 막아라…은행 예금금리 줄인상 - 매일경제TV,'머니무브' 막아라…은행 예금금리 줄인상&nbsp;&nbsp;매일경제TV,은행,2026-03,'머니무브' 막아라…은행 예금금리 줄인상 - 매일경제TV '머니무브' 막아라…은행 예금금리 줄인상&nbsp;&nbsp;매일경제TV
2026-03-26,"""집 대신 주식""⋯흔들리는 부동산 신화에 가계자산 공식 바뀐다 - v.daum.net","""집 대신 주식""⋯흔들리는 부동산 신화에 가계자산 공식 바뀐다&nbsp;&nbsp;v.daum.net",은행,2026-03,"""집 대신 주식""⋯흔들리는 부동산 신화에 가계자산 공식 바뀐다 - v.daum.net ""집 대신 주식""⋯흔들리는 부동산 신화에 가계자산 공식 바뀐다&nbsp;&nbsp;v.daum.net"
2026-03-14,"코스피 6000 시대, 은행의 역습…최고 연 20% 적금 등장 - 서울경제","코스피 6000 시대, 은행의 역습…최고 연 20% 적금 등장&nbsp;&nbsp;서울경제",은행,2026-03,"코스피 6000 시대, 은행의 역습…최고 연 20% 적금 등장 - 서울경제 코스피 6000 시대, 은행의 역습…최고 연 20% 적금 등장&nbsp;&nbsp;서울경제"
2026-03-10,증시 변동성에 ‘마이너스통장’ 대출 급증…개미 ‘빚투’ 우려 - 라이센스뉴스,증시 변동성에 ‘마이너스통장’ 대출 급증…개미 ‘빚투’ 우려&nbsp;&nbsp;라이센스뉴스,은행,2026-03,증시 변동성에 ‘마이너스통장’ 대출 급증…개미 ‘빚투’ 우려 - 라이센스뉴스 증시 변동성에 ‘마이너스통장’ 대출 급증…개미 ‘빚투’ 우려&nbsp;&nbsp;라이센스뉴스
2026-03-05,불안한 ‘빚투’ 30조… 역대 최고 - yonhapmidas.com,불안한 ‘빚투’ 30조… 역대 최고&nbsp;&nbsp;yonhapmidas.com,은행,2026-03,불안한 ‘빚투’ 30조… 역대 최고 - yonhapmidas.com 불안한 ‘빚투’ 30조… 역대 최고&nbsp;&nbsp;yonhapmidas.com
2026-03-12,[그래픽] 외국인 주식 투자자금 순유입 추이 - 연합뉴스,[그래픽] 외국인 주식 투자자금 순유입 추이&nbsp;&nbsp;연합뉴스,은행,2026-03,[그래픽] 외국인 주식 투자자금 순유입 추이 - 연합뉴스 [그래픽] 외국인 주식 투자자금 순유입 추이&nbsp;&nbsp;연합뉴스
2026-03-16,케이뱅크 주가 흐름에 찬물 끼얹은 대주주 - v.daum.net,케이뱅크 주가 흐름에 찬물 끼얹은 대주주&nbsp;&nbsp;v.daum.net,은행,2026-03,케이뱅크 주가 흐름에 찬물 끼얹은 대주주 - v.daum.net 케이뱅크 주가 흐름에 찬물 끼얹은 대주주&nbsp;&nbsp;v.daum.net
2026-03-11,널뛰기 장세에도 풀매수하는 강심장 개미들…美주식 보관액은 ↓ - 연합뉴스,널뛰기 장세에도 풀매수하는 강심장 개미들…美주식 보관액은 ↓&nbsp;&nbsp;연합뉴스,은행,2026-03,널뛰기 장세에도 풀매수하는 강심장 개미들…美주식 보관액은 ↓ - 연합뉴스 널뛰기 장세에도 풀매수하는 강심장 개미들…美주식 보관액은 ↓&nbsp;&nbsp;연합뉴스
2026-03-15,“뉴스에 이 단어 뜨는 순간 패닉”…사이드카·서킷브레이커·마진콜 무슨 뜻? [뉴스 쉽게보기] - v.daum.net,“뉴스에 이 단어 뜨는 순간 패닉”…사이드카·서킷브레이커·마진콜 무슨 뜻? [뉴스 쉽게보기]&nbsp;&nbsp;v.daum.net,은행,2026-03,“뉴스에 이 단어 뜨는 순간 패닉”…사이드카·서킷브레이커·마진콜 무슨 뜻? [뉴스 쉽게보기] - v.daum.net “뉴스에 이 단어 뜨는 순간 패닉”…사이드카·서킷브레이커·마진콜 무슨 뜻? [뉴스 쉽게보기]&nbsp;&nbsp;v.daum.net
2026-03-26,개인 해외증권투자 잔액 2천100억달러…2년새 2.3배로↑ - 연합뉴스,개인 해외증권투자 잔액 2천100억달러…2년새 2.3배로↑&nbsp;&nbsp;연합뉴스,은행,2026-03,개인 해외증권투자 잔액 2천100억달러…2년새 2.3배로↑ - 연합뉴스 개인 해외증권투자 잔액 2천100억달러…2년새 2.3배로↑&nbsp;&nbsp;연합뉴스
2026-03-09,"“주식시장, 최악은 오지도 않았다”…‘오일쇼크’ 덮치자 글로벌 증시 패닉 - v.daum.net","“주식시장, 최악은 오지도 않았다”…‘오일쇼크’ 덮치자 글로벌 증시 패닉&nbsp;&nbsp;v.daum.net",은행,2026-03,"“주식시장, 최악은 오지도 않았다”…‘오일쇼크’ 덮치자 글로벌 증시 패닉 - v.daum.net “주식시장, 최악은 오지도 않았다”…‘오일쇼크’ 덮치자 글로벌 증시 패닉&nbsp;&nbsp;v.daum.net"
2026-03-30,"신한투자 ""증권업, 이익 컨센서스 상향 전망…'비중확대' 의견"" - 연합뉴스","신한투자 ""증권업, 이익 컨센서스 상향 전망…'비중확대' 의견""&nbsp;&nbsp;연합뉴스",은행,2026-03,"신한투자 ""증권업, 이익 컨센서스 상향 전망…'비중확대' 의견"" - 연합뉴스 신한투자 ""증권업, 이익 컨센서스 상향 전망…'비중확대' 의견""&nbsp;&nbsp;연합뉴스"
2026-03-22,"고유가·외국인 5주 순매도…은행 창구 환율은 1,530원대 - 연합뉴스","고유가·외국인 5주 순매도…은행 창구 환율은 1,530원대&nbsp;&nbsp;연합뉴스",은행,2026-03,"고유가·외국인 5주 순매도…은행 창구 환율은 1,530원대 - 연합뉴스 고유가·외국인 5주 순매도…은행 창구 환율은 1,530원대&nbsp;&nbsp;연합뉴스"
2026-03-17,"""지난주 헤지펀드들이 금융주 공격적 공매도"" - 연합뉴스","""지난주 헤지펀드들이 금융주 공격적 공매도""&nbsp;&nbsp;연합뉴스",은행,2026-03,"""지난주 헤지펀드들이 금융주 공격적 공매도"" - 연합뉴스 ""지난주 헤지펀드들이 금융주 공격적 공매도""&nbsp;&nbsp;연합뉴스"
2026-03-17,"경찰, 다올투자증권·저축은행 본사 압수수색…저축은행법 위반 - 연합뉴스","경찰, 다올투자증권·저축은행 본사 압수수색…저축은행법 위반&nbsp;&nbsp;연합뉴스",은행,2026-03,"경찰, 다올투자증권·저축은행 본사 압수수색…저축은행법 위반 - 연합뉴스 경찰, 다올투자증권·저축은행 본사 압수수색…저축은행법 위반&nbsp;&nbsp;연합뉴스"
2026-03-09,"SK증권, 인도 ICICI 그룹과 '인베스터 세션' 개최 - 연합뉴스","SK증권, 인도 ICICI 그룹과 '인베스터 세션' 개최&nbsp;&nbsp;연합뉴스",은행,2026-03,"SK증권, 인도 ICICI 그룹과 '인베스터 세션' 개최 - 연합뉴스 SK증권, 인도 ICICI 그룹과 '인베스터 세션' 개최&nbsp;&nbsp;연합뉴스"
2026-03-08,"이란사태 빚투 절정…닷새간 마통 1.3조↑, 5년3개월만에 최대폭 - 연합뉴스","이란사태 빚투 절정…닷새간 마통 1.3조↑, 5년3개월만에 최대폭&nbsp;&nbsp;연합뉴스",은행,2026-03,"이란사태 빚투 절정…닷새간 마통 1.3조↑, 5년3개월만에 최대폭 - 연합뉴스 이란사태 빚투 절정…닷새간 마통 1.3조↑, 5년3개월만에 최대폭&nbsp;&nbsp;연합뉴스"
2026-03-06,2025년 우수 투자은행 시상식…최우수IB에 미래에셋증권 - 연합뉴스,2025년 우수 투자은행 시상식…최우수IB에 미래에셋증권&nbsp;&nbsp;연합뉴스,은행,2026-03,2025년 우수 투자은행 시상식…최우수IB에 미래에셋증권 - 연합뉴스 2025년 우수 투자은행 시상식…최우수IB에 미래에셋증권&nbsp;&nbsp;연합뉴스
2026-03-03,"저축 대신 주식, 금융권 예금 감소폭 커졌다 - 경남도민일보","저축 대신 주식, 금융권 예금 감소폭 커졌다&nbsp;&nbsp;경남도민일보",은행,2026-03,"저축 대신 주식, 금융권 예금 감소폭 커졌다 - 경남도민일보 저축 대신 주식, 금융권 예금 감소폭 커졌다&nbsp;&nbsp;경남도민일보"
2026-03-04,"""주식 안 할게 한번만 살려 주세요""…12% 폭락한 코스피에 개미들 '패닉' - v.daum.net","""주식 안 할게 한번만 살려 주세요""…12% 폭락한 코스피에 개미들 '패닉'&nbsp;&nbsp;v.daum.net",은행,2026-03,"""주식 안 할게 한번만 살려 주세요""…12% 폭락한 코스피에 개미들 '패닉' - v.daum.net ""주식 안 할게 한번만 살려 주세요""…12% 폭락한 코스피에 개미들 '패닉'&nbsp;&nbsp;v.daum.net"
2026-03-15,"영끌·빚투 비명…은행 주담대 상단 6.5% 넘어, 2년5개월내 최고 - 연합뉴스","영끌·빚투 비명…은행 주담대 상단 6.5% 넘어, 2년5개월내 최고&nbsp;&nbsp;연합뉴스",은행,2026-03,"영끌·빚투 비명…은행 주담대 상단 6.5% 넘어, 2년5개월내 최고 - 연합뉴스 영끌·빚투 비명…은행 주담대 상단 6.5% 넘어, 2년5개월내 최고&nbsp;&nbsp;연합뉴스"
2026-03-10,증시 급락에 개미 ‘반대매매’ 속출…미수금 2조 돌파 - 서울경제,증시 급락에 개미 ‘반대매매’ 속출…미수금 2조 돌파&nbsp;&nbsp;서울경제,은행,2026-03,증시 급락에 개미 ‘반대매매’ 속출…미수금 2조 돌파 - 서울경제 증시 급락에 개미 ‘반대매매’ 속출…미수금 2조 돌파&nbsp;&nbsp;서울경제
2026-03-17,"주식 투자 ‘대기 자금’ 붙잡는 저축은행, 최고금리 기준은 ‘천차만별’ - 뉴스퀘스트","주식 투자 ‘대기 자금’ 붙잡는 저축은행, 최고금리 기준은 ‘천차만별’&nbsp;&nbsp;뉴스퀘스트",은행,2026-03,"주식 투자 ‘대기 자금’ 붙잡는 저축은행, 최고금리 기준은 ‘천차만별’ - 뉴스퀘스트 주식 투자 ‘대기 자금’ 붙잡는 저축은행, 최고금리 기준은 ‘천차만별’&nbsp;&nbsp;뉴스퀘스트"
2026-03-26,서학개미 돌아오라는데…금융관료·자녀들은 “그래도 미국주식” - 매일경제,서학개미 돌아오라는데…금융관료·자녀들은 “그래도 미국주식”&nbsp;&nbsp;매일경제,은행,2026-03,서학개미 돌아오라는데…금융관료·자녀들은 “그래도 미국주식” - 매일경제 서학개미 돌아오라는데…금융관료·자녀들은 “그래도 미국주식”&nbsp;&nbsp;매일경제
2026-03-03,"한국투자증권, 中 국태해통증권과 MOU 체결, 리서치·투자은행(IB) 등 협력 예정 - 조선일보","한국투자증권, 中 국태해통증권과 MOU 체결, 리서치·투자은행(IB) 등 협력 예정&nbsp;&nbsp;조선일보",은행,2026-03,"한국투자증권, 中 국태해통증권과 MOU 체결, 리서치·투자은행(IB) 등 협력 예정 - 조선일보 한국투자증권, 中 국태해통증권과 MOU 체결, 리서치·투자은행(IB) 등 협력 예정&nbsp;&nbsp;조선일보"
2026-03-11,2월 금융권 가계대출 2.9조원↑…증가폭도 1.5조원 확대 - 연합뉴스,2월 금융권 가계대출 2.9조원↑…증가폭도 1.5조원 확대&nbsp;&nbsp;연합뉴스,은행,2026-03,2월 금융권 가계대출 2.9조원↑…증가폭도 1.5조원 확대 - 연합뉴스 2월 금융권 가계대출 2.9조원↑…증가폭도 1.5조원 확대&nbsp;&nbsp;연합뉴스
2026-03-10,"코스피, 하루 만에 5500선 탈환…외국인 1조원 넘게 컴백 - 스트레이트뉴스","코스피, 하루 만에 5500선 탈환…외국인 1조원 넘게 컴백&nbsp;&nbsp;스트레이트뉴스",은행,2026-03,"코스피, 하루 만에 5500선 탈환…외국인 1조원 넘게 컴백 - 스트레이트뉴스 코스피, 하루 만에 5500선 탈환…외국인 1조원 넘게 컴백&nbsp;&nbsp;스트레이트뉴스"
2026-03-23,"코스피 5천 시대 은행 떠나는 청년들…""적금 대신 주식 선호"" - 청년일보","코스피 5천 시대 은행 떠나는 청년들…""적금 대신 주식 선호""&nbsp;&nbsp;청년일보",은행,2026-03,"코스피 5천 시대 은행 떠나는 청년들…""적금 대신 주식 선호"" - 청년일보 코스피 5천 시대 은행 떠나는 청년들…""적금 대신 주식 선호""&nbsp;&nbsp;청년일보"
2026-03-11,"“주식시장 몰려갔던 개미들, 다시 은행 줄 설까”...‘3%대 예금’ 속속 등장 - 서울경제","“주식시장 몰려갔던 개미들, 다시 은행 줄 설까”...‘3%대 예금’ 속속 등장&nbsp;&nbsp;서울경제",은행,2026-03,"“주식시장 몰려갔던 개미들, 다시 은행 줄 설까”...‘3%대 예금’ 속속 등장 - 서울경제 “주식시장 몰려갔던 개미들, 다시 은행 줄 설까”...‘3%대 예금’ 속속 등장&nbsp;&nbsp;서울경제"
2026-03-08,"[비티의 투자 일기] 닷새 만에 1조원 마통 뚫은 사람들, 그들이 모르는 시한폭탄의 정체 - 네이버 프리미엄콘텐츠","[비티의 투자 일기] 닷새 만에 1조원 마통 뚫은 사람들, 그들이 모르는 시한폭탄의 정체&nbsp;&nbsp;네이버 프리미엄콘텐츠",은행,2026-03,"[비티의 투자 일기] 닷새 만에 1조원 마통 뚫은 사람들, 그들이 모르는 시한폭탄의 정체 - 네이버 프리미엄콘텐츠 [비티의 투자 일기] 닷새 만에 1조원 마통 뚫은 사람들, 그들이 모르는 시한폭탄의 정체&nbsp;&nbsp;네이버 프리미엄콘텐츠"
2026-03-25,[재산공개] 이창용 한은 총재 55억원…장용성 금통위원 124억원 - 연합뉴스,[재산공개] 이창용 한은 총재 55억원…장용성 금통위원 124억원&nbsp;&nbsp;연합뉴스,은행,2026-03,[재산공개] 이창용 한은 총재 55억원…장용성 금통위원 124억원 - 연합뉴스 [재산공개] 이창용 한은 총재 55억원…장용성 금통위원 124억원&nbsp;&nbsp;연합뉴스
2026-03-23,"신현송 한은총재 후보자 성향에 증권가 촉각…""기본적 매파성향' - 연합뉴스","신현송 한은총재 후보자 성향에 증권가 촉각…""기본적 매파성향'&nbsp;&nbsp;연합뉴스",은행,2026-03,"신현송 한은총재 후보자 성향에 증권가 촉각…""기본적 매파성향' - 연합뉴스 신현송 한은총재 후보자 성향에 증권가 촉각…""기본적 매파성향'&nbsp;&nbsp;연합뉴스"
2026-03-25,“은행보단 증권사”···자산관리시장 머니무브 본격화 - 이뉴스투데이,“은행보단 증권사”···자산관리시장 머니무브 본격화&nbsp;&nbsp;이뉴스투데이,은행,2026-03,“은행보단 증권사”···자산관리시장 머니무브 본격화 - 이뉴스투데이 “은행보단 증권사”···자산관리시장 머니무브 본격화&nbsp;&nbsp;이뉴스투데이
2026-03-13,"“신의 직장 따로 있었네”…직원 평균연봉 4.3억, 차원이 다른 이곳, 어디길래 - 매일경제 마켓","“신의 직장 따로 있었네”…직원 평균연봉 4.3억, 차원이 다른 이곳, 어디길래&nbsp;&nbsp;매일경제 마켓",은행,2026-03,"“신의 직장 따로 있었네”…직원 평균연봉 4.3억, 차원이 다른 이곳, 어디길래 - 매일경제 마켓 “신의 직장 따로 있었네”…직원 평균연봉 4.3억, 차원이 다른 이곳, 어디길래&nbsp;&nbsp;매일경제 마켓"
2026-03-12,'전쟁 쇼크'에 천당·지옥 오가더니…증권가 '깜짝 조언' 나왔다 [분석+] - 한국경제,'전쟁 쇼크'에 천당·지옥 오가더니…증권가 '깜짝 조언' 나왔다 [분석+]&nbsp;&nbsp;한국경제,은행,2026-03,'전쟁 쇼크'에 천당·지옥 오가더니…증권가 '깜짝 조언' 나왔다 [분석+] - 한국경제 '전쟁 쇼크'에 천당·지옥 오가더니…증권가 '깜짝 조언' 나왔다 [분석+]&nbsp;&nbsp;한국경제
2026-03-17,"케이뱅크 주가 부진, 최우형·우리은행 책임론[더시그널] - 한스경제","케이뱅크 주가 부진, 최우형·우리은행 책임론[더시그널]&nbsp;&nbsp;한스경제",은행,2026-03,"케이뱅크 주가 부진, 최우형·우리은행 책임론[더시그널] - 한스경제 케이뱅크 주가 부진, 최우형·우리은행 책임론[더시그널]&nbsp;&nbsp;한스경제"
2026-03-18,압수수색 받은 다올투자증권·저축은행 무슨 일이 - 서울경제,압수수색 받은 다올투자증권·저축은행 무슨 일이&nbsp;&nbsp;서울경제,은행,2026-03,압수수색 받은 다올투자증권·저축은행 무슨 일이 - 서울경제 압수수색 받은 다올투자증권·저축은행 무슨 일이&nbsp;&nbsp;서울경제
2026-03-12,"[자막뉴스] '극단적인 버블' 월가의 섬뜩 경고…""평생 다시 못 볼 고점"" 최악의 전망 나왔다 - SBS 뉴스","[자막뉴스] '극단적인 버블' 월가의 섬뜩 경고…""평생 다시 못 볼 고점"" 최악의 전망 나왔다&nbsp;&nbsp;SBS 뉴스",은행,2026-03,"[자막뉴스] '극단적인 버블' 월가의 섬뜩 경고…""평생 다시 못 볼 고점"" 최악의 전망 나왔다 - SBS 뉴스 [자막뉴스] '극단적인 버블' 월가의 섬뜩 경고…""평생 다시 못 볼 고점"" 최악의 전망 나왔다&nbsp;&nbsp;SBS 뉴스"
2026-03-27,“韓 주식 팔고 달러 삽니다”...트럼프 들끓는 변덕에 1500원대 머무는 원화값 - 매일경제 마켓,“韓 주식 팔고 달러 삽니다”...트럼프 들끓는 변덕에 1500원대 머무는 원화값&nbsp;&nbsp;매일경제 마켓,은행,2026-03,“韓 주식 팔고 달러 삽니다”...트럼프 들끓는 변덕에 1500원대 머무는 원화값 - 매일경제 마켓 “韓 주식 팔고 달러 삽니다”...트럼프 들끓는 변덕에 1500원대 머무는 원화값&nbsp;&nbsp;매일경제 마켓
2026-03-31,"1530원 넘긴 환율에…한은 ""외환시장 쏠림 뚜렷하면 대응할 것"" - 한국경제","1530원 넘긴 환율에…한은 ""외환시장 쏠림 뚜렷하면 대응할 것""&nbsp;&nbsp;한국경제",은행,2026-03,"1530원 넘긴 환율에…한은 ""외환시장 쏠림 뚜렷하면 대응할 것"" - 한국경제 1530원 넘긴 환율에…한은 ""외환시장 쏠림 뚜렷하면 대응할 것""&nbsp;&nbsp;한국경제"
2026-03-02,잘 나가던 코스피…이란 사태로 상승세 꺾이나[이런국장 저런주식] - 네이트,잘 나가던 코스피…이란 사태로 상승세 꺾이나[이런국장 저런주식]&nbsp;&nbsp;네이트,은행,2026-03,잘 나가던 코스피…이란 사태로 상승세 꺾이나[이런국장 저런주식] - 네이트 잘 나가던 코스피…이란 사태로 상승세 꺾이나[이런국장 저런주식]&nbsp;&nbsp;네이트
2026-03-02,삼일절 대체공휴일 주식 휴장…은행·택배도 휴식 - 네이트,삼일절 대체공휴일 주식 휴장…은행·택배도 휴식&nbsp;&nbsp;네이트,은행,2026-03,삼일절 대체공휴일 주식 휴장…은행·택배도 휴식 - 네이트 삼일절 대체공휴일 주식 휴장…은행·택배도 휴식&nbsp;&nbsp;네이트
2026-03-19,압수수색 당한 다올투자증권···대주주 부당 자금지원 의혹 - 뉴스웨이,압수수색 당한 다올투자증권···대주주 부당 자금지원 의혹&nbsp;&nbsp;뉴스웨이,은행,2026-03,압수수색 당한 다올투자증권···대주주 부당 자금지원 의혹 - 뉴스웨이 압수수색 당한 다올투자증권···대주주 부당 자금지원 의혹&nbsp;&nbsp;뉴스웨이
2026-03-22,"""이 주식 사세요"" 방송 직후 대량 매도…유튜버, 리딩방 선행매매 '기승' - 네이트","""이 주식 사세요"" 방송 직후 대량 매도…유튜버, 리딩방 선행매매 '기승'&nbsp;&nbsp;네이트",은행,2026-03,"""이 주식 사세요"" 방송 직후 대량 매도…유튜버, 리딩방 선행매매 '기승' - 네이트 ""이 주식 사세요"" 방송 직후 대량 매도…유튜버, 리딩방 선행매매 '기승'&nbsp;&nbsp;네이트"
2026-03-07,"카자흐스탄 중앙은행, 가상자산 투자 확대…최대 5100억원 규모 - 디지털투데이","카자흐스탄 중앙은행, 가상자산 투자 확대…최대 5100억원 규모&nbsp;&nbsp;디지털투데이",은행,2026-03,"카자흐스탄 중앙은행, 가상자산 투자 확대…최대 5100억원 규모 - 디지털투데이 카자흐스탄 중앙은행, 가상자산 투자 확대…최대 5100억원 규모&nbsp;&nbsp;디지털투데이"
2026-04-24,오늘의 로봇 기업 주식 시세(2026-04-24) - 로봇신문,오늘의 로봇 기업 주식 시세(2026-04-24)&nbsp;&nbsp;로봇신문,로봇,2026-04,오늘의 로봇 기업 주식 시세(2026-04-24) - 로봇신문 오늘의 로봇 기업 주식 시세(2026-04-24)&nbsp;&nbsp;로봇신문
2026-04-08,[뉴스모음] 승부수 vs 무리수…'K로봇 유증' 엇갈린 시선 外 - 딜사이트,[뉴스모음] 승부수 vs 무리수…'K로봇 유증' 엇갈린 시선 外&nbsp;&nbsp;딜사이트,로봇,2026-04,[뉴스모음] 승부수 vs 무리수…'K로봇 유증' 엇갈린 시선 外 - 딜사이트 [뉴스모음] 승부수 vs 무리수…'K로봇 유증' 엇갈린 시선 外&nbsp;&nbsp;딜사이트
2026-04-08,"하나증권 ""LG전자, 본업 정상화에 로봇 모멘텀 추가…목표가 ↑"" - 연합뉴스","하나증권 ""LG전자, 본업 정상화에 로봇 모멘텀 추가…목표가 ↑""&nbsp;&nbsp;연합뉴스",로봇,2026-04,"하나증권 ""LG전자, 본업 정상화에 로봇 모멘텀 추가…목표가 ↑"" - 연합뉴스 하나증권 ""LG전자, 본업 정상화에 로봇 모멘텀 추가…목표가 ↑""&nbsp;&nbsp;연합뉴스"
2026-04-03,"안녕하세요, 저는 '순찰로봇'입니다 - 대한민국 정책브리핑","안녕하세요, 저는 '순찰로봇'입니다&nbsp;&nbsp;대한민국 정책브리핑",로봇,2026-04,"안녕하세요, 저는 '순찰로봇'입니다 - 대한민국 정책브리핑 안녕하세요, 저는 '순찰로봇'입니다&nbsp;&nbsp;대한민국 정책브리핑"
2026-04-07,"사실상 지배주주 휴림홀딩스, 휴림로봇 주식 대량 매도 - 네이트","사실상 지배주주 휴림홀딩스, 휴림로봇 주식 대량 매도&nbsp;&nbsp;네이트",로봇,2026-04,"사실상 지배주주 휴림홀딩스, 휴림로봇 주식 대량 매도 - 네이트 사실상 지배주주 휴림홀딩스, 휴림로봇 주식 대량 매도&nbsp;&nbsp;네이트"
2026-04-01,"“지금 안 사면 늦는다”…LG전자, 로봇·데이터센터 기대감에 목표가↑ - 매일경제 마켓","“지금 안 사면 늦는다”…LG전자, 로봇·데이터센터 기대감에 목표가↑&nbsp;&nbsp;매일경제 마켓",로봇,2026-04,"“지금 안 사면 늦는다”…LG전자, 로봇·데이터센터 기대감에 목표가↑ - 매일경제 마켓 “지금 안 사면 늦는다”…LG전자, 로봇·데이터센터 기대감에 목표가↑&nbsp;&nbsp;매일경제 마켓"
2026-04-08,"""현대차 로봇은 아직, 당장은 영업익 33% 감소""…엘앤에프 목표가 26만원까지 치솟아 [株토피아] - v.daum.net","""현대차 로봇은 아직, 당장은 영업익 33% 감소""…엘앤에프 목표가 26만원까지 치솟아 [株토피아]&nbsp;&nbsp;v.daum.net",로봇,2026-04,"""현대차 로봇은 아직, 당장은 영업익 33% 감소""…엘앤에프 목표가 26만원까지 치솟아 [株토피아] - v.daum.net ""현대차 로봇은 아직, 당장은 영업익 33% 감소""…엘앤에프 목표가 26만원까지 치솟아 [株토피아]&nbsp;&nbsp;v.daum.net"
2026-04-24,중국 로봇은 망했다? 대여료 95% 폭락의 진실 - 오마이뉴스,중국 로봇은 망했다? 대여료 95% 폭락의 진실&nbsp;&nbsp;오마이뉴스,로봇,2026-04,중국 로봇은 망했다? 대여료 95% 폭락의 진실 - 오마이뉴스 중국 로봇은 망했다? 대여료 95% 폭락의 진실&nbsp;&nbsp;오마이뉴스
2026-04-01,"클로봇 주가, 4월 1일 53,300원 10.24% 상승 마감 - 톱스타뉴스","클로봇 주가, 4월 1일 53,300원 10.24% 상승 마감&nbsp;&nbsp;톱스타뉴스",로봇,2026-04,"클로봇 주가, 4월 1일 53,300원 10.24% 상승 마감 - 톱스타뉴스 클로봇 주가, 4월 1일 53,300원 10.24% 상승 마감&nbsp;&nbsp;톱스타뉴스"
2026-04-14,"‘로봇의 관절’ 감속기 국산화… 에스비비테크, 글로벌 로봇 시장 정조준 - 핀포인트뉴스","‘로봇의 관절’ 감속기 국산화… 에스비비테크, 글로벌 로봇 시장 정조준&nbsp;&nbsp;핀포인트뉴스",로봇,2026-04,"‘로봇의 관절’ 감속기 국산화… 에스비비테크, 글로벌 로봇 시장 정조준 - 핀포인트뉴스 ‘로봇의 관절’ 감속기 국산화… 에스비비테크, 글로벌 로봇 시장 정조준&nbsp;&nbsp;핀포인트뉴스"
2026-04-21,휴림로봇·두산로보틱스·레인보우로보틱스·현대무벡스 ‘중동 변수에 흔들’...혼조의 탐색 - CBC뉴스,휴림로봇·두산로보틱스·레인보우로보틱스·현대무벡스 ‘중동 변수에 흔들’...혼조의 탐색&nbsp;&nbsp;CBC뉴스,로봇,2026-04,휴림로봇·두산로보틱스·레인보우로보틱스·현대무벡스 ‘중동 변수에 흔들’...혼조의 탐색 - CBC뉴스 휴림로봇·두산로보틱스·레인보우로보틱스·현대무벡스 ‘중동 변수에 흔들’...혼조의 탐색&nbsp;&nbsp;CBC뉴스
2026-04-12,"[이번주 관심주] 기아, CEO 등판에도 ‘자율주행·로봇 재평가’는 없었다 - 오피니언뉴스","[이번주 관심주] 기아, CEO 등판에도 ‘자율주행·로봇 재평가’는 없었다&nbsp;&nbsp;오피니언뉴스",로봇,2026-04,"[이번주 관심주] 기아, CEO 등판에도 ‘자율주행·로봇 재평가’는 없었다 - 오피니언뉴스 [이번주 관심주] 기아, CEO 등판에도 ‘자율주행·로봇 재평가’는 없었다&nbsp;&nbsp;오피니언뉴스"
2026-04-24,주간 로봇 기업 주가 동향(04/20~04/24) - 로봇신문,주간 로봇 기업 주가 동향(04/20~04/24)&nbsp;&nbsp;로봇신문,로봇,2026-04,주간 로봇 기업 주가 동향(04/20~04/24) - 로봇신문 주간 로봇 기업 주가 동향(04/20~04/24)&nbsp;&nbsp;로봇신문
2026-04-24,"'美 로봇주 투자' 등 ETF 4종, 28일 신규상장 - 연합뉴스","'美 로봇주 투자' 등 ETF 4종, 28일 신규상장&nbsp;&nbsp;연합뉴스",로봇,2026-04,"'美 로봇주 투자' 등 ETF 4종, 28일 신규상장 - 연합뉴스 '美 로봇주 투자' 등 ETF 4종, 28일 신규상장&nbsp;&nbsp;연합뉴스"
2026-04-02,"휴림로봇, 최대주주 주식 담보 반대매매로 담보주식 감소…“중동 변수 촉각” - CBC뉴스","휴림로봇, 최대주주 주식 담보 반대매매로 담보주식 감소…“중동 변수 촉각”&nbsp;&nbsp;CBC뉴스",로봇,2026-04,"휴림로봇, 최대주주 주식 담보 반대매매로 담보주식 감소…“중동 변수 촉각” - CBC뉴스 휴림로봇, 최대주주 주식 담보 반대매매로 담보주식 감소…“중동 변수 촉각”&nbsp;&nbsp;CBC뉴스"
2026-04-29,"""中 휴머노이드 로봇 인재 채용 수요 1년새 215.8% 증가"" - 연합뉴스","""中 휴머노이드 로봇 인재 채용 수요 1년새 215.8% 증가""&nbsp;&nbsp;연합뉴스",로봇,2026-04,"""中 휴머노이드 로봇 인재 채용 수요 1년새 215.8% 증가"" - 연합뉴스 ""中 휴머노이드 로봇 인재 채용 수요 1년새 215.8% 증가""&nbsp;&nbsp;연합뉴스"
2026-04-07,"""로봇세 매기고 주4일 근무""…오픈AI, '초지능시대' 정책 제안 - 연합뉴스","""로봇세 매기고 주4일 근무""…오픈AI, '초지능시대' 정책 제안&nbsp;&nbsp;연합뉴스",로봇,2026-04,"""로봇세 매기고 주4일 근무""…오픈AI, '초지능시대' 정책 제안 - 연합뉴스 ""로봇세 매기고 주4일 근무""…오픈AI, '초지능시대' 정책 제안&nbsp;&nbsp;연합뉴스"
2026-04-15,"""눈짓만으로 로봇팔 움직인다""…UNIST, 스마트 콘택트렌즈 개발 - 연합뉴스","""눈짓만으로 로봇팔 움직인다""…UNIST, 스마트 콘택트렌즈 개발&nbsp;&nbsp;연합뉴스",로봇,2026-04,"""눈짓만으로 로봇팔 움직인다""…UNIST, 스마트 콘택트렌즈 개발 - 연합뉴스 ""눈짓만으로 로봇팔 움직인다""…UNIST, 스마트 콘택트렌즈 개발&nbsp;&nbsp;연합뉴스"
2026-04-08,주가 10배 뛰는 동안 대주주는 팔고 있었다…휴림로봇 내부에서 무슨 일이 - 리드경제,주가 10배 뛰는 동안 대주주는 팔고 있었다…휴림로봇 내부에서 무슨 일이&nbsp;&nbsp;리드경제,로봇,2026-04,주가 10배 뛰는 동안 대주주는 팔고 있었다…휴림로봇 내부에서 무슨 일이 - 리드경제 주가 10배 뛰는 동안 대주주는 팔고 있었다…휴림로봇 내부에서 무슨 일이&nbsp;&nbsp;리드경제
2026-04-15,"앤로보틱스, 자회사 흡수 합병 통해 사업구조 재편 - 뉴스톱","앤로보틱스, 자회사 흡수 합병 통해 사업구조 재편&nbsp;&nbsp;뉴스톱",로봇,2026-04,"앤로보틱스, 자회사 흡수 합병 통해 사업구조 재편 - 뉴스톱 앤로보틱스, 자회사 흡수 합병 통해 사업구조 재편&nbsp;&nbsp;뉴스톱"
2026-04-22,휴림로봇 3일째 빠진다…글로벌 변수에 주가 주르륵 - CBC뉴스,휴림로봇 3일째 빠진다…글로벌 변수에 주가 주르륵&nbsp;&nbsp;CBC뉴스,로봇,2026-04,휴림로봇 3일째 빠진다…글로벌 변수에 주가 주르륵 - CBC뉴스 휴림로봇 3일째 빠진다…글로벌 변수에 주가 주르륵&nbsp;&nbsp;CBC뉴스
2026-04-29,"한-카타르, 제조AI·로봇·바이오·반도체 투자 협력 강화 - 연합뉴스","한-카타르, 제조AI·로봇·바이오·반도체 투자 협력 강화&nbsp;&nbsp;연합뉴스",로봇,2026-04,"한-카타르, 제조AI·로봇·바이오·반도체 투자 협력 강화 - 연합뉴스 한-카타르, 제조AI·로봇·바이오·반도체 투자 협력 강화&nbsp;&nbsp;연합뉴스"
2026-04-03,"클로봇, 애프터마켓서 10%대 급락 - 연합뉴스","클로봇, 애프터마켓서 10%대 급락&nbsp;&nbsp;연합뉴스",로봇,2026-04,"클로봇, 애프터마켓서 10%대 급락 - 연합뉴스 클로봇, 애프터마켓서 10%대 급락&nbsp;&nbsp;연합뉴스"
2026-04-24,휴림로봇 변동성 확대 글로벌 지정학적 변수...체력 눈길 - CBC뉴스,휴림로봇 변동성 확대 글로벌 지정학적 변수...체력 눈길&nbsp;&nbsp;CBC뉴스,로봇,2026-04,휴림로봇 변동성 확대 글로벌 지정학적 변수...체력 눈길 - CBC뉴스 휴림로봇 변동성 확대 글로벌 지정학적 변수...체력 눈길&nbsp;&nbsp;CBC뉴스
2026-04-28,"클로봇, AI 로봇 물류 실증 완료…상용화 확장 본격화 - 뉴스타운","클로봇, AI 로봇 물류 실증 완료…상용화 확장 본격화&nbsp;&nbsp;뉴스타운",로봇,2026-04,"클로봇, AI 로봇 물류 실증 완료…상용화 확장 본격화 - 뉴스타운 클로봇, AI 로봇 물류 실증 완료…상용화 확장 본격화&nbsp;&nbsp;뉴스타운"
2026-04-01,"LG CNS, 로봇 전환 전담조직 'RX 이노베이션 랩' 출범 - 연합뉴스","LG CNS, 로봇 전환 전담조직 'RX 이노베이션 랩' 출범&nbsp;&nbsp;연합뉴스",로봇,2026-04,"LG CNS, 로봇 전환 전담조직 'RX 이노베이션 랩' 출범 - 연합뉴스 LG CNS, 로봇 전환 전담조직 'RX 이노베이션 랩' 출범&nbsp;&nbsp;연합뉴스"
2026-04-03,"휴림로봇 최대주주 담보 전면 해제…342,145주 정리·745억 상환 완료 - CBC뉴스","휴림로봇 최대주주 담보 전면 해제…342,145주 정리·745억 상환 완료&nbsp;&nbsp;CBC뉴스",로봇,2026-04,"휴림로봇 최대주주 담보 전면 해제…342,145주 정리·745억 상환 완료 - CBC뉴스 휴림로봇 최대주주 담보 전면 해제…342,145주 정리·745억 상환 완료&nbsp;&nbsp;CBC뉴스"
2026-04-28,"삼성액티브자산, KoAct 미국로봇피지컬AI액티브 상장 - 매일경제 마켓","삼성액티브자산, KoAct 미국로봇피지컬AI액티브 상장&nbsp;&nbsp;매일경제 마켓",로봇,2026-04,"삼성액티브자산, KoAct 미국로봇피지컬AI액티브 상장 - 매일경제 마켓 삼성액티브자산, KoAct 미국로봇피지컬AI액티브 상장&nbsp;&nbsp;매일경제 마켓"
2026-04-27,'춤추는 로봇'…코엑스서 '자율제조AI 월드쇼' 개막 - 연합뉴스,'춤추는 로봇'…코엑스서 '자율제조AI 월드쇼' 개막&nbsp;&nbsp;연합뉴스,로봇,2026-04,'춤추는 로봇'…코엑스서 '자율제조AI 월드쇼' 개막 - 연합뉴스 '춤추는 로봇'…코엑스서 '자율제조AI 월드쇼' 개막&nbsp;&nbsp;연합뉴스
2026-04-16,"현대차 노조, 완전 월급제 요구…휴머노이드 로봇 본격 대응 - 연합뉴스","현대차 노조, 완전 월급제 요구…휴머노이드 로봇 본격 대응&nbsp;&nbsp;연합뉴스",로봇,2026-04,"현대차 노조, 완전 월급제 요구…휴머노이드 로봇 본격 대응 - 연합뉴스 현대차 노조, 완전 월급제 요구…휴머노이드 로봇 본격 대응&nbsp;&nbsp;연합뉴스"
2026-04-06,"한투운용, K휴머노이드로봇산업TOP2+ ETF 출시 - 이뉴스투데이","한투운용, K휴머노이드로봇산업TOP2+ ETF 출시&nbsp;&nbsp;이뉴스투데이",로봇,2026-04,"한투운용, K휴머노이드로봇산업TOP2+ ETF 출시 - 이뉴스투데이 한투운용, K휴머노이드로봇산업TOP2+ ETF 출시&nbsp;&nbsp;이뉴스투데이"
2026-04-06,롯데타워 ‘수직 마라톤’ 中로봇…한국 로봇은 서있지도 못했다 - 중앙일보,롯데타워 ‘수직 마라톤’ 中로봇…한국 로봇은 서있지도 못했다&nbsp;&nbsp;중앙일보,로봇,2026-04,롯데타워 ‘수직 마라톤’ 中로봇…한국 로봇은 서있지도 못했다 - 중앙일보 롯데타워 ‘수직 마라톤’ 中로봇…한국 로봇은 서있지도 못했다&nbsp;&nbsp;중앙일보
2026-04-27,[딸깍] 4월 22일 로봇주를 말한 이유 오늘 시장이 답을 했습니다 - 로봇주 복기 - 네이버 프리미엄콘텐츠,[딸깍] 4월 22일 로봇주를 말한 이유 오늘 시장이 답을 했습니다 - 로봇주 복기&nbsp;&nbsp;네이버 프리미엄콘텐츠,로봇,2026-04,[딸깍] 4월 22일 로봇주를 말한 이유 오늘 시장이 답을 했습니다 - 로봇주 복기 - 네이버 프리미엄콘텐츠 [딸깍] 4월 22일 로봇주를 말한 이유 오늘 시장이 답을 했습니다 - 로봇주 복기&nbsp;&nbsp;네이버 프리미엄콘텐츠
2026-04-04,최근 5거래일 클로봇 5만원대 진입 후 혼조 - 톱스타뉴스,최근 5거래일 클로봇 5만원대 진입 후 혼조&nbsp;&nbsp;톱스타뉴스,로봇,2026-04,최근 5거래일 클로봇 5만원대 진입 후 혼조 - 톱스타뉴스 최근 5거래일 클로봇 5만원대 진입 후 혼조&nbsp;&nbsp;톱스타뉴스
2026-04-13,[쇼츠] 초속 10.1m…우사인 볼트급 중국 로봇 - 연합뉴스,[쇼츠] 초속 10.1m…우사인 볼트급 중국 로봇&nbsp;&nbsp;연합뉴스,로봇,2026-04,[쇼츠] 초속 10.1m…우사인 볼트급 중국 로봇 - 연합뉴스 [쇼츠] 초속 10.1m…우사인 볼트급 중국 로봇&nbsp;&nbsp;연합뉴스
2026-04-27,"휴림로봇 중심 로봇주, 기술서사 영향 주목…주초 방향성은 관망 속 선택 - CBC뉴스","휴림로봇 중심 로봇주, 기술서사 영향 주목…주초 방향성은 관망 속 선택&nbsp;&nbsp;CBC뉴스",로봇,2026-04,"휴림로봇 중심 로봇주, 기술서사 영향 주목…주초 방향성은 관망 속 선택 - CBC뉴스 휴림로봇 중심 로봇주, 기술서사 영향 주목…주초 방향성은 관망 속 선택&nbsp;&nbsp;CBC뉴스"
2026-04-27,"‘코스닥150·미국AI·로봇·은’ ETF 4종, 내일(28일) 코스피 상장 - 뉴스웰","‘코스닥150·미국AI·로봇·은’ ETF 4종, 내일(28일) 코스피 상장&nbsp;&nbsp;뉴스웰",로봇,2026-04,"‘코스닥150·미국AI·로봇·은’ ETF 4종, 내일(28일) 코스피 상장 - 뉴스웰 ‘코스닥150·미국AI·로봇·은’ ETF 4종, 내일(28일) 코스피 상장&nbsp;&nbsp;뉴스웰"
2026-04-17,"""로봇 복싱·AI 음악까지""…과학축제 전시 '미리 투표' - 연합뉴스","""로봇 복싱·AI 음악까지""…과학축제 전시 '미리 투표'&nbsp;&nbsp;연합뉴스",로봇,2026-04,"""로봇 복싱·AI 음악까지""…과학축제 전시 '미리 투표' - 연합뉴스 ""로봇 복싱·AI 음악까지""…과학축제 전시 '미리 투표'&nbsp;&nbsp;연합뉴스"
2026-04-24,섬도 집앞까지…드론·로봇 배송 제주서 첫 실증 - 연합뉴스,섬도 집앞까지…드론·로봇 배송 제주서 첫 실증&nbsp;&nbsp;연합뉴스,로봇,2026-04,섬도 집앞까지…드론·로봇 배송 제주서 첫 실증 - 연합뉴스 섬도 집앞까지…드론·로봇 배송 제주서 첫 실증&nbsp;&nbsp;연합뉴스
2026-04-22,"아산시·호서대, 스마트팜 현장에 '오감지능' 로봇 투입 - 연합뉴스","아산시·호서대, 스마트팜 현장에 '오감지능' 로봇 투입&nbsp;&nbsp;연합뉴스",로봇,2026-04,"아산시·호서대, 스마트팜 현장에 '오감지능' 로봇 투입 - 연합뉴스 아산시·호서대, 스마트팜 현장에 '오감지능' 로봇 투입&nbsp;&nbsp;연합뉴스"
2026-04-01,"휴림로봇 7% 뚫어, 개인수급 주목...미국 이란전쟁 양상 변수 - CBC뉴스","휴림로봇 7% 뚫어, 개인수급 주목...미국 이란전쟁 양상 변수&nbsp;&nbsp;CBC뉴스",로봇,2026-04,"휴림로봇 7% 뚫어, 개인수급 주목...미국 이란전쟁 양상 변수 - CBC뉴스 휴림로봇 7% 뚫어, 개인수급 주목...미국 이란전쟁 양상 변수&nbsp;&nbsp;CBC뉴스"
2026-04-22,월드IT쇼 개막…AI·로봇 융합 경쟁 본격화 - 연합뉴스,월드IT쇼 개막…AI·로봇 융합 경쟁 본격화&nbsp;&nbsp;연합뉴스,로봇,2026-04,월드IT쇼 개막…AI·로봇 융합 경쟁 본격화 - 연합뉴스 월드IT쇼 개막…AI·로봇 융합 경쟁 본격화&nbsp;&nbsp;연합뉴스
2026-04-08,"LG전자 목표가 14만원 줄상향...""가전 이어 냉난방·로봇이 실적 끌어야"" - 오피니언뉴스","LG전자 목표가 14만원 줄상향...""가전 이어 냉난방·로봇이 실적 끌어야""&nbsp;&nbsp;오피니언뉴스",로봇,2026-04,"LG전자 목표가 14만원 줄상향...""가전 이어 냉난방·로봇이 실적 끌어야"" - 오피니언뉴스 LG전자 목표가 14만원 줄상향...""가전 이어 냉난방·로봇이 실적 끌어야""&nbsp;&nbsp;오피니언뉴스"
2026-04-02,"휴림로봇, 주가 2거래일 연속 반등…단기 회복 흐름 속 신중론 유지 - CBC뉴스","휴림로봇, 주가 2거래일 연속 반등…단기 회복 흐름 속 신중론 유지&nbsp;&nbsp;CBC뉴스",로봇,2026-04,"휴림로봇, 주가 2거래일 연속 반등…단기 회복 흐름 속 신중론 유지 - CBC뉴스 휴림로봇, 주가 2거래일 연속 반등…단기 회복 흐름 속 신중론 유지&nbsp;&nbsp;CBC뉴스"
2026-04-23,"LG전자 류재철 ""내년 로봇 관절 '액추에이터' 글로벌 공급"" - 연합뉴스","LG전자 류재철 ""내년 로봇 관절 '액추에이터' 글로벌 공급""&nbsp;&nbsp;연합뉴스",로봇,2026-04,"LG전자 류재철 ""내년 로봇 관절 '액추에이터' 글로벌 공급"" - 연합뉴스 LG전자 류재철 ""내년 로봇 관절 '액추에이터' 글로벌 공급""&nbsp;&nbsp;연합뉴스"
2026-04-13,[영상] 달리기 실력이 초속 10.1m…사람 앞지른 로봇 - 연합뉴스,[영상] 달리기 실력이 초속 10.1m…사람 앞지른 로봇&nbsp;&nbsp;연합뉴스,로봇,2026-04,[영상] 달리기 실력이 초속 10.1m…사람 앞지른 로봇 - 연합뉴스 [영상] 달리기 실력이 초속 10.1m…사람 앞지른 로봇&nbsp;&nbsp;연합뉴스
2026-04-16,"[쇼츠] 젤렌스키 ""로봇·드론만으로 러 점령지 탈환"" - 연합뉴스","[쇼츠] 젤렌스키 ""로봇·드론만으로 러 점령지 탈환""&nbsp;&nbsp;연합뉴스",로봇,2026-04,"[쇼츠] 젤렌스키 ""로봇·드론만으로 러 점령지 탈환"" - 연합뉴스 [쇼츠] 젤렌스키 ""로봇·드론만으로 러 점령지 탈환""&nbsp;&nbsp;연합뉴스"
2026-04-20,"""안심하고 입양하세요""…산업부, 반려로봇 'KS 인증' 도입 - 연합뉴스","""안심하고 입양하세요""…산업부, 반려로봇 'KS 인증' 도입&nbsp;&nbsp;연합뉴스",로봇,2026-04,"""안심하고 입양하세요""…산업부, 반려로봇 'KS 인증' 도입 - 연합뉴스 ""안심하고 입양하세요""…산업부, 반려로봇 'KS 인증' 도입&nbsp;&nbsp;연합뉴스"
2026-04-30,[특징주] 엔비디아 훈풍 타고 로봇주 일제히 강세 - 네이트,[특징주] 엔비디아 훈풍 타고 로봇주 일제히 강세&nbsp;&nbsp;네이트,로봇,2026-04,[특징주] 엔비디아 훈풍 타고 로봇주 일제히 강세 - 네이트 [특징주] 엔비디아 훈풍 타고 로봇주 일제히 강세&nbsp;&nbsp;네이트
2026-04-24,"제주 농업인에 '웨어러블 로봇' 임대…""작업피로 35% 경감"" - 연합뉴스","제주 농업인에 '웨어러블 로봇' 임대…""작업피로 35% 경감""&nbsp;&nbsp;연합뉴스",로봇,2026-04,"제주 농업인에 '웨어러블 로봇' 임대…""작업피로 35% 경감"" - 연합뉴스 제주 농업인에 '웨어러블 로봇' 임대…""작업피로 35% 경감""&nbsp;&nbsp;연합뉴스"
2026-04-01,[특징주] HD한국조선해양 교환사채 발행 소식에…HD현대중공업 6% 급락 - 조선비즈 - Chosunbiz,[특징주] HD한국조선해양 교환사채 발행 소식에…HD현대중공업 6% 급락 - 조선비즈&nbsp;&nbsp;Chosunbiz,조선,2026-04,[특징주] HD한국조선해양 교환사채 발행 소식에…HD현대중공업 6% 급락 - 조선비즈 - Chosunbiz [특징주] HD한국조선해양 교환사채 발행 소식에…HD현대중공업 6% 급락 - 조선비즈&nbsp;&nbsp;Chosunbiz
2026-04-23,"[논설실의 뉴스 읽기] “9일짜리 주주가 기업 미래에 관심 있겠나, 단타가 기업 성장 막아” - v.daum.net","[논설실의 뉴스 읽기] “9일짜리 주주가 기업 미래에 관심 있겠나, 단타가 기업 성장 막아”&nbsp;&nbsp;v.daum.net",조선,2026-04,"[논설실의 뉴스 읽기] “9일짜리 주주가 기업 미래에 관심 있겠나, 단타가 기업 성장 막아” - v.daum.net [논설실의 뉴스 읽기] “9일짜리 주주가 기업 미래에 관심 있겠나, 단타가 기업 성장 막아”&nbsp;&nbsp;v.daum.net"
2026-04-02,"HD한국조선해양, 2.4조원 EB 발행…글로벌 ‘잭팟’ - 뉴스톱","HD한국조선해양, 2.4조원 EB 발행…글로벌 ‘잭팟’&nbsp;&nbsp;뉴스톱",조선,2026-04,"HD한국조선해양, 2.4조원 EB 발행…글로벌 ‘잭팟’ - 뉴스톱 HD한국조선해양, 2.4조원 EB 발행…글로벌 ‘잭팟’&nbsp;&nbsp;뉴스톱"
2026-04-21,[21일 특징주] AI발 훈풍 조선·엔진까지 확산…관련株 '활짝' - 뉴스웍스,[21일 특징주] AI발 훈풍 조선·엔진까지 확산…관련株 '활짝'&nbsp;&nbsp;뉴스웍스,조선,2026-04,[21일 특징주] AI발 훈풍 조선·엔진까지 확산…관련株 '활짝' - 뉴스웍스 [21일 특징주] AI발 훈풍 조선·엔진까지 확산…관련株 '활짝'&nbsp;&nbsp;뉴스웍스
2026-04-06,"한투증권 ""4월 코스피 4,900∼5,700…비용 부담 견딜 산업 주목"" - 연합뉴스","한투증권 ""4월 코스피 4,900∼5,700…비용 부담 견딜 산업 주목""&nbsp;&nbsp;연합뉴스",조선,2026-04,"한투증권 ""4월 코스피 4,900∼5,700…비용 부담 견딜 산업 주목"" - 연합뉴스 한투증권 ""4월 코스피 4,900∼5,700…비용 부담 견딜 산업 주목""&nbsp;&nbsp;연합뉴스"
2026-04-02,"‘지분 지키며 실탄 채운다’… HD한국조선해양, EB로 3조 조달 - 리더스팩트","‘지분 지키며 실탄 채운다’… HD한국조선해양, EB로 3조 조달&nbsp;&nbsp;리더스팩트",조선,2026-04,"‘지분 지키며 실탄 채운다’… HD한국조선해양, EB로 3조 조달 - 리더스팩트 ‘지분 지키며 실탄 채운다’… HD한국조선해양, EB로 3조 조달&nbsp;&nbsp;리더스팩트"
2026-04-25,"고환율, 고유가 시대…韓 '우주·조선·전력' 주목해야[경제적본능] - v.daum.net","고환율, 고유가 시대…韓 '우주·조선·전력' 주목해야[경제적본능]&nbsp;&nbsp;v.daum.net",조선,2026-04,"고환율, 고유가 시대…韓 '우주·조선·전력' 주목해야[경제적본능] - v.daum.net 고환율, 고유가 시대…韓 '우주·조선·전력' 주목해야[경제적본능]&nbsp;&nbsp;v.daum.net"
2026-04-14,"“할아버지, 엔비디아 왜 파셨어요?”… 전쟁 증시에서 손주에게 ‘의문의 1승’ 안긴 70대 - 조선일보","“할아버지, 엔비디아 왜 파셨어요?”… 전쟁 증시에서 손주에게 ‘의문의 1승’ 안긴 70대&nbsp;&nbsp;조선일보",조선,2026-04,"“할아버지, 엔비디아 왜 파셨어요?”… 전쟁 증시에서 손주에게 ‘의문의 1승’ 안긴 70대 - 조선일보 “할아버지, 엔비디아 왜 파셨어요?”… 전쟁 증시에서 손주에게 ‘의문의 1승’ 안긴 70대&nbsp;&nbsp;조선일보"
2026-04-16,"KB증권 ""한화, 방산·조선 자회사 실적 개선 지속…목표가↑"" - 연합뉴스","KB증권 ""한화, 방산·조선 자회사 실적 개선 지속…목표가↑""&nbsp;&nbsp;연합뉴스",조선,2026-04,"KB증권 ""한화, 방산·조선 자회사 실적 개선 지속…목표가↑"" - 연합뉴스 KB증권 ""한화, 방산·조선 자회사 실적 개선 지속…목표가↑""&nbsp;&nbsp;연합뉴스"
2026-04-16,‘위대한 모욕자’ 주식시장에 당하지 않으려면… - 조선일보,‘위대한 모욕자’ 주식시장에 당하지 않으려면…&nbsp;&nbsp;조선일보,조선,2026-04,‘위대한 모욕자’ 주식시장에 당하지 않으려면… - 조선일보 ‘위대한 모욕자’ 주식시장에 당하지 않으려면…&nbsp;&nbsp;조선일보
2026-04-14,국민연금 국내주식 평가액 224조 급증...절반은 삼성전자·SK하이닉스 - v.daum.net,국민연금 국내주식 평가액 224조 급증...절반은 삼성전자·SK하이닉스&nbsp;&nbsp;v.daum.net,조선,2026-04,국민연금 국내주식 평가액 224조 급증...절반은 삼성전자·SK하이닉스 - v.daum.net 국민연금 국내주식 평가액 224조 급증...절반은 삼성전자·SK하이닉스&nbsp;&nbsp;v.daum.net
2026-04-07,전쟁·환율 쇼크에 흔들리는 서학개미… ‘M7’ 버리고 ‘레버리지’로 승부 - 조선일보,전쟁·환율 쇼크에 흔들리는 서학개미… ‘M7’ 버리고 ‘레버리지’로 승부&nbsp;&nbsp;조선일보,조선,2026-04,전쟁·환율 쇼크에 흔들리는 서학개미… ‘M7’ 버리고 ‘레버리지’로 승부 - 조선일보 전쟁·환율 쇼크에 흔들리는 서학개미… ‘M7’ 버리고 ‘레버리지’로 승부&nbsp;&nbsp;조선일보
2026-04-20,"반도체가 바꾼 국내 주식부자 지도…삼성가·한미반도체 약진, 코스닥 비반도체는 밀렸다 - v.daum.net","반도체가 바꾼 국내 주식부자 지도…삼성가·한미반도체 약진, 코스닥 비반도체는 밀렸다&nbsp;&nbsp;v.daum.net",조선,2026-04,"반도체가 바꾼 국내 주식부자 지도…삼성가·한미반도체 약진, 코스닥 비반도체는 밀렸다 - v.daum.net 반도체가 바꾼 국내 주식부자 지도…삼성가·한미반도체 약진, 코스닥 비반도체는 밀렸다&nbsp;&nbsp;v.daum.net"
2026-04-01,"HD한국조선해양, 3조원 교환사채 발행…iM證 “자금 목적은 환영, 수단은 다소 아쉬워” - 조선비즈 - Chosunbiz","HD한국조선해양, 3조원 교환사채 발행…iM證 “자금 목적은 환영, 수단은 다소 아쉬워” - 조선비즈&nbsp;&nbsp;Chosunbiz",조선,2026-04,"HD한국조선해양, 3조원 교환사채 발행…iM證 “자금 목적은 환영, 수단은 다소 아쉬워” - 조선비즈 - Chosunbiz HD한국조선해양, 3조원 교환사채 발행…iM證 “자금 목적은 환영, 수단은 다소 아쉬워” - 조선비즈&nbsp;&nbsp;Chosunbiz"
2026-04-01,되살아난 종전 가능성에 급등한 뉴욕 증시... 나스닥 3.8% 상승 - 조선일보,되살아난 종전 가능성에 급등한 뉴욕 증시... 나스닥 3.8% 상승&nbsp;&nbsp;조선일보,조선,2026-04,되살아난 종전 가능성에 급등한 뉴욕 증시... 나스닥 3.8% 상승 - 조선일보 되살아난 종전 가능성에 급등한 뉴욕 증시... 나스닥 3.8% 상승&nbsp;&nbsp;조선일보
2026-04-02,꺼지지 않은 종전 기대감…뉴욕 증시 이틀 연속 상승 - 조선일보,꺼지지 않은 종전 기대감…뉴욕 증시 이틀 연속 상승&nbsp;&nbsp;조선일보,조선,2026-04,꺼지지 않은 종전 기대감…뉴욕 증시 이틀 연속 상승 - 조선일보 꺼지지 않은 종전 기대감…뉴욕 증시 이틀 연속 상승&nbsp;&nbsp;조선일보
2026-04-14,"트럼프가 전쟁 일으키고 콕 찍었던 이 주식, 얼마나 올랐나 - 조선일보","트럼프가 전쟁 일으키고 콕 찍었던 이 주식, 얼마나 올랐나&nbsp;&nbsp;조선일보",조선,2026-04,"트럼프가 전쟁 일으키고 콕 찍었던 이 주식, 얼마나 올랐나 - 조선일보 트럼프가 전쟁 일으키고 콕 찍었던 이 주식, 얼마나 올랐나&nbsp;&nbsp;조선일보"
2026-04-03,"윤지호 “지금 최악의 투자는 ‘사팔 사팔’, 떨어질 때마다 이 주식 사 모아라” - 조선일보","윤지호 “지금 최악의 투자는 ‘사팔 사팔’, 떨어질 때마다 이 주식 사 모아라”&nbsp;&nbsp;조선일보",조선,2026-04,"윤지호 “지금 최악의 투자는 ‘사팔 사팔’, 떨어질 때마다 이 주식 사 모아라” - 조선일보 윤지호 “지금 최악의 투자는 ‘사팔 사팔’, 떨어질 때마다 이 주식 사 모아라”&nbsp;&nbsp;조선일보"
2026-04-03,널뛰는 주식시장에서 역사상 가장 큰돈 번 투자자 - 조선일보,널뛰는 주식시장에서 역사상 가장 큰돈 번 투자자&nbsp;&nbsp;조선일보,조선,2026-04,널뛰는 주식시장에서 역사상 가장 큰돈 번 투자자 - 조선일보 널뛰는 주식시장에서 역사상 가장 큰돈 번 투자자&nbsp;&nbsp;조선일보
2026-04-26,역대급 ‘불장’에 지난해 미성년자 주식 가치 3조원 육박 - 조선일보,역대급 ‘불장’에 지난해 미성년자 주식 가치 3조원 육박&nbsp;&nbsp;조선일보,조선,2026-04,역대급 ‘불장’에 지난해 미성년자 주식 가치 3조원 육박 - 조선일보 역대급 ‘불장’에 지난해 미성년자 주식 가치 3조원 육박&nbsp;&nbsp;조선일보
2026-04-18,"폭발하는 주식에 올라타라, ‘제2의 엔비디아’ 나온다는 이 업종 - v.daum.net","폭발하는 주식에 올라타라, ‘제2의 엔비디아’ 나온다는 이 업종&nbsp;&nbsp;v.daum.net",조선,2026-04,"폭발하는 주식에 올라타라, ‘제2의 엔비디아’ 나온다는 이 업종 - v.daum.net 폭발하는 주식에 올라타라, ‘제2의 엔비디아’ 나온다는 이 업종&nbsp;&nbsp;v.daum.net"
2026-04-09,“뭐 샀길래 석달 수익률 32%?”... 국민연금 보유 주식 가치 1분기만 80조원 늘어 - v.daum.net,“뭐 샀길래 석달 수익률 32%?”... 국민연금 보유 주식 가치 1분기만 80조원 늘어&nbsp;&nbsp;v.daum.net,조선,2026-04,“뭐 샀길래 석달 수익률 32%?”... 국민연금 보유 주식 가치 1분기만 80조원 늘어 - v.daum.net “뭐 샀길래 석달 수익률 32%?”... 국민연금 보유 주식 가치 1분기만 80조원 늘어&nbsp;&nbsp;v.daum.net
2026-04-14,"""이란이 연락해 와"" 트럼프 발언에 뉴욕 증시 일제히 상승 - 조선일보","""이란이 연락해 와"" 트럼프 발언에 뉴욕 증시 일제히 상승&nbsp;&nbsp;조선일보",조선,2026-04,"""이란이 연락해 와"" 트럼프 발언에 뉴욕 증시 일제히 상승 - 조선일보 ""이란이 연락해 와"" 트럼프 발언에 뉴욕 증시 일제히 상승&nbsp;&nbsp;조선일보"
2026-04-19,추세 전환 기로에 선 韓 증시… ‘거래량’이 핵심 변수 - 조선비즈 - Chosunbiz,추세 전환 기로에 선 韓 증시… ‘거래량’이 핵심 변수 - 조선비즈&nbsp;&nbsp;Chosunbiz,조선,2026-04,추세 전환 기로에 선 韓 증시… ‘거래량’이 핵심 변수 - 조선비즈 - Chosunbiz 추세 전환 기로에 선 韓 증시… ‘거래량’이 핵심 변수 - 조선비즈&nbsp;&nbsp;Chosunbiz
2026-04-01,워런 버핏의 후회… “애플 주식 너무 일찍 팔았다” - 조선비즈 - Chosunbiz,워런 버핏의 후회… “애플 주식 너무 일찍 팔았다” - 조선비즈&nbsp;&nbsp;Chosunbiz,조선,2026-04,워런 버핏의 후회… “애플 주식 너무 일찍 팔았다” - 조선비즈 - Chosunbiz 워런 버핏의 후회… “애플 주식 너무 일찍 팔았다” - 조선비즈&nbsp;&nbsp;Chosunbiz
2026-04-21,[데일리 자료] 26.04.21 아침에 읽는 주식뉴스모음 - 네이버 프리미엄콘텐츠,[데일리 자료] 26.04.21 아침에 읽는 주식뉴스모음&nbsp;&nbsp;네이버 프리미엄콘텐츠,조선,2026-04,[데일리 자료] 26.04.21 아침에 읽는 주식뉴스모음 - 네이버 프리미엄콘텐츠 [데일리 자료] 26.04.21 아침에 읽는 주식뉴스모음&nbsp;&nbsp;네이버 프리미엄콘텐츠
2026-04-21,"[강세 토픽] 조선 기자재 테마, HD현대마린솔루션 +11.91%, 에스엔시스 +10.04% - 조선비즈 - Chosunbiz","[강세 토픽] 조선 기자재 테마, HD현대마린솔루션 +11.91%, 에스엔시스 +10.04% - 조선비즈&nbsp;&nbsp;Chosunbiz",조선,2026-04,"[강세 토픽] 조선 기자재 테마, HD현대마린솔루션 +11.91%, 에스엔시스 +10.04% - 조선비즈 - Chosunbiz [강세 토픽] 조선 기자재 테마, HD현대마린솔루션 +11.91%, 에스엔시스 +10.04% - 조선비즈&nbsp;&nbsp;Chosunbiz"
2026-04-28,"""경쟁제한 우려 여전""…한화·대우조선 결합 시정조치 3년 연장 - 국제신문","""경쟁제한 우려 여전""…한화·대우조선 결합 시정조치 3년 연장&nbsp;&nbsp;국제신문",조선,2026-04,"""경쟁제한 우려 여전""…한화·대우조선 결합 시정조치 3년 연장 - 국제신문 ""경쟁제한 우려 여전""…한화·대우조선 결합 시정조치 3년 연장&nbsp;&nbsp;국제신문"
2026-04-01,"HD한국조선해양, 20억달러 규모 교환사채 발행 - 한스경제","HD한국조선해양, 20억달러 규모 교환사채 발행&nbsp;&nbsp;한스경제",조선,2026-04,"HD한국조선해양, 20억달러 규모 교환사채 발행 - 한스경제 HD한국조선해양, 20억달러 규모 교환사채 발행&nbsp;&nbsp;한스경제"
2026-04-15,"대신증권 ""한화, 밸류업 집행 의지…목표가 상향"" - 연합뉴스","대신증권 ""한화, 밸류업 집행 의지…목표가 상향""&nbsp;&nbsp;연합뉴스",조선,2026-04,"대신증권 ""한화, 밸류업 집행 의지…목표가 상향"" - 연합뉴스 대신증권 ""한화, 밸류업 집행 의지…목표가 상향""&nbsp;&nbsp;연합뉴스"
2026-04-08,글로벌 '큰 손'들 K-조선 베팅 본격화... 달라진 위상 확인 - 파이낸셜뉴스,글로벌 '큰 손'들 K-조선 베팅 본격화... 달라진 위상 확인&nbsp;&nbsp;파이낸셜뉴스,조선,2026-04,글로벌 '큰 손'들 K-조선 베팅 본격화... 달라진 위상 확인 - 파이낸셜뉴스 글로벌 '큰 손'들 K-조선 베팅 본격화... 달라진 위상 확인&nbsp;&nbsp;파이낸셜뉴스
2026-04-01,[특징주] 종전 기대감에 증시 훈풍…삼성전자·하이닉스 7% 급등 - 조선비즈 - Chosunbiz,[특징주] 종전 기대감에 증시 훈풍…삼성전자·하이닉스 7% 급등 - 조선비즈&nbsp;&nbsp;Chosunbiz,조선,2026-04,[특징주] 종전 기대감에 증시 훈풍…삼성전자·하이닉스 7% 급등 - 조선비즈 - Chosunbiz [특징주] 종전 기대감에 증시 훈풍…삼성전자·하이닉스 7% 급등 - 조선비즈&nbsp;&nbsp;Chosunbiz
2026-04-04,“지금 LNG선을 발주해야 하는 이유” - 쉬핑뉴스넷,“지금 LNG선을 발주해야 하는 이유”&nbsp;&nbsp;쉬핑뉴스넷,조선,2026-04,“지금 LNG선을 발주해야 하는 이유” - 쉬핑뉴스넷 “지금 LNG선을 발주해야 하는 이유”&nbsp;&nbsp;쉬핑뉴스넷
2026-04-13,"스페이스X보다 큰 그림… 미래에셋, 글로벌 IPO 리테일 창구 선점 노린다 - 조선비즈 - Chosunbiz","스페이스X보다 큰 그림… 미래에셋, 글로벌 IPO 리테일 창구 선점 노린다 - 조선비즈&nbsp;&nbsp;Chosunbiz",조선,2026-04,"스페이스X보다 큰 그림… 미래에셋, 글로벌 IPO 리테일 창구 선점 노린다 - 조선비즈 - Chosunbiz 스페이스X보다 큰 그림… 미래에셋, 글로벌 IPO 리테일 창구 선점 노린다 - 조선비즈&nbsp;&nbsp;Chosunbiz"
2026-04-22,반도체 주가 폭등에 오너도 아닌데...노태문·박학규·곽노정 ’100억 주식부자' - 조선일보,반도체 주가 폭등에 오너도 아닌데...노태문·박학규·곽노정 ’100억 주식부자'&nbsp;&nbsp;조선일보,조선,2026-04,반도체 주가 폭등에 오너도 아닌데...노태문·박학규·곽노정 ’100억 주식부자' - 조선일보 반도체 주가 폭등에 오너도 아닌데...노태문·박학규·곽노정 ’100억 주식부자'&nbsp;&nbsp;조선일보
2026-04-06,"미래에셋증권, SLL중앙에 500억 대출 협의 중 - 조선비즈 - Chosunbiz","미래에셋증권, SLL중앙에 500억 대출 협의 중 - 조선비즈&nbsp;&nbsp;Chosunbiz",조선,2026-04,"미래에셋증권, SLL중앙에 500억 대출 협의 중 - 조선비즈 - Chosunbiz 미래에셋증권, SLL중앙에 500억 대출 협의 중 - 조선비즈&nbsp;&nbsp;Chosunbiz"
2026-04-30,대형 상장주 쏠림에 장외주식시장 찬바람 - 파이낸셜뉴스,대형 상장주 쏠림에 장외주식시장 찬바람&nbsp;&nbsp;파이낸셜뉴스,조선,2026-04,대형 상장주 쏠림에 장외주식시장 찬바람 - 파이낸셜뉴스 대형 상장주 쏠림에 장외주식시장 찬바람&nbsp;&nbsp;파이낸셜뉴스
2026-04-14,"한화투자증권, 2026년 상반기 신입사원 채용 실시 - 조선비즈 - Chosunbiz","한화투자증권, 2026년 상반기 신입사원 채용 실시 - 조선비즈&nbsp;&nbsp;Chosunbiz",조선,2026-04,"한화투자증권, 2026년 상반기 신입사원 채용 실시 - 조선비즈 - Chosunbiz 한화투자증권, 2026년 상반기 신입사원 채용 실시 - 조선비즈&nbsp;&nbsp;Chosunbiz"
2026-04-14,국민연금 국내주식 평가액 224조 증가...삼성·하이닉스 54% 차지 - ESG경제,국민연금 국내주식 평가액 224조 증가...삼성·하이닉스 54% 차지&nbsp;&nbsp;ESG경제,조선,2026-04,국민연금 국내주식 평가액 224조 증가...삼성·하이닉스 54% 차지 - ESG경제 국민연금 국내주식 평가액 224조 증가...삼성·하이닉스 54% 차지&nbsp;&nbsp;ESG경제
2026-04-15,"[단독] 국세청, ’4000억 탈세' 선박왕 권혁 주식 수백억원 어치 공매 시작… 첫 대규모 환수 시도 - 조선비즈 - Chosunbiz","[단독] 국세청, ’4000억 탈세' 선박왕 권혁 주식 수백억원 어치 공매 시작… 첫 대규모 환수 시도 - 조선비즈&nbsp;&nbsp;Chosunbiz",조선,2026-04,"[단독] 국세청, ’4000억 탈세' 선박왕 권혁 주식 수백억원 어치 공매 시작… 첫 대규모 환수 시도 - 조선비즈 - Chosunbiz [단독] 국세청, ’4000억 탈세' 선박왕 권혁 주식 수백억원 어치 공매 시작… 첫 대규모 환수 시도 - 조선비즈&nbsp;&nbsp;Chosunbiz"
2026-04-22,"일론 머스크, 스페이스X 상장 후 ‘주당 10표’ 수퍼의결권 갖는다 - 조선일보","일론 머스크, 스페이스X 상장 후 ‘주당 10표’ 수퍼의결권 갖는다&nbsp;&nbsp;조선일보",조선,2026-04,"일론 머스크, 스페이스X 상장 후 ‘주당 10표’ 수퍼의결권 갖는다 - 조선일보 일론 머스크, 스페이스X 상장 후 ‘주당 10표’ 수퍼의결권 갖는다&nbsp;&nbsp;조선일보"
2026-04-24,"6000억 카카오게임즈 M&A, 한투가 인수금융 단독 주선 - 조선비즈 - Chosunbiz","6000억 카카오게임즈 M&amp;A, 한투가 인수금융 단독 주선 - 조선비즈&nbsp;&nbsp;Chosunbiz",조선,2026-04,"6000억 카카오게임즈 M&A, 한투가 인수금융 단독 주선 - 조선비즈 - Chosunbiz 6000억 카카오게임즈 M&amp;A, 한투가 인수금융 단독 주선 - 조선비즈&nbsp;&nbsp;Chosunbiz"
2026-04-23,호실적+AI 확장…'두개의 돛' 올린 조선주 - 네이트,호실적+AI 확장…'두개의 돛' 올린 조선주&nbsp;&nbsp;네이트,조선,2026-04,호실적+AI 확장…'두개의 돛' 올린 조선주 - 네이트 호실적+AI 확장…'두개의 돛' 올린 조선주&nbsp;&nbsp;네이트
2026-04-22,"[박정식의 국내 주식시황] 국내증시, 신고가 이후 숨 고르기…미·이란 협상 변수 주목 - 뉴스퀘스트","[박정식의 국내 주식시황] 국내증시, 신고가 이후 숨 고르기…미·이란 협상 변수 주목&nbsp;&nbsp;뉴스퀘스트",조선,2026-04,"[박정식의 국내 주식시황] 국내증시, 신고가 이후 숨 고르기…미·이란 협상 변수 주목 - 뉴스퀘스트 [박정식의 국내 주식시황] 국내증시, 신고가 이후 숨 고르기…미·이란 협상 변수 주목&nbsp;&nbsp;뉴스퀘스트"
2026-04-14,국민연금 주식 3배의 비결…삼성·SK하이닉스 - bntnews.co.kr,국민연금 주식 3배의 비결…삼성·SK하이닉스&nbsp;&nbsp;bntnews.co.kr,조선,2026-04,국민연금 주식 3배의 비결…삼성·SK하이닉스 - bntnews.co.kr 국민연금 주식 3배의 비결…삼성·SK하이닉스&nbsp;&nbsp;bntnews.co.kr
2026-04-25,[주식 매매 상위 종목 및 환율] 2026년 4월 24일자 - 네이트,[주식 매매 상위 종목 및 환율] 2026년 4월 24일자&nbsp;&nbsp;네이트,조선,2026-04,[주식 매매 상위 종목 및 환율] 2026년 4월 24일자 - 네이트 [주식 매매 상위 종목 및 환율] 2026년 4월 24일자&nbsp;&nbsp;네이트
2026-04-12,"“인당 13억 가능”…맥쿼리, SK하이닉스 성과급 확대 전망 - 조선비즈 - Chosunbiz","“인당 13억 가능”…맥쿼리, SK하이닉스 성과급 확대 전망 - 조선비즈&nbsp;&nbsp;Chosunbiz",조선,2026-04,"“인당 13억 가능”…맥쿼리, SK하이닉스 성과급 확대 전망 - 조선비즈 - Chosunbiz “인당 13억 가능”…맥쿼리, SK하이닉스 성과급 확대 전망 - 조선비즈&nbsp;&nbsp;Chosunbiz"
2026-04-25,부자들은 알뜰한 소비…건강 관리엔 돈 안 아꼈다 - 네이트,부자들은 알뜰한 소비…건강 관리엔 돈 안 아꼈다&nbsp;&nbsp;네이트,조선,2026-04,부자들은 알뜰한 소비…건강 관리엔 돈 안 아꼈다 - 네이트 부자들은 알뜰한 소비…건강 관리엔 돈 안 아꼈다&nbsp;&nbsp;네이트
2026-04-28,[포토]상생발전을 위해 손 잡은 조선·해운 - 네이트,[포토]상생발전을 위해 손 잡은 조선·해운&nbsp;&nbsp;네이트,조선,2026-04,[포토]상생발전을 위해 손 잡은 조선·해운 - 네이트 [포토]상생발전을 위해 손 잡은 조선·해운&nbsp;&nbsp;네이트
2026-04-06,역대급 엔저…엔화로 돈 버는 네가지 방법은? - 네이트,역대급 엔저…엔화로 돈 버는 네가지 방법은?&nbsp;&nbsp;네이트,조선,2026-04,역대급 엔저…엔화로 돈 버는 네가지 방법은? - 네이트 역대급 엔저…엔화로 돈 버는 네가지 방법은?&nbsp;&nbsp;네이트
2026-04-07,[여전히 반도체] ﻿삼성 57조가 증명한 사이클…시선은 ‘HBM 1위’ SK하이닉스로 - ebn.co.kr,[여전히 반도체] ﻿삼성 57조가 증명한 사이클…시선은 ‘HBM 1위’ SK하이닉스로&nbsp;&nbsp;ebn.co.kr,HBM,2026-04,[여전히 반도체] ﻿삼성 57조가 증명한 사이클…시선은 ‘HBM 1위’ SK하이닉스로 - ebn.co.kr [여전히 반도체] ﻿삼성 57조가 증명한 사이클…시선은 ‘HBM 1위’ SK하이닉스로&nbsp;&nbsp;ebn.co.kr
2026-04-29,"한투증권 ""AI 수요에 메모리 시장 확대…2년 주기 사이클 탈피"" - 연합뉴스","한투증권 ""AI 수요에 메모리 시장 확대…2년 주기 사이클 탈피""&nbsp;&nbsp;연합뉴스",HBM,2026-04,"한투증권 ""AI 수요에 메모리 시장 확대…2년 주기 사이클 탈피"" - 연합뉴스 한투증권 ""AI 수요에 메모리 시장 확대…2년 주기 사이클 탈피""&nbsp;&nbsp;연합뉴스"
2026-04-09,SK하이닉스-MS·구글 '백조 단위' 잭팟… 내 반도체 주식·AI 서비스값 어찌되나 - 초이스스탁,SK하이닉스-MS·구글 '백조 단위' 잭팟… 내 반도체 주식·AI 서비스값 어찌되나&nbsp;&nbsp;초이스스탁,HBM,2026-04,SK하이닉스-MS·구글 '백조 단위' 잭팟… 내 반도체 주식·AI 서비스값 어찌되나 - 초이스스탁 SK하이닉스-MS·구글 '백조 단위' 잭팟… 내 반도체 주식·AI 서비스값 어찌되나&nbsp;&nbsp;초이스스탁
2026-04-23,"SK하이닉스 실적, 엔비디아·TSMC도 이겼다? 배경·주가 전망 정리 📈 - 뉴닉","SK하이닉스 실적, 엔비디아·TSMC도 이겼다? 배경·주가 전망 정리 📈&nbsp;&nbsp;뉴닉",HBM,2026-04,"SK하이닉스 실적, 엔비디아·TSMC도 이겼다? 배경·주가 전망 정리 📈 - 뉴닉 SK하이닉스 실적, 엔비디아·TSMC도 이겼다? 배경·주가 전망 정리 📈&nbsp;&nbsp;뉴닉"
2026-04-23,"HBM 최강자 입증했지만…""빅테크 견제·中 추격 대비해야"" - 한국경제","HBM 최강자 입증했지만…""빅테크 견제·中 추격 대비해야""&nbsp;&nbsp;한국경제",HBM,2026-04,"HBM 최강자 입증했지만…""빅테크 견제·中 추격 대비해야"" - 한국경제 HBM 최강자 입증했지만…""빅테크 견제·中 추격 대비해야""&nbsp;&nbsp;한국경제"
2026-04-23,HBM·D램 최소 3년간 품귀 … '장기 호황' 날개 단 하이닉스 - 매일경제,HBM·D램 최소 3년간 품귀 … '장기 호황' 날개 단 하이닉스&nbsp;&nbsp;매일경제,HBM,2026-04,HBM·D램 최소 3년간 품귀 … '장기 호황' 날개 단 하이닉스 - 매일경제 HBM·D램 최소 3년간 품귀 … '장기 호황' 날개 단 하이닉스&nbsp;&nbsp;매일경제
2026-04-01,"""구글 터보퀀트에 반도체 급락 과도…메모리 아껴도 피지컬 AI가 더 쓴다"" - 연합인포맥스","""구글 터보퀀트에 반도체 급락 과도…메모리 아껴도 피지컬 AI가 더 쓴다""&nbsp;&nbsp;연합인포맥스",HBM,2026-04,"""구글 터보퀀트에 반도체 급락 과도…메모리 아껴도 피지컬 AI가 더 쓴다"" - 연합인포맥스 ""구글 터보퀀트에 반도체 급락 과도…메모리 아껴도 피지컬 AI가 더 쓴다""&nbsp;&nbsp;연합인포맥스"
2026-04-20,"SK하이닉스, HBM·소캠2 쌍끌이…1분기 호실적 기대감에 강세[특징주] - v.daum.net","SK하이닉스, HBM·소캠2 쌍끌이…1분기 호실적 기대감에 강세[특징주]&nbsp;&nbsp;v.daum.net",HBM,2026-04,"SK하이닉스, HBM·소캠2 쌍끌이…1분기 호실적 기대감에 강세[특징주] - v.daum.net SK하이닉스, HBM·소캠2 쌍끌이…1분기 호실적 기대감에 강세[특징주]&nbsp;&nbsp;v.daum.net"
2026-04-07,"삼성전자, 10조 EUV 싹쓸이…HBM 전쟁 승부수 - 서울경제","삼성전자, 10조 EUV 싹쓸이…HBM 전쟁 승부수&nbsp;&nbsp;서울경제",HBM,2026-04,"삼성전자, 10조 EUV 싹쓸이…HBM 전쟁 승부수 - 서울경제 삼성전자, 10조 EUV 싹쓸이…HBM 전쟁 승부수&nbsp;&nbsp;서울경제"
2026-04-30,대만 증시 시가총액 캐나다 추월…세계 6위 올라 - 연합뉴스,대만 증시 시가총액 캐나다 추월…세계 6위 올라&nbsp;&nbsp;연합뉴스,HBM,2026-04,대만 증시 시가총액 캐나다 추월…세계 6위 올라 - 연합뉴스 대만 증시 시가총액 캐나다 추월…세계 6위 올라&nbsp;&nbsp;연합뉴스
2026-04-23,실적보다 더 높았던 눈높이…SK하이닉스 주가 분수령 - ebn.co.kr,실적보다 더 높았던 눈높이…SK하이닉스 주가 분수령&nbsp;&nbsp;ebn.co.kr,HBM,2026-04,실적보다 더 높았던 눈높이…SK하이닉스 주가 분수령 - ebn.co.kr 실적보다 더 높았던 눈높이…SK하이닉스 주가 분수령&nbsp;&nbsp;ebn.co.kr
2026-04-08,“우리도 질 수 없지”…‘57조’ 삼전 최대 실적에 SK하이닉스도 기대↑ - 매일경제 마켓,“우리도 질 수 없지”…‘57조’ 삼전 최대 실적에 SK하이닉스도 기대↑&nbsp;&nbsp;매일경제 마켓,HBM,2026-04,“우리도 질 수 없지”…‘57조’ 삼전 최대 실적에 SK하이닉스도 기대↑ - 매일경제 마켓 “우리도 질 수 없지”…‘57조’ 삼전 최대 실적에 SK하이닉스도 기대↑&nbsp;&nbsp;매일경제 마켓
2026-04-23,'최대 실적·CXMT HBM 지연' 겹호재…최고가 찍고 주춤한 이유 [종목+] - 한국경제,'최대 실적·CXMT HBM 지연' 겹호재…최고가 찍고 주춤한 이유 [종목+]&nbsp;&nbsp;한국경제,HBM,2026-04,'최대 실적·CXMT HBM 지연' 겹호재…최고가 찍고 주춤한 이유 [종목+] - 한국경제 '최대 실적·CXMT HBM 지연' 겹호재…최고가 찍고 주춤한 이유 [종목+]&nbsp;&nbsp;한국경제
2026-04-24,"""주식도 강남아파트처럼 사야…부동산 불패? 이젠 SK하이닉스 불패"" (JW인베스트 곽유정 대표) - 서울경제","""주식도 강남아파트처럼 사야…부동산 불패? 이젠 SK하이닉스 불패"" (JW인베스트 곽유정 대표)&nbsp;&nbsp;서울경제",HBM,2026-04,"""주식도 강남아파트처럼 사야…부동산 불패? 이젠 SK하이닉스 불패"" (JW인베스트 곽유정 대표) - 서울경제 ""주식도 강남아파트처럼 사야…부동산 불패? 이젠 SK하이닉스 불패"" (JW인베스트 곽유정 대표)&nbsp;&nbsp;서울경제"
2026-04-21,"SK하이닉스, 1분기 영업익 38조원 '역대급' 예고…전년比 417%↑ - 연합인포맥스","SK하이닉스, 1분기 영업익 38조원 '역대급' 예고…전년比 417%↑&nbsp;&nbsp;연합인포맥스",HBM,2026-04,"SK하이닉스, 1분기 영업익 38조원 '역대급' 예고…전년比 417%↑ - 연합인포맥스 SK하이닉스, 1분기 영업익 38조원 '역대급' 예고…전년比 417%↑&nbsp;&nbsp;연합인포맥스"
2026-04-12,"SK하이닉스, 분기 영업익 '40조 시대' 열까…TSMC와 격차 벌릴 듯 - 연합뉴스","SK하이닉스, 분기 영업익 '40조 시대' 열까…TSMC와 격차 벌릴 듯&nbsp;&nbsp;연합뉴스",HBM,2026-04,"SK하이닉스, 분기 영업익 '40조 시대' 열까…TSMC와 격차 벌릴 듯 - 연합뉴스 SK하이닉스, 분기 영업익 '40조 시대' 열까…TSMC와 격차 벌릴 듯&nbsp;&nbsp;연합뉴스"
2026-04-22,"SK하이닉스, 청주 첨단 패키징 팹 첫 삽…HBM 리더십 굳힌다 - 연합뉴스","SK하이닉스, 청주 첨단 패키징 팹 첫 삽…HBM 리더십 굳힌다&nbsp;&nbsp;연합뉴스",HBM,2026-04,"SK하이닉스, 청주 첨단 패키징 팹 첫 삽…HBM 리더십 굳힌다 - 연합뉴스 SK하이닉스, 청주 첨단 패키징 팹 첫 삽…HBM 리더십 굳힌다&nbsp;&nbsp;연합뉴스"
2026-04-06,"""삼성전자 1분기 영업익 50조 가능""…증권가, 목표가 줄상향 - 연합뉴스","""삼성전자 1분기 영업익 50조 가능""…증권가, 목표가 줄상향&nbsp;&nbsp;연합뉴스",HBM,2026-04,"""삼성전자 1분기 영업익 50조 가능""…증권가, 목표가 줄상향 - 연합뉴스 ""삼성전자 1분기 영업익 50조 가능""…증권가, 목표가 줄상향&nbsp;&nbsp;연합뉴스"
2026-04-23,"SK하이닉스, 'TSMC 기술 심포지엄' 참가…HBM 파트너십 강조 - 연합뉴스","SK하이닉스, 'TSMC 기술 심포지엄' 참가…HBM 파트너십 강조&nbsp;&nbsp;연합뉴스",HBM,2026-04,"SK하이닉스, 'TSMC 기술 심포지엄' 참가…HBM 파트너십 강조 - 연합뉴스 SK하이닉스, 'TSMC 기술 심포지엄' 참가…HBM 파트너십 강조&nbsp;&nbsp;연합뉴스"
2026-04-22,"SK하이닉스, 150억 규모 자사주 처분…곽노정 등 경영진에 지급 - 연합뉴스","SK하이닉스, 150억 규모 자사주 처분…곽노정 등 경영진에 지급&nbsp;&nbsp;연합뉴스",HBM,2026-04,"SK하이닉스, 150억 규모 자사주 처분…곽노정 등 경영진에 지급 - 연합뉴스 SK하이닉스, 150억 규모 자사주 처분…곽노정 등 경영진에 지급&nbsp;&nbsp;연합뉴스"
2026-04-20,"LS證 “SK하이닉스, HBM 이익 성장 유효 …ADR·주주환원 기대에 목표가↑"" - 조선비즈 - Chosunbiz","LS證 “SK하이닉스, HBM 이익 성장 유효 …ADR·주주환원 기대에 목표가↑"" - 조선비즈&nbsp;&nbsp;Chosunbiz",HBM,2026-04,"LS證 “SK하이닉스, HBM 이익 성장 유효 …ADR·주주환원 기대에 목표가↑"" - 조선비즈 - Chosunbiz LS證 “SK하이닉스, HBM 이익 성장 유효 …ADR·주주환원 기대에 목표가↑"" - 조선비즈&nbsp;&nbsp;Chosunbiz"
2026-04-10,"초호황에 40조 잭팟 예고…""200만닉스 간다"" 역대급 전망 [테크로그] - 한국경제","초호황에 40조 잭팟 예고…""200만닉스 간다"" 역대급 전망 [테크로그]&nbsp;&nbsp;한국경제",HBM,2026-04,"초호황에 40조 잭팟 예고…""200만닉스 간다"" 역대급 전망 [테크로그] - 한국경제 초호황에 40조 잭팟 예고…""200만닉스 간다"" 역대급 전망 [테크로그]&nbsp;&nbsp;한국경제"
2026-04-26,"SK하이닉스, IEEE 기업혁신상 수상…""HBM으로 AI 컴퓨팅 확산"" - 연합뉴스","SK하이닉스, IEEE 기업혁신상 수상…""HBM으로 AI 컴퓨팅 확산""&nbsp;&nbsp;연합뉴스",HBM,2026-04,"SK하이닉스, IEEE 기업혁신상 수상…""HBM으로 AI 컴퓨팅 확산"" - 연합뉴스 SK하이닉스, IEEE 기업혁신상 수상…""HBM으로 AI 컴퓨팅 확산""&nbsp;&nbsp;연합뉴스"
2026-04-22,"""한국 주식시장 진짜 특이... 그렇게 많이 올랐는데도 여전히 싸다"" - 위키트리","""한국 주식시장 진짜 특이... 그렇게 많이 올랐는데도 여전히 싸다""&nbsp;&nbsp;위키트리",HBM,2026-04,"""한국 주식시장 진짜 특이... 그렇게 많이 올랐는데도 여전히 싸다"" - 위키트리 ""한국 주식시장 진짜 특이... 그렇게 많이 올랐는데도 여전히 싸다""&nbsp;&nbsp;위키트리"
2026-04-19,"삼성·TSMC 이어 '호실적' 전망…SK하이닉스, 영업이익률 70%대 진입할까 - 매일경제 마켓","삼성·TSMC 이어 '호실적' 전망…SK하이닉스, 영업이익률 70%대 진입할까&nbsp;&nbsp;매일경제 마켓",HBM,2026-04,"삼성·TSMC 이어 '호실적' 전망…SK하이닉스, 영업이익률 70%대 진입할까 - 매일경제 마켓 삼성·TSMC 이어 '호실적' 전망…SK하이닉스, 영업이익률 70%대 진입할까&nbsp;&nbsp;매일경제 마켓"
2026-04-23,"SK하이닉스 ""HBM4E, 하반기 샘플 공급·내년 양산 목표"" - 연합뉴스","SK하이닉스 ""HBM4E, 하반기 샘플 공급·내년 양산 목표""&nbsp;&nbsp;연합뉴스",HBM,2026-04,"SK하이닉스 ""HBM4E, 하반기 샘플 공급·내년 양산 목표"" - 연합뉴스 SK하이닉스 ""HBM4E, 하반기 샘플 공급·내년 양산 목표""&nbsp;&nbsp;연합뉴스"
2026-04-09,"한미반도체, 2세대 하이브리드 본더 시제품 연내 출시 - 연합뉴스","한미반도체, 2세대 하이브리드 본더 시제품 연내 출시&nbsp;&nbsp;연합뉴스",HBM,2026-04,"한미반도체, 2세대 하이브리드 본더 시제품 연내 출시 - 연합뉴스 한미반도체, 2세대 하이브리드 본더 시제품 연내 출시&nbsp;&nbsp;연합뉴스"
2026-04-21,"한화운용 ""글로벌HBM반도체 ETF 1년 수익률 375%…전체 1위"" - 연합뉴스","한화운용 ""글로벌HBM반도체 ETF 1년 수익률 375%…전체 1위""&nbsp;&nbsp;연합뉴스",HBM,2026-04,"한화운용 ""글로벌HBM반도체 ETF 1년 수익률 375%…전체 1위"" - 연합뉴스 한화운용 ""글로벌HBM반도체 ETF 1년 수익률 375%…전체 1위""&nbsp;&nbsp;연합뉴스"
2026-04-09,"키움證 ""하이닉스 하락사이클 관심 커져 주가 상단 제한될 수도"" - 연합뉴스","키움證 ""하이닉스 하락사이클 관심 커져 주가 상단 제한될 수도""&nbsp;&nbsp;연합뉴스",HBM,2026-04,"키움證 ""하이닉스 하락사이클 관심 커져 주가 상단 제한될 수도"" - 연합뉴스 키움證 ""하이닉스 하락사이클 관심 커져 주가 상단 제한될 수도""&nbsp;&nbsp;연합뉴스"
2026-04-22,"SK하이닉스, 임원 성과급 '주식 지급'···분기 배당 실시 - 뉴스웨이","SK하이닉스, 임원 성과급 '주식 지급'···분기 배당 실시&nbsp;&nbsp;뉴스웨이",HBM,2026-04,"SK하이닉스, 임원 성과급 '주식 지급'···분기 배당 실시 - 뉴스웨이 SK하이닉스, 임원 성과급 '주식 지급'···분기 배당 실시&nbsp;&nbsp;뉴스웨이"
2026-04-13,[단독] 삼성 HBM 로직다이 가격 50% 올렸다…적자 파운드리 '반전 신호' - v.daum.net,[단독] 삼성 HBM 로직다이 가격 50% 올렸다…적자 파운드리 '반전 신호'&nbsp;&nbsp;v.daum.net,HBM,2026-04,[단독] 삼성 HBM 로직다이 가격 50% 올렸다…적자 파운드리 '반전 신호' - v.daum.net [단독] 삼성 HBM 로직다이 가격 50% 올렸다…적자 파운드리 '반전 신호'&nbsp;&nbsp;v.daum.net
2026-04-10,"반도체의 나라, AI 심장을 겨누다 - 한국경제","반도체의 나라, AI 심장을 겨누다&nbsp;&nbsp;한국경제",HBM,2026-04,"반도체의 나라, AI 심장을 겨누다 - 한국경제 반도체의 나라, AI 심장을 겨누다&nbsp;&nbsp;한국경제"
2026-04-21,[데일리 자료] 26.04.21 아침에 읽는 주식뉴스모음 - 네이버 프리미엄콘텐츠,[데일리 자료] 26.04.21 아침에 읽는 주식뉴스모음&nbsp;&nbsp;네이버 프리미엄콘텐츠,HBM,2026-04,[데일리 자료] 26.04.21 아침에 읽는 주식뉴스모음 - 네이버 프리미엄콘텐츠 [데일리 자료] 26.04.21 아침에 읽는 주식뉴스모음&nbsp;&nbsp;네이버 프리미엄콘텐츠
2026-04-07,삼성전자 1분기 잠정 영업이익 57.2조원...한국 기업史 새로 썼다 - 조선일보,삼성전자 1분기 잠정 영업이익 57.2조원...한국 기업史 새로 썼다&nbsp;&nbsp;조선일보,HBM,2026-04,삼성전자 1분기 잠정 영업이익 57.2조원...한국 기업史 새로 썼다 - 조선일보 삼성전자 1분기 잠정 영업이익 57.2조원...한국 기업史 새로 썼다&nbsp;&nbsp;조선일보
2026-04-23,코스피 6417로 이틀 연속 최고치…조선·방산·전력기기 순환매 - 서울경제,코스피 6417로 이틀 연속 최고치…조선·방산·전력기기 순환매&nbsp;&nbsp;서울경제,HBM,2026-04,코스피 6417로 이틀 연속 최고치…조선·방산·전력기기 순환매 - 서울경제 코스피 6417로 이틀 연속 최고치…조선·방산·전력기기 순환매&nbsp;&nbsp;서울경제
2026-04-30,“이 주식 없으면 직무유기”...반도체 끝까지 간다 [찐코노미] - 이투데이,“이 주식 없으면 직무유기”...반도체 끝까지 간다 [찐코노미]&nbsp;&nbsp;이투데이,HBM,2026-04,“이 주식 없으면 직무유기”...반도체 끝까지 간다 [찐코노미] - 이투데이 “이 주식 없으면 직무유기”...반도체 끝까지 간다 [찐코노미]&nbsp;&nbsp;이투데이
2026-04-30,"'HBM 전환 가속화'…삼성전자, 메모리 반도체 수익성 대폭 키웠다 - 파이낸셜뉴스","'HBM 전환 가속화'…삼성전자, 메모리 반도체 수익성 대폭 키웠다&nbsp;&nbsp;파이낸셜뉴스",HBM,2026-04,"'HBM 전환 가속화'…삼성전자, 메모리 반도체 수익성 대폭 키웠다 - 파이낸셜뉴스 'HBM 전환 가속화'…삼성전자, 메모리 반도체 수익성 대폭 키웠다&nbsp;&nbsp;파이낸셜뉴스"
2026-04-27,"[단독] ""SK하이닉스, HBM 혁신 넘어 상용화 선도 의미"" - 네이트","[단독] ""SK하이닉스, HBM 혁신 넘어 상용화 선도 의미""&nbsp;&nbsp;네이트",HBM,2026-04,"[단독] ""SK하이닉스, HBM 혁신 넘어 상용화 선도 의미"" - 네이트 [단독] ""SK하이닉스, HBM 혁신 넘어 상용화 선도 의미""&nbsp;&nbsp;네이트"
2026-04-08,SK하이닉스 1분기 영업익 '40조 육박' 전망···삼성전자 이어 실적 폭발 - 네이트,SK하이닉스 1분기 영업익 '40조 육박' 전망···삼성전자 이어 실적 폭발&nbsp;&nbsp;네이트,HBM,2026-04,SK하이닉스 1분기 영업익 '40조 육박' 전망···삼성전자 이어 실적 폭발 - 네이트 SK하이닉스 1분기 영업익 '40조 육박' 전망···삼성전자 이어 실적 폭발&nbsp;&nbsp;네이트
2026-04-16,"미코·티씨케이, 소모품의 힘 보여줬다… 수익성 대폭발 구간 진입 - 핀포인트뉴스","미코·티씨케이, 소모품의 힘 보여줬다… 수익성 대폭발 구간 진입&nbsp;&nbsp;핀포인트뉴스",HBM,2026-04,"미코·티씨케이, 소모품의 힘 보여줬다… 수익성 대폭발 구간 진입 - 핀포인트뉴스 미코·티씨케이, 소모품의 힘 보여줬다… 수익성 대폭발 구간 진입&nbsp;&nbsp;핀포인트뉴스"
2026-04-14,"HBM 장비 특허전 격화…한미 ""원조 기술"" vs 한화 ""침해 엄정 대응"" - 네이트","HBM 장비 특허전 격화…한미 ""원조 기술"" vs 한화 ""침해 엄정 대응""&nbsp;&nbsp;네이트",HBM,2026-04,"HBM 장비 특허전 격화…한미 ""원조 기술"" vs 한화 ""침해 엄정 대응"" - 네이트 HBM 장비 특허전 격화…한미 ""원조 기술"" vs 한화 ""침해 엄정 대응""&nbsp;&nbsp;네이트"
2026-04-20,D램 대란 2027년까지 지속…반도체 시장 비상 - 디지털투데이,D램 대란 2027년까지 지속…반도체 시장 비상&nbsp;&nbsp;디지털투데이,HBM,2026-04,D램 대란 2027년까지 지속…반도체 시장 비상 - 디지털투데이 D램 대란 2027년까지 지속…반도체 시장 비상&nbsp;&nbsp;디지털투데이
2026-04-15,"[더인사이트] HBM에 흥한 한미반도체 …""시장 사이클·고객 의존 리스크 상존"" - 중앙이코노미뉴스","[더인사이트] HBM에 흥한 한미반도체 …""시장 사이클·고객 의존 리스크 상존""&nbsp;&nbsp;중앙이코노미뉴스",HBM,2026-04,"[더인사이트] HBM에 흥한 한미반도체 …""시장 사이클·고객 의존 리스크 상존"" - 중앙이코노미뉴스 [더인사이트] HBM에 흥한 한미반도체 …""시장 사이클·고객 의존 리스크 상존""&nbsp;&nbsp;중앙이코노미뉴스"
2026-04-27,"클로봇, 물류 SI기업 DLS 인수 추진 - 뉴스타운","클로봇, 물류 SI기업 DLS 인수 추진&nbsp;&nbsp;뉴스타운",SI,2026-04,"클로봇, 물류 SI기업 DLS 인수 추진 - 뉴스타운 클로봇, 물류 SI기업 DLS 인수 추진&nbsp;&nbsp;뉴스타운"
2026-04-21,[데일리 자료] 26.04.21 아침에 읽는 주식뉴스모음 - 네이버 프리미엄콘텐츠,[데일리 자료] 26.04.21 아침에 읽는 주식뉴스모음&nbsp;&nbsp;네이버 프리미엄콘텐츠,SI,2026-04,[데일리 자료] 26.04.21 아침에 읽는 주식뉴스모음 - 네이버 프리미엄콘텐츠 [데일리 자료] 26.04.21 아침에 읽는 주식뉴스모음&nbsp;&nbsp;네이버 프리미엄콘텐츠
2026-04-08,"고성엔지니어링, 흑자 전환에 몸값 ‘레벨업'…기대감 커진 시리즈B - 뉴스톱","고성엔지니어링, 흑자 전환에 몸값 ‘레벨업'…기대감 커진 시리즈B&nbsp;&nbsp;뉴스톱",SI,2026-04,"고성엔지니어링, 흑자 전환에 몸값 ‘레벨업'…기대감 커진 시리즈B - 뉴스톱 고성엔지니어링, 흑자 전환에 몸값 ‘레벨업'…기대감 커진 시리즈B&nbsp;&nbsp;뉴스톱"
2026-04-07,[유상증자 모니터] 지배력 약화 감수…SI 변화 촉각 | 클로봇③ - 네이트,[유상증자 모니터] 지배력 약화 감수…SI 변화 촉각 | 클로봇③&nbsp;&nbsp;네이트,SI,2026-04,[유상증자 모니터] 지배력 약화 감수…SI 변화 촉각 | 클로봇③ - 네이트 [유상증자 모니터] 지배력 약화 감수…SI 변화 촉각 | 클로봇③&nbsp;&nbsp;네이트
2026-04-07,[생생한 주식쇼 생쇼] 8년 만의 통신장비 빅사이클 도래와 저점 공포 극복 전략 - 매일경제 마켓,[생생한 주식쇼 생쇼] 8년 만의 통신장비 빅사이클 도래와 저점 공포 극복 전략&nbsp;&nbsp;매일경제 마켓,통신,2026-04,[생생한 주식쇼 생쇼] 8년 만의 통신장비 빅사이클 도래와 저점 공포 극복 전략 - 매일경제 마켓 [생생한 주식쇼 생쇼] 8년 만의 통신장비 빅사이클 도래와 저점 공포 극복 전략&nbsp;&nbsp;매일경제 마켓
2026-04-20,제3차 방송미디어통신위원회 전체회의 브리핑 - 대한민국 정책브리핑,제3차 방송미디어통신위원회 전체회의 브리핑&nbsp;&nbsp;대한민국 정책브리핑,통신,2026-04,제3차 방송미디어통신위원회 전체회의 브리핑 - 대한민국 정책브리핑 제3차 방송미디어통신위원회 전체회의 브리핑&nbsp;&nbsp;대한민국 정책브리핑
2026-04-20,"뉴욕증시, 미국과 이란 갈등 주목하며 혼조 출발 - 연합뉴스","뉴욕증시, 미국과 이란 갈등 주목하며 혼조 출발&nbsp;&nbsp;연합뉴스",통신,2026-04,"뉴욕증시, 미국과 이란 갈등 주목하며 혼조 출발 - 연합뉴스 뉴욕증시, 미국과 이란 갈등 주목하며 혼조 출발&nbsp;&nbsp;연합뉴스"
2026-04-01,"[생생한 주식쇼 생쇼] 지정학적 리스크 완화, 우주항공·통신장비 주목 - 매일경제TV","[생생한 주식쇼 생쇼] 지정학적 리스크 완화, 우주항공·통신장비 주목&nbsp;&nbsp;매일경제TV",통신,2026-04,"[생생한 주식쇼 생쇼] 지정학적 리스크 완화, 우주항공·통신장비 주목 - 매일경제TV [생생한 주식쇼 생쇼] 지정학적 리스크 완화, 우주항공·통신장비 주목&nbsp;&nbsp;매일경제TV"
2026-04-03,"광통신 관련주, 번갈아 '상한가' 행진…한국첨단소재 上[핫종목] - 뉴스1","광통신 관련주, 번갈아 '상한가' 행진…한국첨단소재 上[핫종목]&nbsp;&nbsp;뉴스1",통신,2026-04,"광통신 관련주, 번갈아 '상한가' 행진…한국첨단소재 上[핫종목] - 뉴스1 광통신 관련주, 번갈아 '상한가' 행진…한국첨단소재 上[핫종목]&nbsp;&nbsp;뉴스1"
2026-04-14,"서울전자통신 755원 '2연상' 기염 -> 주식병합 후 품절주 효과 톡톡 => 밸류업 공시가 쏘아 올린 공... 서울전자통신, EV 전원부품 대장주 예고 - 데일리머니","서울전자통신 755원 '2연상' 기염 -> 주식병합 후 품절주 효과 톡톡 => 밸류업 공시가 쏘아 올린 공... 서울전자통신, EV 전원부품 대장주 예고&nbsp;&nbsp;데일리머니",통신,2026-04,"서울전자통신 755원 '2연상' 기염 -> 주식병합 후 품절주 효과 톡톡 => 밸류업 공시가 쏘아 올린 공... 서울전자통신, EV 전원부품 대장주 예고 - 데일리머니 서울전자통신 755원 '2연상' 기염 -> 주식병합 후 품절주 효과 톡톡 => 밸류업 공시가 쏘아 올린 공... 서울전자통신, EV 전원부품 대장주 예고&nbsp;&nbsp;데일리머니"
2026-04-06,"'특혜 가짜뉴스'에 역사로 반박...SKT, 이동통신 진출 10년 기록 '눈길' - v.daum.net","'특혜 가짜뉴스'에 역사로 반박...SKT, 이동통신 진출 10년 기록 '눈길'&nbsp;&nbsp;v.daum.net",통신,2026-04,"'특혜 가짜뉴스'에 역사로 반박...SKT, 이동통신 진출 10년 기록 '눈길' - v.daum.net '특혜 가짜뉴스'에 역사로 반박...SKT, 이동통신 진출 10년 기록 '눈길'&nbsp;&nbsp;v.daum.net"
2026-04-10,대한광통신 26% 급등 이유는? - 톱클래스,대한광통신 26% 급등 이유는?&nbsp;&nbsp;톱클래스,통신,2026-04,대한광통신 26% 급등 이유는? - 톱클래스 대한광통신 26% 급등 이유는?&nbsp;&nbsp;톱클래스
2026-04-10,[특징주] AI·통신 인프라 수급 집중…에이치시티 '상한가' - 뉴스드림,[특징주] AI·통신 인프라 수급 집중…에이치시티 '상한가'&nbsp;&nbsp;뉴스드림,통신,2026-04,[특징주] AI·통신 인프라 수급 집중…에이치시티 '상한가' - 뉴스드림 [특징주] AI·통신 인프라 수급 집중…에이치시티 '상한가'&nbsp;&nbsp;뉴스드림
2026-04-14,"[생생한 주식쇼 생쇼] 종전 기대감 부각, 건설 및 통신장비주 전략 - 매일경제 마켓","[생생한 주식쇼 생쇼] 종전 기대감 부각, 건설 및 통신장비주 전략&nbsp;&nbsp;매일경제 마켓",통신,2026-04,"[생생한 주식쇼 생쇼] 종전 기대감 부각, 건설 및 통신장비주 전략 - 매일경제 마켓 [생생한 주식쇼 생쇼] 종전 기대감 부각, 건설 및 통신장비주 전략&nbsp;&nbsp;매일경제 마켓"
2026-04-21,"하나증권 ""LIG아큐버, 5G SA 확장시 대장주 전망…목표가 상향"" - 연합뉴스","하나증권 ""LIG아큐버, 5G SA 확장시 대장주 전망…목표가 상향""&nbsp;&nbsp;연합뉴스",통신,2026-04,"하나증권 ""LIG아큐버, 5G SA 확장시 대장주 전망…목표가 상향"" - 연합뉴스 하나증권 ""LIG아큐버, 5G SA 확장시 대장주 전망…목표가 상향""&nbsp;&nbsp;연합뉴스"
2026-04-11,"[속보] ""미국, 카타르 등 해외 은행에 동결된 이란 자산 해제 합의"" - v.daum.net","[속보] ""미국, 카타르 등 해외 은행에 동결된 이란 자산 해제 합의""&nbsp;&nbsp;v.daum.net",통신,2026-04,"[속보] ""미국, 카타르 등 해외 은행에 동결된 이란 자산 해제 합의"" - v.daum.net [속보] ""미국, 카타르 등 해외 은행에 동결된 이란 자산 해제 합의""&nbsp;&nbsp;v.daum.net"
2026-04-14,"뉴욕증시, 美-이란 회담 재개 기대감에 상승 출발 - 연합뉴스","뉴욕증시, 美-이란 회담 재개 기대감에 상승 출발&nbsp;&nbsp;연합뉴스",통신,2026-04,"뉴욕증시, 美-이란 회담 재개 기대감에 상승 출발 - 연합뉴스 뉴욕증시, 美-이란 회담 재개 기대감에 상승 출발&nbsp;&nbsp;연합뉴스"
2026-04-28,"""한국 증시 시총, 영국 제치고 8위"" - 연합뉴스","""한국 증시 시총, 영국 제치고 8위""&nbsp;&nbsp;연합뉴스",통신,2026-04,"""한국 증시 시총, 영국 제치고 8위"" - 연합뉴스 ""한국 증시 시총, 영국 제치고 8위""&nbsp;&nbsp;연합뉴스"
2026-04-17,방송·통신 정책 알릴 새 캐릭터 '미디어 가디언즈' 공개 - 연합뉴스,방송·통신 정책 알릴 새 캐릭터 '미디어 가디언즈' 공개&nbsp;&nbsp;연합뉴스,통신,2026-04,방송·통신 정책 알릴 새 캐릭터 '미디어 가디언즈' 공개 - 연합뉴스 방송·통신 정책 알릴 새 캐릭터 '미디어 가디언즈' 공개&nbsp;&nbsp;연합뉴스
2026-04-24,[인사] 방송미디어통신심의위원회 - 연합뉴스,[인사] 방송미디어통신심의위원회&nbsp;&nbsp;연합뉴스,통신,2026-04,[인사] 방송미디어통신심의위원회 - 연합뉴스 [인사] 방송미디어통신심의위원회&nbsp;&nbsp;연합뉴스
2026-04-06,[연합뉴스 이 시각 헤드라인] - 18:00 - 연합뉴스,[연합뉴스 이 시각 헤드라인] - 18:00&nbsp;&nbsp;연합뉴스,통신,2026-04,[연합뉴스 이 시각 헤드라인] - 18:00 - 연합뉴스 [연합뉴스 이 시각 헤드라인] - 18:00&nbsp;&nbsp;연합뉴스
2026-04-16,중동 전쟁 여파에 ICT 공급망 우려…정부 긴급 점검 - 연합뉴스,중동 전쟁 여파에 ICT 공급망 우려…정부 긴급 점검&nbsp;&nbsp;연합뉴스,통신,2026-04,중동 전쟁 여파에 ICT 공급망 우려…정부 긴급 점검 - 연합뉴스 중동 전쟁 여파에 ICT 공급망 우려…정부 긴급 점검&nbsp;&nbsp;연합뉴스
2026-04-21,“투자자들이 이란 전쟁 뉴스를 잘못 읽고 있다” - 문화일보,“투자자들이 이란 전쟁 뉴스를 잘못 읽고 있다”&nbsp;&nbsp;문화일보,통신,2026-04,“투자자들이 이란 전쟁 뉴스를 잘못 읽고 있다” - 문화일보 “투자자들이 이란 전쟁 뉴스를 잘못 읽고 있다”&nbsp;&nbsp;문화일보
2026-04-20,나이스정보통신 주가 오후들어 돌연 급등…23%↑ - CBC뉴스,나이스정보통신 주가 오후들어 돌연 급등…23%↑&nbsp;&nbsp;CBC뉴스,통신,2026-04,나이스정보통신 주가 오후들어 돌연 급등…23%↑ - CBC뉴스 나이스정보통신 주가 오후들어 돌연 급등…23%↑&nbsp;&nbsp;CBC뉴스
2026-04-09,미얀마 군사정권에 고객 개인정보 넘긴 통신회사 집단소송 당해 - 연합뉴스,미얀마 군사정권에 고객 개인정보 넘긴 통신회사 집단소송 당해&nbsp;&nbsp;연합뉴스,통신,2026-04,미얀마 군사정권에 고객 개인정보 넘긴 통신회사 집단소송 당해 - 연합뉴스 미얀마 군사정권에 고객 개인정보 넘긴 통신회사 집단소송 당해&nbsp;&nbsp;연합뉴스
2026-04-09,"CDMA 30년, ICT 강국 키웠다…이제 AI 고속도로로 - 연합뉴스","CDMA 30년, ICT 강국 키웠다…이제 AI 고속도로로&nbsp;&nbsp;연합뉴스",통신,2026-04,"CDMA 30년, ICT 강국 키웠다…이제 AI 고속도로로 - 연합뉴스 CDMA 30년, ICT 강국 키웠다…이제 AI 고속도로로&nbsp;&nbsp;연합뉴스"
2026-04-18,이란 '호르무즈 개방' 발표 20분 전 유가하락에 1조원대 베팅 - 연합뉴스,이란 '호르무즈 개방' 발표 20분 전 유가하락에 1조원대 베팅&nbsp;&nbsp;연합뉴스,통신,2026-04,이란 '호르무즈 개방' 발표 20분 전 유가하락에 1조원대 베팅 - 연합뉴스 이란 '호르무즈 개방' 발표 20분 전 유가하락에 1조원대 베팅&nbsp;&nbsp;연합뉴스
2026-04-02,"'IPO 최대어' 스페이스X, 상장 신청서 제출…""6월 상장 목표"" - 연합뉴스","'IPO 최대어' 스페이스X, 상장 신청서 제출…""6월 상장 목표""&nbsp;&nbsp;연합뉴스",통신,2026-04,"'IPO 최대어' 스페이스X, 상장 신청서 제출…""6월 상장 목표"" - 연합뉴스 'IPO 최대어' 스페이스X, 상장 신청서 제출…""6월 상장 목표""&nbsp;&nbsp;연합뉴스"
2026-04-24,[그래픽] 호르무즈 해협 통과 주요 해저 통신 케이블 - 연합뉴스,[그래픽] 호르무즈 해협 통과 주요 해저 통신 케이블&nbsp;&nbsp;연합뉴스,통신,2026-04,[그래픽] 호르무즈 해협 통과 주요 해저 통신 케이블 - 연합뉴스 [그래픽] 호르무즈 해협 통과 주요 해저 통신 케이블&nbsp;&nbsp;연합뉴스
2026-04-11,"김정은 ""북중친선관계 최우선 중시""…지역문제 입장피력 - 연합뉴스","김정은 ""북중친선관계 최우선 중시""…지역문제 입장피력&nbsp;&nbsp;연합뉴스",통신,2026-04,"김정은 ""북중친선관계 최우선 중시""…지역문제 입장피력 - 연합뉴스 김정은 ""북중친선관계 최우선 중시""…지역문제 입장피력&nbsp;&nbsp;연합뉴스"
2026-04-15,워시 美연준의장 후보 재산 최소 2억달러…쿠팡주식도 보유 - 연합뉴스,워시 美연준의장 후보 재산 최소 2억달러…쿠팡주식도 보유&nbsp;&nbsp;연합뉴스,통신,2026-04,워시 美연준의장 후보 재산 최소 2억달러…쿠팡주식도 보유 - 연합뉴스 워시 美연준의장 후보 재산 최소 2억달러…쿠팡주식도 보유&nbsp;&nbsp;연합뉴스
2026-04-11,"中신화통신 ""미·이란 협상장소, 이슬라마바드 세레나 호텔"" - 연합뉴스","中신화통신 ""미·이란 협상장소, 이슬라마바드 세레나 호텔""&nbsp;&nbsp;연합뉴스",통신,2026-04,"中신화통신 ""미·이란 협상장소, 이슬라마바드 세레나 호텔"" - 연합뉴스 中신화통신 ""미·이란 협상장소, 이슬라마바드 세레나 호텔""&nbsp;&nbsp;연합뉴스"
2026-04-01,"[북한단신] 러시아 타스통신 대표단, 방북 마치고 귀국 - 연합뉴스","[북한단신] 러시아 타스통신 대표단, 방북 마치고 귀국&nbsp;&nbsp;연합뉴스",통신,2026-04,"[북한단신] 러시아 타스통신 대표단, 방북 마치고 귀국 - 연합뉴스 [북한단신] 러시아 타스통신 대표단, 방북 마치고 귀국&nbsp;&nbsp;연합뉴스"
2026-04-05,유료방송 재편 본격화…방미통위 역할 '시험대' - 연합뉴스,유료방송 재편 본격화…방미통위 역할 '시험대'&nbsp;&nbsp;연합뉴스,통신,2026-04,유료방송 재편 본격화…방미통위 역할 '시험대' - 연합뉴스 유료방송 재편 본격화…방미통위 역할 '시험대'&nbsp;&nbsp;연합뉴스
2026-04-03,이란 ″중부 상공서 미 F-35 격추…조종사 탈출 확률 희박″ - 연합뉴스TV,이란 ″중부 상공서 미 F-35 격추…조종사 탈출 확률 희박″&nbsp;&nbsp;연합뉴스TV,통신,2026-04,이란 ″중부 상공서 미 F-35 격추…조종사 탈출 확률 희박″ - 연합뉴스TV 이란 ″중부 상공서 미 F-35 격추…조종사 탈출 확률 희박″&nbsp;&nbsp;연합뉴스TV
2026-04-20,"이란 국영 통신 ""이란, 2차 종전 협상 거부키로""(상보) - 연합인포맥스","이란 국영 통신 ""이란, 2차 종전 협상 거부키로""(상보)&nbsp;&nbsp;연합인포맥스",통신,2026-04,"이란 국영 통신 ""이란, 2차 종전 협상 거부키로""(상보) - 연합인포맥스 이란 국영 통신 ""이란, 2차 종전 협상 거부키로""(상보)&nbsp;&nbsp;연합인포맥스"
2026-04-07,"스타링크 한국 요금 OECD 평균 수준…""국내 영향 제한적"" - 연합뉴스","스타링크 한국 요금 OECD 평균 수준…""국내 영향 제한적""&nbsp;&nbsp;연합뉴스",통신,2026-04,"스타링크 한국 요금 OECD 평균 수준…""국내 영향 제한적"" - 연합뉴스 스타링크 한국 요금 OECD 평균 수준…""국내 영향 제한적""&nbsp;&nbsp;연합뉴스"
2026-04-08,"현대차증권 ""삼성전자 목표주가 상향, 메모리 가격 내년 20%대 상승 전망"" - 비즈니스포스트","현대차증권 ""삼성전자 목표주가 상향, 메모리 가격 내년 20%대 상승 전망""&nbsp;&nbsp;비즈니스포스트",통신,2026-04,"현대차증권 ""삼성전자 목표주가 상향, 메모리 가격 내년 20%대 상승 전망"" - 비즈니스포스트 현대차증권 ""삼성전자 목표주가 상향, 메모리 가격 내년 20%대 상승 전망""&nbsp;&nbsp;비즈니스포스트"
2026-04-03,소액주주 플랫폼 ‘액트’ 시선 집중 - 정보통신신문,소액주주 플랫폼 ‘액트’ 시선 집중&nbsp;&nbsp;정보통신신문,통신,2026-04,소액주주 플랫폼 ‘액트’ 시선 집중 - 정보통신신문 소액주주 플랫폼 ‘액트’ 시선 집중&nbsp;&nbsp;정보통신신문
2026-04-15,"아마존, 위성통신업체 ‘글로벌스타’ 약 17조원에 인수 - 조선비즈 - Chosunbiz","아마존, 위성통신업체 ‘글로벌스타’ 약 17조원에 인수 - 조선비즈&nbsp;&nbsp;Chosunbiz",통신,2026-04,"아마존, 위성통신업체 ‘글로벌스타’ 약 17조원에 인수 - 조선비즈 - Chosunbiz 아마존, 위성통신업체 ‘글로벌스타’ 약 17조원에 인수 - 조선비즈&nbsp;&nbsp;Chosunbiz"
2026-04-28,"'MBC앵커 추경호 발언' 공방…""與선대위 방송""·""타당한 질문"" - 연합뉴스","'MBC앵커 추경호 발언' 공방…""與선대위 방송""·""타당한 질문""&nbsp;&nbsp;연합뉴스",통신,2026-04,"'MBC앵커 추경호 발언' 공방…""與선대위 방송""·""타당한 질문"" - 연합뉴스 'MBC앵커 추경호 발언' 공방…""與선대위 방송""·""타당한 질문""&nbsp;&nbsp;연합뉴스"
2026-04-16,한-캐나다 우주협력 확대…저궤도 통신 맞손 - 연합뉴스,한-캐나다 우주협력 확대…저궤도 통신 맞손&nbsp;&nbsp;연합뉴스,통신,2026-04,한-캐나다 우주협력 확대…저궤도 통신 맞손 - 연합뉴스 한-캐나다 우주협력 확대…저궤도 통신 맞손&nbsp;&nbsp;연합뉴스
2026-04-23,"한국거래소, 홍콩거래소와 반도체 테마 공동지수 개발 - 글로벌뉴스통신GNA","한국거래소, 홍콩거래소와 반도체 테마 공동지수 개발&nbsp;&nbsp;글로벌뉴스통신GNA",통신,2026-04,"한국거래소, 홍콩거래소와 반도체 테마 공동지수 개발 - 글로벌뉴스통신GNA 한국거래소, 홍콩거래소와 반도체 테마 공동지수 개발&nbsp;&nbsp;글로벌뉴스통신GNA"
2026-04-19,"""車산업, 6G 발전 주도 가능성…자율주행·원격운전 등 잠재력"" - 연합뉴스","""車산업, 6G 발전 주도 가능성…자율주행·원격운전 등 잠재력""&nbsp;&nbsp;연합뉴스",통신,2026-04,"""車산업, 6G 발전 주도 가능성…자율주행·원격운전 등 잠재력"" - 연합뉴스 ""車산업, 6G 발전 주도 가능성…자율주행·원격운전 등 잠재력""&nbsp;&nbsp;연합뉴스"
2026-04-27,"[통신 HOT 뉴스] SK텔레콤, AI로 '보이스피싱' 막는다…""에이닷 전화 ‘가족 케어’ 기능 선봬"" - 비즈월드","[통신 HOT 뉴스] SK텔레콤, AI로 '보이스피싱' 막는다…""에이닷 전화 ‘가족 케어’ 기능 선봬""&nbsp;&nbsp;비즈월드",통신,2026-04,"[통신 HOT 뉴스] SK텔레콤, AI로 '보이스피싱' 막는다…""에이닷 전화 ‘가족 케어’ 기능 선봬"" - 비즈월드 [통신 HOT 뉴스] SK텔레콤, AI로 '보이스피싱' 막는다…""에이닷 전화 ‘가족 케어’ 기능 선봬""&nbsp;&nbsp;비즈월드"
2026-04-24,"[AI의 종목 이야기] 룰루레몬 주가 13% 급락, '나이키 출신' 새 CEO 불신 - 뉴스핌","[AI의 종목 이야기] 룰루레몬 주가 13% 급락, '나이키 출신' 새 CEO 불신&nbsp;&nbsp;뉴스핌",통신,2026-04,"[AI의 종목 이야기] 룰루레몬 주가 13% 급락, '나이키 출신' 새 CEO 불신 - 뉴스핌 [AI의 종목 이야기] 룰루레몬 주가 13% 급락, '나이키 출신' 새 CEO 불신&nbsp;&nbsp;뉴스핌"
2026-04-02,"美유인탐사선 아르테미스 2호 발사…""통신문제 있었으나 정상화""(종합2보) - 연합뉴스","美유인탐사선 아르테미스 2호 발사…""통신문제 있었으나 정상화""(종합2보)&nbsp;&nbsp;연합뉴스",통신,2026-04,"美유인탐사선 아르테미스 2호 발사…""통신문제 있었으나 정상화""(종합2보) - 연합뉴스 美유인탐사선 아르테미스 2호 발사…""통신문제 있었으나 정상화""(종합2보)&nbsp;&nbsp;연합뉴스"
2026-04-05,"주호영·이진숙, 무소속 출마하나…'오리무중' 대구시장 선거(종합) - 연합뉴스","주호영·이진숙, 무소속 출마하나…'오리무중' 대구시장 선거(종합)&nbsp;&nbsp;연합뉴스",통신,2026-04,"주호영·이진숙, 무소속 출마하나…'오리무중' 대구시장 선거(종합) - 연합뉴스 주호영·이진숙, 무소속 출마하나…'오리무중' 대구시장 선거(종합)&nbsp;&nbsp;연합뉴스"
2026-04-20,"김승현 대표이사, 나이스정보통신 주식 전량 매도 - 디지털투데이","김승현 대표이사, 나이스정보통신 주식 전량 매도&nbsp;&nbsp;디지털투데이",통신,2026-04,"김승현 대표이사, 나이스정보통신 주식 전량 매도 - 디지털투데이 김승현 대표이사, 나이스정보통신 주식 전량 매도&nbsp;&nbsp;디지털투데이"
2026-04-16,"하나은행-넥스트증권, 외국인 투자 인프라 구축…환전·결제 한 번에 - 열린뉴스통신","하나은행-넥스트증권, 외국인 투자 인프라 구축…환전·결제 한 번에&nbsp;&nbsp;열린뉴스통신",통신,2026-04,"하나은행-넥스트증권, 외국인 투자 인프라 구축…환전·결제 한 번에 - 열린뉴스통신 하나은행-넥스트증권, 외국인 투자 인프라 구축…환전·결제 한 번에&nbsp;&nbsp;열린뉴스통신"
2026-04-02,"삼성증권, '2분기 금융투자 컨퍼런스' 성료 - 글로벌뉴스통신GNA","삼성증권, '2분기 금융투자 컨퍼런스' 성료&nbsp;&nbsp;글로벌뉴스통신GNA",통신,2026-04,"삼성증권, '2분기 금융투자 컨퍼런스' 성료 - 글로벌뉴스통신GNA 삼성증권, '2분기 금융투자 컨퍼런스' 성료&nbsp;&nbsp;글로벌뉴스통신GNA"
2026-04-09,모든 요금제 데이터 무제한…850만명 통신비 줄어든다 - 한국경제,모든 요금제 데이터 무제한…850만명 통신비 줄어든다&nbsp;&nbsp;한국경제,통신,2026-04,모든 요금제 데이터 무제한…850만명 통신비 줄어든다 - 한국경제 모든 요금제 데이터 무제한…850만명 통신비 줄어든다&nbsp;&nbsp;한국경제
2026-04-01,"정재헌 '고객'·박윤영 '통신'·홍범식 '안전'...통신사 CEO, 현장으로 - 테크M","정재헌 '고객'·박윤영 '통신'·홍범식 '안전'...통신사 CEO, 현장으로&nbsp;&nbsp;테크M",통신,2026-04,"정재헌 '고객'·박윤영 '통신'·홍범식 '안전'...통신사 CEO, 현장으로 - 테크M 정재헌 '고객'·박윤영 '통신'·홍범식 '안전'...통신사 CEO, 현장으로&nbsp;&nbsp;테크M"
2026-04-22,"CS, 주식병합으로 주권매매거래정지 - 네이트","CS, 주식병합으로 주권매매거래정지&nbsp;&nbsp;네이트",통신,2026-04,"CS, 주식병합으로 주권매매거래정지 - 네이트 CS, 주식병합으로 주권매매거래정지&nbsp;&nbsp;네이트"
2026-05-29,오늘의 로봇 기업 주식 시세(2026-05-29) - 로봇신문,오늘의 로봇 기업 주식 시세(2026-05-29)&nbsp;&nbsp;로봇신문,로봇,2026-05,오늘의 로봇 기업 주식 시세(2026-05-29) - 로봇신문 오늘의 로봇 기업 주식 시세(2026-05-29)&nbsp;&nbsp;로봇신문
2026-05-21,"다올증권 ""현대모비스, 로봇 사업 진출 효과 기대…목표가↑"" - 연합뉴스","다올증권 ""현대모비스, 로봇 사업 진출 효과 기대…목표가↑""&nbsp;&nbsp;연합뉴스",로봇,2026-05,"다올증권 ""현대모비스, 로봇 사업 진출 효과 기대…목표가↑"" - 연합뉴스 다올증권 ""현대모비스, 로봇 사업 진출 효과 기대…목표가↑""&nbsp;&nbsp;연합뉴스"
2026-05-28,시총 1.4조인데 고작 10억원 유상증자… 휴림로봇 주주들 ‘황당’ - 조선비즈 - Chosunbiz,시총 1.4조인데 고작 10억원 유상증자… 휴림로봇 주주들 ‘황당’ - 조선비즈&nbsp;&nbsp;Chosunbiz,로봇,2026-05,시총 1.4조인데 고작 10억원 유상증자… 휴림로봇 주주들 ‘황당’ - 조선비즈 - Chosunbiz 시총 1.4조인데 고작 10억원 유상증자… 휴림로봇 주주들 ‘황당’ - 조선비즈&nbsp;&nbsp;Chosunbiz
2026-05-31,"“AI·로봇 가치 재평가”…키움증권, LG 목표가 20만원으로 상향 - v.daum.net","“AI·로봇 가치 재평가”…키움증권, LG 목표가 20만원으로 상향&nbsp;&nbsp;v.daum.net",로봇,2026-05,"“AI·로봇 가치 재평가”…키움증권, LG 목표가 20만원으로 상향 - v.daum.net “AI·로봇 가치 재평가”…키움증권, LG 목표가 20만원으로 상향&nbsp;&nbsp;v.daum.net"
2026-05-21,로봇주 집중 공략…LG전자·레인보우로보틱스 담았다[주식 초고수는 지금] - 매일경제,로봇주 집중 공략…LG전자·레인보우로보틱스 담았다[주식 초고수는 지금]&nbsp;&nbsp;매일경제,로봇,2026-05,로봇주 집중 공략…LG전자·레인보우로보틱스 담았다[주식 초고수는 지금] - 매일경제 로봇주 집중 공략…LG전자·레인보우로보틱스 담았다[주식 초고수는 지금]&nbsp;&nbsp;매일경제
2026-05-30,AI·로봇으로 새판 짜는 징둥…'공급망 테크'로 변모 - 한국경제,AI·로봇으로 새판 짜는 징둥…'공급망 테크'로 변모&nbsp;&nbsp;한국경제,로봇,2026-05,AI·로봇으로 새판 짜는 징둥…'공급망 테크'로 변모 - 한국경제 AI·로봇으로 새판 짜는 징둥…'공급망 테크'로 변모&nbsp;&nbsp;한국경제
2026-05-24,"외인, 지난주 '삼전닉스' 10조 순매도…로봇·ESS는 샀다 - 연합뉴스","외인, 지난주 '삼전닉스' 10조 순매도…로봇·ESS는 샀다&nbsp;&nbsp;연합뉴스",로봇,2026-05,"외인, 지난주 '삼전닉스' 10조 순매도…로봇·ESS는 샀다 - 연합뉴스 외인, 지난주 '삼전닉스' 10조 순매도…로봇·ESS는 샀다&nbsp;&nbsp;연합뉴스"
2026-05-29,계열사 로봇사업 성장 기대 … HL홀딩스 목표주가 22%↑ - 매일경제 마켓,계열사 로봇사업 성장 기대 … HL홀딩스 목표주가 22%↑&nbsp;&nbsp;매일경제 마켓,로봇,2026-05,계열사 로봇사업 성장 기대 … HL홀딩스 목표주가 22%↑ - 매일경제 마켓 계열사 로봇사업 성장 기대 … HL홀딩스 목표주가 22%↑&nbsp;&nbsp;매일경제 마켓
2026-05-28,오늘의 로봇 기업 주식 시세(2026-05-28) - 로봇신문,오늘의 로봇 기업 주식 시세(2026-05-28)&nbsp;&nbsp;로봇신문,로봇,2026-05,오늘의 로봇 기업 주식 시세(2026-05-28) - 로봇신문 오늘의 로봇 기업 주식 시세(2026-05-28)&nbsp;&nbsp;로봇신문
2026-05-14,"로봇 올라탄 LG전자...하나증권, 목표가 23만원 상향 - v.daum.net","로봇 올라탄 LG전자...하나증권, 목표가 23만원 상향&nbsp;&nbsp;v.daum.net",로봇,2026-05,"로봇 올라탄 LG전자...하나증권, 목표가 23만원 상향 - v.daum.net 로봇 올라탄 LG전자...하나증권, 목표가 23만원 상향&nbsp;&nbsp;v.daum.net"
2026-05-06,오늘의 로봇 기업 주식 시세(2026-05-06) - 로봇신문,오늘의 로봇 기업 주식 시세(2026-05-06)&nbsp;&nbsp;로봇신문,로봇,2026-05,오늘의 로봇 기업 주식 시세(2026-05-06) - 로봇신문 오늘의 로봇 기업 주식 시세(2026-05-06)&nbsp;&nbsp;로봇신문
2026-05-30,[공모주달력]숨 고르는 공모주 시장…AI·로봇 기업 줄대기 - v.daum.net,[공모주달력]숨 고르는 공모주 시장…AI·로봇 기업 줄대기&nbsp;&nbsp;v.daum.net,로봇,2026-05,[공모주달력]숨 고르는 공모주 시장…AI·로봇 기업 줄대기 - v.daum.net [공모주달력]숨 고르는 공모주 시장…AI·로봇 기업 줄대기&nbsp;&nbsp;v.daum.net
2026-05-26,"달리다 '주춤' 로봇株…""외국인은 '줍줍', 장기 상승 기대"" - v.daum.net","달리다 '주춤' 로봇株…""외국인은 '줍줍', 장기 상승 기대""&nbsp;&nbsp;v.daum.net",로봇,2026-05,"달리다 '주춤' 로봇株…""외국인은 '줍줍', 장기 상승 기대"" - v.daum.net 달리다 '주춤' 로봇株…""외국인은 '줍줍', 장기 상승 기대""&nbsp;&nbsp;v.daum.net"
2026-05-29,"""로봇 부품사로 재평가"" 현대모비스, 목표가 91만원…세나테크놀로지, 무인 골프 로봇으로 피지컬 AI 기업 도약 [株토피아] - v.daum.net","""로봇 부품사로 재평가"" 현대모비스, 목표가 91만원…세나테크놀로지, 무인 골프 로봇으로 피지컬 AI 기업 도약 [株토피아]&nbsp;&nbsp;v.daum.net",로봇,2026-05,"""로봇 부품사로 재평가"" 현대모비스, 목표가 91만원…세나테크놀로지, 무인 골프 로봇으로 피지컬 AI 기업 도약 [株토피아] - v.daum.net ""로봇 부품사로 재평가"" 현대모비스, 목표가 91만원…세나테크놀로지, 무인 골프 로봇으로 피지컬 AI 기업 도약 [株토피아]&nbsp;&nbsp;v.daum.net"
2026-05-25,가전 떼고 AI·로봇 단 LG그룹株… 만년 저평가 딱지 떼고 상승 랠리 - 조선비즈 - Chosunbiz,가전 떼고 AI·로봇 단 LG그룹株… 만년 저평가 딱지 떼고 상승 랠리 - 조선비즈&nbsp;&nbsp;Chosunbiz,로봇,2026-05,가전 떼고 AI·로봇 단 LG그룹株… 만년 저평가 딱지 떼고 상승 랠리 - 조선비즈 - Chosunbiz 가전 떼고 AI·로봇 단 LG그룹株… 만년 저평가 딱지 떼고 상승 랠리 - 조선비즈&nbsp;&nbsp;Chosunbiz
2026-05-16,반도체 로봇 관련주 시황 매매전략 - 네이버 프리미엄콘텐츠,반도체 로봇 관련주 시황 매매전략&nbsp;&nbsp;네이버 프리미엄콘텐츠,로봇,2026-05,반도체 로봇 관련주 시황 매매전략 - 네이버 프리미엄콘텐츠 반도체 로봇 관련주 시황 매매전략&nbsp;&nbsp;네이버 프리미엄콘텐츠
2026-05-28,"하나증권 ""세나테크놀로지, 피지컬AI 전망 밝음"" 목표가↑ - 연합뉴스","하나증권 ""세나테크놀로지, 피지컬AI 전망 밝음"" 목표가↑&nbsp;&nbsp;연합뉴스",로봇,2026-05,"하나증권 ""세나테크놀로지, 피지컬AI 전망 밝음"" 목표가↑ - 연합뉴스 하나증권 ""세나테크놀로지, 피지컬AI 전망 밝음"" 목표가↑&nbsp;&nbsp;연합뉴스"
2026-05-29,[생생한 주식쇼 생쇼] 대형주 순환매 장세 속 현대글로비스의 로봇·물류 시너지 전략 - 매일경제TV,[생생한 주식쇼 생쇼] 대형주 순환매 장세 속 현대글로비스의 로봇·물류 시너지 전략&nbsp;&nbsp;매일경제TV,로봇,2026-05,[생생한 주식쇼 생쇼] 대형주 순환매 장세 속 현대글로비스의 로봇·물류 시너지 전략 - 매일경제TV [생생한 주식쇼 생쇼] 대형주 순환매 장세 속 현대글로비스의 로봇·물류 시너지 전략&nbsp;&nbsp;매일경제TV
2026-05-17,`로봇주` 쓸어담았다…로봇 종목 주가·ETF 수익률도 `쑥` - 부산일보,`로봇주` 쓸어담았다…로봇 종목 주가·ETF 수익률도 `쑥`&nbsp;&nbsp;부산일보,로봇,2026-05,`로봇주` 쓸어담았다…로봇 종목 주가·ETF 수익률도 `쑥` - 부산일보 `로봇주` 쓸어담았다…로봇 종목 주가·ETF 수익률도 `쑥`&nbsp;&nbsp;부산일보
2026-05-14,"'로봇팔 대명사' 日 화낙, 구글 피지컬 AI 협업에 급등 - 연합뉴스","'로봇팔 대명사' 日 화낙, 구글 피지컬 AI 협업에 급등&nbsp;&nbsp;연합뉴스",로봇,2026-05,"'로봇팔 대명사' 日 화낙, 구글 피지컬 AI 협업에 급등 - 연합뉴스 '로봇팔 대명사' 日 화낙, 구글 피지컬 AI 협업에 급등&nbsp;&nbsp;연합뉴스"
2026-05-15,'로봇 관련주'였어?…'삼전닉스'보다 더 많이 오른 LG전자 - 한국경제,'로봇 관련주'였어?…'삼전닉스'보다 더 많이 오른 LG전자&nbsp;&nbsp;한국경제,로봇,2026-05,'로봇 관련주'였어?…'삼전닉스'보다 더 많이 오른 LG전자 - 한국경제 '로봇 관련주'였어?…'삼전닉스'보다 더 많이 오른 LG전자&nbsp;&nbsp;한국경제
2026-05-12,"[특징주] LG전자, 로봇사업 확장성 긍정 평가에 16%이상 급등 - 연합뉴스","[특징주] LG전자, 로봇사업 확장성 긍정 평가에 16%이상 급등&nbsp;&nbsp;연합뉴스",로봇,2026-05,"[특징주] LG전자, 로봇사업 확장성 긍정 평가에 16%이상 급등 - 연합뉴스 [특징주] LG전자, 로봇사업 확장성 긍정 평가에 16%이상 급등&nbsp;&nbsp;연합뉴스"
2026-05-12,"현대차, 자동차에서 로봇으로 탈바꿈? - 데일리바이트(DAILY BYTE)","현대차, 자동차에서 로봇으로 탈바꿈?&nbsp;&nbsp;데일리바이트(DAILY BYTE)",로봇,2026-05,"현대차, 자동차에서 로봇으로 탈바꿈? - 데일리바이트(DAILY BYTE) 현대차, 자동차에서 로봇으로 탈바꿈?&nbsp;&nbsp;데일리바이트(DAILY BYTE)"
2026-05-08,로봇 스님 ‘가비’의 역설[뉴스와 시각] - 문화일보,로봇 스님 ‘가비’의 역설[뉴스와 시각]&nbsp;&nbsp;문화일보,로봇,2026-05,로봇 스님 ‘가비’의 역설[뉴스와 시각] - 문화일보 로봇 스님 ‘가비’의 역설[뉴스와 시각]&nbsp;&nbsp;문화일보
2026-05-20,6000원 시작해 '따따블' 찍더니…개미들 또 난리난 '이 회사' [종목+] - 한국경제,6000원 시작해 '따따블' 찍더니…개미들 또 난리난 '이 회사' [종목+]&nbsp;&nbsp;한국경제,로봇,2026-05,6000원 시작해 '따따블' 찍더니…개미들 또 난리난 '이 회사' [종목+] - 한국경제 6000원 시작해 '따따블' 찍더니…개미들 또 난리난 '이 회사' [종목+]&nbsp;&nbsp;한국경제
2026-05-05,"""자동차에서 로봇으로""…테슬라 촉발 '휴머노이드 산업' 본격 개화 - ebn.co.kr","""자동차에서 로봇으로""…테슬라 촉발 '휴머노이드 산업' 본격 개화&nbsp;&nbsp;ebn.co.kr",로봇,2026-05,"""자동차에서 로봇으로""…테슬라 촉발 '휴머노이드 산업' 본격 개화 - ebn.co.kr ""자동차에서 로봇으로""…테슬라 촉발 '휴머노이드 산업' 본격 개화&nbsp;&nbsp;ebn.co.kr"
2026-05-08,"삼성 미래로봇추진단, 인력 '수혈'…제조 로봇 상용화 속도 - 연합뉴스","삼성 미래로봇추진단, 인력 '수혈'…제조 로봇 상용화 속도&nbsp;&nbsp;연합뉴스",로봇,2026-05,"삼성 미래로봇추진단, 인력 '수혈'…제조 로봇 상용화 속도 - 연합뉴스 삼성 미래로봇추진단, 인력 '수혈'…제조 로봇 상용화 속도&nbsp;&nbsp;연합뉴스"
2026-05-29,테슬라도 뚫었다…주7일 24시간 풀가동하는 로봇 유망주는? - 한국경제,테슬라도 뚫었다…주7일 24시간 풀가동하는 로봇 유망주는?&nbsp;&nbsp;한국경제,로봇,2026-05,테슬라도 뚫었다…주7일 24시간 풀가동하는 로봇 유망주는? - 한국경제 테슬라도 뚫었다…주7일 24시간 풀가동하는 로봇 유망주는?&nbsp;&nbsp;한국경제
2026-05-26,"[속보] 휴림로봇, 타법인 투자 위해 약 10억원 유상증자 추진 - CBC뉴스","[속보] 휴림로봇, 타법인 투자 위해 약 10억원 유상증자 추진&nbsp;&nbsp;CBC뉴스",로봇,2026-05,"[속보] 휴림로봇, 타법인 투자 위해 약 10억원 유상증자 추진 - CBC뉴스 [속보] 휴림로봇, 타법인 투자 위해 약 10억원 유상증자 추진&nbsp;&nbsp;CBC뉴스"
2026-05-22,6년 만에 상한가 간 LG전자…이번엔 상승 기조 이어갈까 [종목+] - 한국경제,6년 만에 상한가 간 LG전자…이번엔 상승 기조 이어갈까 [종목+]&nbsp;&nbsp;한국경제,로봇,2026-05,6년 만에 상한가 간 LG전자…이번엔 상승 기조 이어갈까 [종목+] - 한국경제 6년 만에 상한가 간 LG전자…이번엔 상승 기조 이어갈까 [종목+]&nbsp;&nbsp;한국경제
2026-05-13,中 로봇업체 유니트리 IPO 추진…휴머노이드 산업 성장성 시험대 - 한국경제,中 로봇업체 유니트리 IPO 추진…휴머노이드 산업 성장성 시험대&nbsp;&nbsp;한국경제,로봇,2026-05,中 로봇업체 유니트리 IPO 추진…휴머노이드 산업 성장성 시험대 - 한국경제 中 로봇업체 유니트리 IPO 추진…휴머노이드 산업 성장성 시험대&nbsp;&nbsp;한국경제
2026-05-07,"“물구나무 선 로봇 아틀라스”…현대차, 개발형 모델 공개에 2%대 강세 - 매일경제 마켓","“물구나무 선 로봇 아틀라스”…현대차, 개발형 모델 공개에 2%대 강세&nbsp;&nbsp;매일경제 마켓",로봇,2026-05,"“물구나무 선 로봇 아틀라스”…현대차, 개발형 모델 공개에 2%대 강세 - 매일경제 마켓 “물구나무 선 로봇 아틀라스”…현대차, 개발형 모델 공개에 2%대 강세&nbsp;&nbsp;매일경제 마켓"
2026-05-28,현대차 로봇 운영체제 전담 …'넥스트 황제주' 노리는 현대오토에버 - 한국경제,현대차 로봇 운영체제 전담 …'넥스트 황제주' 노리는 현대오토에버&nbsp;&nbsp;한국경제,로봇,2026-05,현대차 로봇 운영체제 전담 …'넥스트 황제주' 노리는 현대오토에버 - 한국경제 현대차 로봇 운영체제 전담 …'넥스트 황제주' 노리는 현대오토에버&nbsp;&nbsp;한국경제
2026-05-08,"코스피, 장중 7,531선 돌파하며 역대 신고가 경신…로봇·자동차주 강세에 ‘불기둥’ - 프리진뉴스","코스피, 장중 7,531선 돌파하며 역대 신고가 경신…로봇·자동차주 강세에 ‘불기둥’&nbsp;&nbsp;프리진뉴스",로봇,2026-05,"코스피, 장중 7,531선 돌파하며 역대 신고가 경신…로봇·자동차주 강세에 ‘불기둥’ - 프리진뉴스 코스피, 장중 7,531선 돌파하며 역대 신고가 경신…로봇·자동차주 강세에 ‘불기둥’&nbsp;&nbsp;프리진뉴스"
2026-05-11,"[코스닥 새내기] 로봇 관련주 ‘코스모로보틱스’, 병오년 4호 따따블 - 뉴스웰","[코스닥 새내기] 로봇 관련주 ‘코스모로보틱스’, 병오년 4호 따따블&nbsp;&nbsp;뉴스웰",로봇,2026-05,"[코스닥 새내기] 로봇 관련주 ‘코스모로보틱스’, 병오년 4호 따따블 - 뉴스웰 [코스닥 새내기] 로봇 관련주 ‘코스모로보틱스’, 병오년 4호 따따블&nbsp;&nbsp;뉴스웰"
2026-05-25,"코스닥 향한 외국인, 바이오·로봇·AI 쓸어담았다 - 파이낸셜뉴스","코스닥 향한 외국인, 바이오·로봇·AI 쓸어담았다&nbsp;&nbsp;파이낸셜뉴스",로봇,2026-05,"코스닥 향한 외국인, 바이오·로봇·AI 쓸어담았다 - 파이낸셜뉴스 코스닥 향한 외국인, 바이오·로봇·AI 쓸어담았다&nbsp;&nbsp;파이낸셜뉴스"
2026-05-29,"""로봇·자율주행용 ‘장수명 배터리’ 겨냥…올해 판매량 20% 늘린다"" - 한국경제","""로봇·자율주행용 ‘장수명 배터리’ 겨냥…올해 판매량 20% 늘린다""&nbsp;&nbsp;한국경제",로봇,2026-05,"""로봇·자율주행용 ‘장수명 배터리’ 겨냥…올해 판매량 20% 늘린다"" - 한국경제 ""로봇·자율주행용 ‘장수명 배터리’ 겨냥…올해 판매량 20% 늘린다""&nbsp;&nbsp;한국경제"
2026-05-04,"두산, AI 올라탄다···'소재·반도체·로봇' 삼각편대 - 뉴스웨이","두산, AI 올라탄다···'소재·반도체·로봇' 삼각편대&nbsp;&nbsp;뉴스웨이",로봇,2026-05,"두산, AI 올라탄다···'소재·반도체·로봇' 삼각편대 - 뉴스웨이 두산, AI 올라탄다···'소재·반도체·로봇' 삼각편대&nbsp;&nbsp;뉴스웨이"
2026-05-29,'정의선 비밀병기' 뭐길래…삼전닉스 다음으로 '여기'에 꽂혔다 [투자톡] - 한국경제,'정의선 비밀병기' 뭐길래…삼전닉스 다음으로 '여기'에 꽂혔다 [투자톡]&nbsp;&nbsp;한국경제,로봇,2026-05,'정의선 비밀병기' 뭐길래…삼전닉스 다음으로 '여기'에 꽂혔다 [투자톡] - 한국경제 '정의선 비밀병기' 뭐길래…삼전닉스 다음으로 '여기'에 꽂혔다 [투자톡]&nbsp;&nbsp;한국경제
2026-05-11,"[금융 HOT 뉴스] 신한투자증권 ""1분기 개인 투자자 80% 수익"" - 비즈월드","[금융 HOT 뉴스] 신한투자증권 ""1분기 개인 투자자 80% 수익""&nbsp;&nbsp;비즈월드",로봇,2026-05,"[금융 HOT 뉴스] 신한투자증권 ""1분기 개인 투자자 80% 수익"" - 비즈월드 [금융 HOT 뉴스] 신한투자증권 ""1분기 개인 투자자 80% 수익""&nbsp;&nbsp;비즈월드"
2026-05-14,"""MLCC·기판 없어서 못판다"" 삼성전기, 목표주가 140만원… LG전자, 로봇·데이터센터향 신사업 본격화로 목표가 44%↑ [株토피아] - v.daum.net","""MLCC·기판 없어서 못판다"" 삼성전기, 목표주가 140만원… LG전자, 로봇·데이터센터향 신사업 본격화로 목표가 44%↑ [株토피아]&nbsp;&nbsp;v.daum.net",로봇,2026-05,"""MLCC·기판 없어서 못판다"" 삼성전기, 목표주가 140만원… LG전자, 로봇·데이터센터향 신사업 본격화로 목표가 44%↑ [株토피아] - v.daum.net ""MLCC·기판 없어서 못판다"" 삼성전기, 목표주가 140만원… LG전자, 로봇·데이터센터향 신사업 본격화로 목표가 44%↑ [株토피아]&nbsp;&nbsp;v.daum.net"
2026-05-08,'보스턴다이내믹스' 몸값 얼마길래…현대차그룹 일제히 '불기둥' - 한국경제,'보스턴다이내믹스' 몸값 얼마길래…현대차그룹 일제히 '불기둥'&nbsp;&nbsp;한국경제,로봇,2026-05,'보스턴다이내믹스' 몸값 얼마길래…현대차그룹 일제히 '불기둥' - 한국경제 '보스턴다이내믹스' 몸값 얼마길래…현대차그룹 일제히 '불기둥'&nbsp;&nbsp;한국경제
2026-05-30,'L'자 들어가는 주식 살 걸 그랬나... 폭주하는 LG그룹 시총 - 세계일보,'L'자 들어가는 주식 살 걸 그랬나... 폭주하는 LG그룹 시총&nbsp;&nbsp;세계일보,로봇,2026-05,'L'자 들어가는 주식 살 걸 그랬나... 폭주하는 LG그룹 시총 - 세계일보 'L'자 들어가는 주식 살 걸 그랬나... 폭주하는 LG그룹 시총&nbsp;&nbsp;세계일보
2026-05-31,"덴탈로보틱스, SIDEX 참가…피지컬 AI 기반 석션 로봇 공개 - 네이트","덴탈로보틱스, SIDEX 참가…피지컬 AI 기반 석션 로봇 공개&nbsp;&nbsp;네이트",로봇,2026-05,"덴탈로보틱스, SIDEX 참가…피지컬 AI 기반 석션 로봇 공개 - 네이트 덴탈로보틱스, SIDEX 참가…피지컬 AI 기반 석션 로봇 공개&nbsp;&nbsp;네이트"
2026-05-02,휴림로봇·두산로보틱스·유진로봇·원익홀딩스·로보티즈 '엇갈린 롤러코스터'…지금 로봇주 타도 되나 말아야 하나? - 네이트,휴림로봇·두산로보틱스·유진로봇·원익홀딩스·로보티즈 '엇갈린 롤러코스터'…지금 로봇주 타도 되나 말아야 하나?&nbsp;&nbsp;네이트,로봇,2026-05,휴림로봇·두산로보틱스·유진로봇·원익홀딩스·로보티즈 '엇갈린 롤러코스터'…지금 로봇주 타도 되나 말아야 하나? - 네이트 휴림로봇·두산로보틱스·유진로봇·원익홀딩스·로보티즈 '엇갈린 롤러코스터'…지금 로봇주 타도 되나 말아야 하나?&nbsp;&nbsp;네이트
2026-05-31,포스코DX·NC AI 산업용 로봇 제어 모델 개발 추진 - 네이트,포스코DX·NC AI 산업용 로봇 제어 모델 개발 추진&nbsp;&nbsp;네이트,로봇,2026-05,포스코DX·NC AI 산업용 로봇 제어 모델 개발 추진 - 네이트 포스코DX·NC AI 산업용 로봇 제어 모델 개발 추진&nbsp;&nbsp;네이트
2026-05-31,"데이터처, 1일부터 경제총조사…AI·로봇 활용 등 산업생태계 변화 반영 - 네이트","데이터처, 1일부터 경제총조사…AI·로봇 활용 등 산업생태계 변화 반영&nbsp;&nbsp;네이트",로봇,2026-05,"데이터처, 1일부터 경제총조사…AI·로봇 활용 등 산업생태계 변화 반영 - 네이트 데이터처, 1일부터 경제총조사…AI·로봇 활용 등 산업생태계 변화 반영&nbsp;&nbsp;네이트"
2026-05-18,"5월18일 월요일 마감시황,주도테마/대장주 정리 (우주항공,반도체소부장,태양광,반도체대형주,로봇,송배전) - 네이버 프리미엄콘텐츠","5월18일 월요일 마감시황,주도테마/대장주 정리 (우주항공,반도체소부장,태양광,반도체대형주,로봇,송배전)&nbsp;&nbsp;네이버 프리미엄콘텐츠",로봇,2026-05,"5월18일 월요일 마감시황,주도테마/대장주 정리 (우주항공,반도체소부장,태양광,반도체대형주,로봇,송배전) - 네이버 프리미엄콘텐츠 5월18일 월요일 마감시황,주도테마/대장주 정리 (우주항공,반도체소부장,태양광,반도체대형주,로봇,송배전)&nbsp;&nbsp;네이버 프리미엄콘텐츠"
2026-05-16,"현대차, 100만 원 황제주 등극하나…다시 온 로봇주 사이클 - MSN","현대차, 100만 원 황제주 등극하나…다시 온 로봇주 사이클&nbsp;&nbsp;MSN",로봇,2026-05,"현대차, 100만 원 황제주 등극하나…다시 온 로봇주 사이클 - MSN 현대차, 100만 원 황제주 등극하나…다시 온 로봇주 사이클&nbsp;&nbsp;MSN"
2026-05-27,"Hyundai Mobis, 로봇 핵심부품 공급 확대 기대에 목표주가 상향 - Traders Union","Hyundai Mobis, 로봇 핵심부품 공급 확대 기대에 목표주가 상향&nbsp;&nbsp;Traders Union",로봇,2026-05,"Hyundai Mobis, 로봇 핵심부품 공급 확대 기대에 목표주가 상향 - Traders Union Hyundai Mobis, 로봇 핵심부품 공급 확대 기대에 목표주가 상향&nbsp;&nbsp;Traders Union"
2026-05-25,"""HBM도 3년 보면..."" 김장열 본부장이 밝힌 주식 갈아타는 타이밍 - v.daum.net","""HBM도 3년 보면..."" 김장열 본부장이 밝힌 주식 갈아타는 타이밍&nbsp;&nbsp;v.daum.net",HBM,2026-05,"""HBM도 3년 보면..."" 김장열 본부장이 밝힌 주식 갈아타는 타이밍 - v.daum.net ""HBM도 3년 보면..."" 김장열 본부장이 밝힌 주식 갈아타는 타이밍&nbsp;&nbsp;v.daum.net"
2026-05-29,삼성의 차세대 HBM 샘플 세계 최초 출하에…삼전닉스 풀베팅한 초고수 [주식 초고수는 지금] - 매일경제,삼성의 차세대 HBM 샘플 세계 최초 출하에…삼전닉스 풀베팅한 초고수 [주식 초고수는 지금]&nbsp;&nbsp;매일경제,HBM,2026-05,삼성의 차세대 HBM 샘플 세계 최초 출하에…삼전닉스 풀베팅한 초고수 [주식 초고수는 지금] - 매일경제 삼성의 차세대 HBM 샘플 세계 최초 출하에…삼전닉스 풀베팅한 초고수 [주식 초고수는 지금]&nbsp;&nbsp;매일경제
2026-05-25,"""HBM도 3년 보면..."" 김장열 본부장이 밝힌 주식 갈아타는 타이밍 - 뉴스웨이","""HBM도 3년 보면..."" 김장열 본부장이 밝힌 주식 갈아타는 타이밍&nbsp;&nbsp;뉴스웨이",HBM,2026-05,"""HBM도 3년 보면..."" 김장열 본부장이 밝힌 주식 갈아타는 타이밍 - 뉴스웨이 ""HBM도 3년 보면..."" 김장열 본부장이 밝힌 주식 갈아타는 타이밍&nbsp;&nbsp;뉴스웨이"
2026-05-04,"한투증권, 삼성전자 목표가↑…""영업익 상승세 계속될 것"" - 연합뉴스","한투증권, 삼성전자 목표가↑…""영업익 상승세 계속될 것""&nbsp;&nbsp;연합뉴스",HBM,2026-05,"한투증권, 삼성전자 목표가↑…""영업익 상승세 계속될 것"" - 연합뉴스 한투증권, 삼성전자 목표가↑…""영업익 상승세 계속될 것""&nbsp;&nbsp;연합뉴스"
2026-05-19,[1% 초고수의 선택] 범용 메모리보다 HBM…AI 반도체 '승자 교체' 베팅 - ebn.co.kr,[1% 초고수의 선택] 범용 메모리보다 HBM…AI 반도체 '승자 교체' 베팅&nbsp;&nbsp;ebn.co.kr,HBM,2026-05,[1% 초고수의 선택] 범용 메모리보다 HBM…AI 반도체 '승자 교체' 베팅 - ebn.co.kr [1% 초고수의 선택] 범용 메모리보다 HBM…AI 반도체 '승자 교체' 베팅&nbsp;&nbsp;ebn.co.kr
2026-05-05,미국 큰 손들이 앞다퉈 사는 히트슬러그 주식…'냉각주 열풍' - 머니투데이 - 머니투데이,미국 큰 손들이 앞다퉈 사는 히트슬러그 주식…'냉각주 열풍' - 머니투데이&nbsp;&nbsp;머니투데이,HBM,2026-05,미국 큰 손들이 앞다퉈 사는 히트슬러그 주식…'냉각주 열풍' - 머니투데이 - 머니투데이 미국 큰 손들이 앞다퉈 사는 히트슬러그 주식…'냉각주 열풍' - 머니투데이&nbsp;&nbsp;머니투데이
2026-05-30,삼성 vs SK하이닉스: 어떤 AI 메모리 주식이 더 나은가? 어떻게 투자할 것인가? - TradingKey,삼성 vs SK하이닉스: 어떤 AI 메모리 주식이 더 나은가? 어떻게 투자할 것인가?&nbsp;&nbsp;TradingKey,HBM,2026-05,삼성 vs SK하이닉스: 어떤 AI 메모리 주식이 더 나은가? 어떻게 투자할 것인가? - TradingKey 삼성 vs SK하이닉스: 어떤 AI 메모리 주식이 더 나은가? 어떻게 투자할 것인가?&nbsp;&nbsp;TradingKey
2026-05-07,[단독] 초고수들이 몰래 쓸어 담는 HBM 대장주는? - 서울경제,[단독] 초고수들이 몰래 쓸어 담는 HBM 대장주는?&nbsp;&nbsp;서울경제,HBM,2026-05,[단독] 초고수들이 몰래 쓸어 담는 HBM 대장주는? - 서울경제 [단독] 초고수들이 몰래 쓸어 담는 HBM 대장주는?&nbsp;&nbsp;서울경제
2026-05-14,"""삼전닉스 없인 못해""…美도 열풍 불더니 한국 주식에 꽂혔다 [분석+] - 블루밍비트","""삼전닉스 없인 못해""…美도 열풍 불더니 한국 주식에 꽂혔다 [분석+]&nbsp;&nbsp;블루밍비트",HBM,2026-05,"""삼전닉스 없인 못해""…美도 열풍 불더니 한국 주식에 꽂혔다 [분석+] - 블루밍비트 ""삼전닉스 없인 못해""…美도 열풍 불더니 한국 주식에 꽂혔다 [분석+]&nbsp;&nbsp;블루밍비트"
2026-05-26,반도체 랠리에 코스피 사상 최고…ETF 순자산 484조 - 서울경제,반도체 랠리에 코스피 사상 최고…ETF 순자산 484조&nbsp;&nbsp;서울경제,HBM,2026-05,반도체 랠리에 코스피 사상 최고…ETF 순자산 484조 - 서울경제 반도체 랠리에 코스피 사상 최고…ETF 순자산 484조&nbsp;&nbsp;서울경제
2026-05-26,"SK하이닉스, HBM 발열 줄이는 'iHBM' 기술 공개 - 연합뉴스","SK하이닉스, HBM 발열 줄이는 'iHBM' 기술 공개&nbsp;&nbsp;연합뉴스",HBM,2026-05,"SK하이닉스, HBM 발열 줄이는 'iHBM' 기술 공개 - 연합뉴스 SK하이닉스, HBM 발열 줄이는 'iHBM' 기술 공개&nbsp;&nbsp;연합뉴스"
2026-05-28,"유안타증권 “쎄크, 차세대 엑스레이 검사 특허 확보…HBM·유리기판·방산 신성장축” - v.daum.net","유안타증권 “쎄크, 차세대 엑스레이 검사 특허 확보…HBM·유리기판·방산 신성장축”&nbsp;&nbsp;v.daum.net",HBM,2026-05,"유안타증권 “쎄크, 차세대 엑스레이 검사 특허 확보…HBM·유리기판·방산 신성장축” - v.daum.net 유안타증권 “쎄크, 차세대 엑스레이 검사 특허 확보…HBM·유리기판·방산 신성장축”&nbsp;&nbsp;v.daum.net"
2026-05-21,"노무라, 코스피 11,000으로 상향…'59만전자·400만닉스' 전망 - 연합뉴스","노무라, 코스피 11,000으로 상향…'59만전자·400만닉스' 전망&nbsp;&nbsp;연합뉴스",HBM,2026-05,"노무라, 코스피 11,000으로 상향…'59만전자·400만닉스' 전망 - 연합뉴스 노무라, 코스피 11,000으로 상향…'59만전자·400만닉스' 전망&nbsp;&nbsp;연합뉴스"
2026-05-20,"""HBM 수혜 본격화""...디아이, 이익 증가 주목-신한투자증권 - v.daum.net","""HBM 수혜 본격화""...디아이, 이익 증가 주목-신한투자증권&nbsp;&nbsp;v.daum.net",HBM,2026-05,"""HBM 수혜 본격화""...디아이, 이익 증가 주목-신한투자증권 - v.daum.net ""HBM 수혜 본격화""...디아이, 이익 증가 주목-신한투자증권&nbsp;&nbsp;v.daum.net"
2026-05-07,HBM 승기 잡은 곽노정 SK하이닉스 사장 주식 94억 받았다 - v.daum.net,HBM 승기 잡은 곽노정 SK하이닉스 사장 주식 94억 받았다&nbsp;&nbsp;v.daum.net,HBM,2026-05,HBM 승기 잡은 곽노정 SK하이닉스 사장 주식 94억 받았다 - v.daum.net HBM 승기 잡은 곽노정 SK하이닉스 사장 주식 94억 받았다&nbsp;&nbsp;v.daum.net
2026-05-28,"""HBM 안까지 들여다본다""…쎄크, 차세대 검사장비 주목 - v.daum.net","""HBM 안까지 들여다본다""…쎄크, 차세대 검사장비 주목&nbsp;&nbsp;v.daum.net",HBM,2026-05,"""HBM 안까지 들여다본다""…쎄크, 차세대 검사장비 주목 - v.daum.net ""HBM 안까지 들여다본다""…쎄크, 차세대 검사장비 주목&nbsp;&nbsp;v.daum.net"
2026-05-06,"곽노정 SK하이닉스 사장, 94억 자사주 받는다…'HBM 성과 반영' - v.daum.net","곽노정 SK하이닉스 사장, 94억 자사주 받는다…'HBM 성과 반영'&nbsp;&nbsp;v.daum.net",HBM,2026-05,"곽노정 SK하이닉스 사장, 94억 자사주 받는다…'HBM 성과 반영' - v.daum.net 곽노정 SK하이닉스 사장, 94억 자사주 받는다…'HBM 성과 반영'&nbsp;&nbsp;v.daum.net"
2026-05-18,"7,000 돌파한 코스피, 서점가까지 흔든 투자 붐 - civicnews.com","7,000 돌파한 코스피, 서점가까지 흔든 투자 붐&nbsp;&nbsp;civicnews.com",HBM,2026-05,"7,000 돌파한 코스피, 서점가까지 흔든 투자 붐 - civicnews.com 7,000 돌파한 코스피, 서점가까지 흔든 투자 붐&nbsp;&nbsp;civicnews.com"
2026-05-07,"곽노정 SK하이닉스, 성과급으로 94억원 규모 자사주 받아 - v.daum.net","곽노정 SK하이닉스, 성과급으로 94억원 규모 자사주 받아&nbsp;&nbsp;v.daum.net",HBM,2026-05,"곽노정 SK하이닉스, 성과급으로 94억원 규모 자사주 받아 - v.daum.net 곽노정 SK하이닉스, 성과급으로 94억원 규모 자사주 받아&nbsp;&nbsp;v.daum.net"
2026-05-21,"[투자 아이디어] 베라 루빈 지연이 오히려 기회? HBM·LPDDR 수요 폭발, 반도체 소부장까지 확산 전망 - 네이버 프리미엄콘텐츠","[투자 아이디어] 베라 루빈 지연이 오히려 기회? HBM·LPDDR 수요 폭발, 반도체 소부장까지 확산 전망&nbsp;&nbsp;네이버 프리미엄콘텐츠",HBM,2026-05,"[투자 아이디어] 베라 루빈 지연이 오히려 기회? HBM·LPDDR 수요 폭발, 반도체 소부장까지 확산 전망 - 네이버 프리미엄콘텐츠 [투자 아이디어] 베라 루빈 지연이 오히려 기회? HBM·LPDDR 수요 폭발, 반도체 소부장까지 확산 전망&nbsp;&nbsp;네이버 프리미엄콘텐츠"
2026-05-07,“300만원으로 상향 조정”... 하이닉스 주가 ‘묻고 더블로’ - 조선비즈 - Chosunbiz,“300만원으로 상향 조정”... 하이닉스 주가 ‘묻고 더블로’ - 조선비즈&nbsp;&nbsp;Chosunbiz,HBM,2026-05,“300만원으로 상향 조정”... 하이닉스 주가 ‘묻고 더블로’ - 조선비즈 - Chosunbiz “300만원으로 상향 조정”... 하이닉스 주가 ‘묻고 더블로’ - 조선비즈&nbsp;&nbsp;Chosunbiz
2026-05-25,엔비디아 '루빈'이 키운 메모리 몸값…삼성·SK하이닉스 협상력 커질까 - 연합인포맥스,엔비디아 '루빈'이 키운 메모리 몸값…삼성·SK하이닉스 협상력 커질까&nbsp;&nbsp;연합인포맥스,HBM,2026-05,엔비디아 '루빈'이 키운 메모리 몸값…삼성·SK하이닉스 협상력 커질까 - 연합인포맥스 엔비디아 '루빈'이 키운 메모리 몸값…삼성·SK하이닉스 협상력 커질까&nbsp;&nbsp;연합인포맥스
2026-05-21,'PLUS 글로벌HBM반도체' 수익률 훨훨 - 파이낸셜뉴스,'PLUS 글로벌HBM반도체' 수익률 훨훨&nbsp;&nbsp;파이낸셜뉴스,HBM,2026-05,'PLUS 글로벌HBM반도체' 수익률 훨훨 - 파이낸셜뉴스 'PLUS 글로벌HBM반도체' 수익률 훨훨&nbsp;&nbsp;파이낸셜뉴스
2026-05-29,"삼성전자와 SK하이닉스 주가 사상 최고가 경신, 메모리 반도체 슈퍼사이클 진입하나 - 2news.co.kr","삼성전자와 SK하이닉스 주가 사상 최고가 경신, 메모리 반도체 슈퍼사이클 진입하나&nbsp;&nbsp;2news.co.kr",HBM,2026-05,"삼성전자와 SK하이닉스 주가 사상 최고가 경신, 메모리 반도체 슈퍼사이클 진입하나 - 2news.co.kr 삼성전자와 SK하이닉스 주가 사상 최고가 경신, 메모리 반도체 슈퍼사이클 진입하나&nbsp;&nbsp;2news.co.kr"
2026-05-31,1조달러 Micron AI HBM 완판이 바꾸는 메모리 사이클 - simplywall.st,1조달러 Micron AI HBM 완판이 바꾸는 메모리 사이클&nbsp;&nbsp;simplywall.st,HBM,2026-05,1조달러 Micron AI HBM 완판이 바꾸는 메모리 사이클 - simplywall.st 1조달러 Micron AI HBM 완판이 바꾸는 메모리 사이클&nbsp;&nbsp;simplywall.st
2026-05-06,HBM 호황의 숨겨진 변수…미국 빅테크 회사채 금리에 달렸다 [글로벌 머니 X파일] - 한국경제,HBM 호황의 숨겨진 변수…미국 빅테크 회사채 금리에 달렸다 [글로벌 머니 X파일]&nbsp;&nbsp;한국경제,HBM,2026-05,HBM 호황의 숨겨진 변수…미국 빅테크 회사채 금리에 달렸다 [글로벌 머니 X파일] - 한국경제 HBM 호황의 숨겨진 변수…미국 빅테크 회사채 금리에 달렸다 [글로벌 머니 X파일]&nbsp;&nbsp;한국경제
2026-05-19,"""400만닉스 간다"" 이유 있었네…'역대급 전망' 근거에 깜짝 [테크로그] - 한국경제","""400만닉스 간다"" 이유 있었네…'역대급 전망' 근거에 깜짝 [테크로그]&nbsp;&nbsp;한국경제",HBM,2026-05,"""400만닉스 간다"" 이유 있었네…'역대급 전망' 근거에 깜짝 [테크로그] - 한국경제 ""400만닉스 간다"" 이유 있었네…'역대급 전망' 근거에 깜짝 [테크로그]&nbsp;&nbsp;한국경제"
2026-05-28,"“SK하이닉스 보고 있나”…삼성전자, 세계 최초 HBM4E 12단 샘플 출하 - 매일경제","“SK하이닉스 보고 있나”…삼성전자, 세계 최초 HBM4E 12단 샘플 출하&nbsp;&nbsp;매일경제",HBM,2026-05,"“SK하이닉스 보고 있나”…삼성전자, 세계 최초 HBM4E 12단 샘플 출하 - 매일경제 “SK하이닉스 보고 있나”…삼성전자, 세계 최초 HBM4E 12단 샘플 출하&nbsp;&nbsp;매일경제"
2026-05-29,"삼성전자, '시총 2천조' 첫 돌파…우선주 합산 단일 기업 최초 - 네이트","삼성전자, '시총 2천조' 첫 돌파…우선주 합산 단일 기업 최초&nbsp;&nbsp;네이트",HBM,2026-05,"삼성전자, '시총 2천조' 첫 돌파…우선주 합산 단일 기업 최초 - 네이트 삼성전자, '시총 2천조' 첫 돌파…우선주 합산 단일 기업 최초&nbsp;&nbsp;네이트"
2026-05-07,"한미반도체, 39만원대 강세…HBM 기대감 속 거래량 확대 - CBC뉴스","한미반도체, 39만원대 강세…HBM 기대감 속 거래량 확대&nbsp;&nbsp;CBC뉴스",HBM,2026-05,"한미반도체, 39만원대 강세…HBM 기대감 속 거래량 확대 - CBC뉴스 한미반도체, 39만원대 강세…HBM 기대감 속 거래량 확대&nbsp;&nbsp;CBC뉴스"
2026-05-29,Micron Technology Inc (MU) 주식 시작했습니다 상승 3.26%에 5월29일: 투자자가 알아야 할 정보 - TradingKey,Micron Technology Inc (MU) 주식 시작했습니다 상승 3.26%에 5월29일: 투자자가 알아야 할 정보&nbsp;&nbsp;TradingKey,HBM,2026-05,Micron Technology Inc (MU) 주식 시작했습니다 상승 3.26%에 5월29일: 투자자가 알아야 할 정보 - TradingKey Micron Technology Inc (MU) 주식 시작했습니다 상승 3.26%에 5월29일: 투자자가 알아야 할 정보&nbsp;&nbsp;TradingKey
2026-05-26,"뉴욕증시, 반도체 강세에 또 최고치 마감…나스닥 1.19% 상승 - 산경투데이","뉴욕증시, 반도체 강세에 또 최고치 마감…나스닥 1.19% 상승&nbsp;&nbsp;산경투데이",HBM,2026-05,"뉴욕증시, 반도체 강세에 또 최고치 마감…나스닥 1.19% 상승 - 산경투데이 뉴욕증시, 반도체 강세에 또 최고치 마감…나스닥 1.19% 상승&nbsp;&nbsp;산경투데이"
2026-05-19,"삼성전자 4만 원일 때 샀던 김구라, 주식 투자 '초대박' - 위키트리","삼성전자 4만 원일 때 샀던 김구라, 주식 투자 '초대박'&nbsp;&nbsp;위키트리",HBM,2026-05,"삼성전자 4만 원일 때 샀던 김구라, 주식 투자 '초대박' - 위키트리 삼성전자 4만 원일 때 샀던 김구라, 주식 투자 '초대박'&nbsp;&nbsp;위키트리"
2026-05-21,'PLUS 글로벌HBM반도체' 3년 수익률 676.67%…반도체 ETF 1위 - 파이낸셜뉴스,'PLUS 글로벌HBM반도체' 3년 수익률 676.67%…반도체 ETF 1위&nbsp;&nbsp;파이낸셜뉴스,HBM,2026-05,'PLUS 글로벌HBM반도체' 3년 수익률 676.67%…반도체 ETF 1위 - 파이낸셜뉴스 'PLUS 글로벌HBM반도체' 3년 수익률 676.67%…반도체 ETF 1위&nbsp;&nbsp;파이낸셜뉴스
2026-05-12,"""돈 더 넣을까?""…씨티 46만전자·310만닉스 목표가 내놨다 [분석+] - 한국경제","""돈 더 넣을까?""…씨티 46만전자·310만닉스 목표가 내놨다 [분석+]&nbsp;&nbsp;한국경제",HBM,2026-05,"""돈 더 넣을까?""…씨티 46만전자·310만닉스 목표가 내놨다 [분석+] - 한국경제 ""돈 더 넣을까?""…씨티 46만전자·310만닉스 목표가 내놨다 [분석+]&nbsp;&nbsp;한국경제"
2026-05-07,"""또 내 주식만 파란불""…'코스피 7000' 시대에도 웃지 못하는 개미들 - 네이트","""또 내 주식만 파란불""…'코스피 7000' 시대에도 웃지 못하는 개미들&nbsp;&nbsp;네이트",HBM,2026-05,"""또 내 주식만 파란불""…'코스피 7000' 시대에도 웃지 못하는 개미들 - 네이트 ""또 내 주식만 파란불""…'코스피 7000' 시대에도 웃지 못하는 개미들&nbsp;&nbsp;네이트"
2026-05-06,"'200억 클럽' 노태문·곽노정 ""샐러리맨 신화""…삼전닉스 임원 주식 급등 - 한국경제","'200억 클럽' 노태문·곽노정 ""샐러리맨 신화""…삼전닉스 임원 주식 급등&nbsp;&nbsp;한국경제",HBM,2026-05,"'200억 클럽' 노태문·곽노정 ""샐러리맨 신화""…삼전닉스 임원 주식 급등 - 한국경제 '200억 클럽' 노태문·곽노정 ""샐러리맨 신화""…삼전닉스 임원 주식 급등&nbsp;&nbsp;한국경제"
2026-05-13,"코미코, 100% 무상증자 발표… 반도체 세정 강자의 자신감 - 핀포인트뉴스","코미코, 100% 무상증자 발표… 반도체 세정 강자의 자신감&nbsp;&nbsp;핀포인트뉴스",HBM,2026-05,"코미코, 100% 무상증자 발표… 반도체 세정 강자의 자신감 - 핀포인트뉴스 코미코, 100% 무상증자 발표… 반도체 세정 강자의 자신감&nbsp;&nbsp;핀포인트뉴스"
2026-05-04,"오전 이슈 [HBM] : 오로스테크놀로지, 미래반도체, 제너셈, 덕산하이메탈, 에스티아이 - 파이낸셜뉴스","오전 이슈 [HBM] : 오로스테크놀로지, 미래반도체, 제너셈, 덕산하이메탈, 에스티아이&nbsp;&nbsp;파이낸셜뉴스",HBM,2026-05,"오전 이슈 [HBM] : 오로스테크놀로지, 미래반도체, 제너셈, 덕산하이메탈, 에스티아이 - 파이낸셜뉴스 오전 이슈 [HBM] : 오로스테크놀로지, 미래반도체, 제너셈, 덕산하이메탈, 에스티아이&nbsp;&nbsp;파이낸셜뉴스"
2026-05-07,"SK하이닉스, 160만원대 거래…SK증권 목표가 상향에 AI 반도체 기대감 확대, 양봉전환의 힘 - CBC뉴스","SK하이닉스, 160만원대 거래…SK증권 목표가 상향에 AI 반도체 기대감 확대, 양봉전환의 힘&nbsp;&nbsp;CBC뉴스",HBM,2026-05,"SK하이닉스, 160만원대 거래…SK증권 목표가 상향에 AI 반도체 기대감 확대, 양봉전환의 힘 - CBC뉴스 SK하이닉스, 160만원대 거래…SK증권 목표가 상향에 AI 반도체 기대감 확대, 양봉전환의 힘&nbsp;&nbsp;CBC뉴스"
2026-05-06,"HBM 다음은 낸드…SK하이닉스, AI 저장 패권 '정조준' - 네이트","HBM 다음은 낸드…SK하이닉스, AI 저장 패권 '정조준'&nbsp;&nbsp;네이트",HBM,2026-05,"HBM 다음은 낸드…SK하이닉스, AI 저장 패권 '정조준' - 네이트 HBM 다음은 낸드…SK하이닉스, AI 저장 패권 '정조준'&nbsp;&nbsp;네이트"
2026-05-28,"유안타증권 ""쎄크, 차세대 엑스레이 검사 특허 주목"" - 파이낸셜포스트","유안타증권 ""쎄크, 차세대 엑스레이 검사 특허 주목""&nbsp;&nbsp;파이낸셜포스트",HBM,2026-05,"유안타증권 ""쎄크, 차세대 엑스레이 검사 특허 주목"" - 파이낸셜포스트 유안타증권 ""쎄크, 차세대 엑스레이 검사 특허 주목""&nbsp;&nbsp;파이낸셜포스트"
2026-05-06,"곽노정 SK하이닉스 사장, 94억 자사주 수령...HBM 성과 반영 - 파이낸셜뉴스","곽노정 SK하이닉스 사장, 94억 자사주 수령...HBM 성과 반영&nbsp;&nbsp;파이낸셜뉴스",HBM,2026-05,"곽노정 SK하이닉스 사장, 94억 자사주 수령...HBM 성과 반영 - 파이낸셜뉴스 곽노정 SK하이닉스 사장, 94억 자사주 수령...HBM 성과 반영&nbsp;&nbsp;파이낸셜뉴스"
2026-05-11,"LS증권 ""SK하이닉스, 목표가 210만원 상향…인건비 부담 변수"" - 네이트","LS증권 ""SK하이닉스, 목표가 210만원 상향…인건비 부담 변수""&nbsp;&nbsp;네이트",HBM,2026-05,"LS증권 ""SK하이닉스, 목표가 210만원 상향…인건비 부담 변수"" - 네이트 LS증권 ""SK하이닉스, 목표가 210만원 상향…인건비 부담 변수""&nbsp;&nbsp;네이트"
2026-05-28,"유안타증권 ""쎄크, 차세대 엑스레이 검사 특허 확보…HBM·유리기판·방산 신성장축"" - 네이트","유안타증권 ""쎄크, 차세대 엑스레이 검사 특허 확보…HBM·유리기판·방산 신성장축""&nbsp;&nbsp;네이트",HBM,2026-05,"유안타증권 ""쎄크, 차세대 엑스레이 검사 특허 확보…HBM·유리기판·방산 신성장축"" - 네이트 유안타증권 ""쎄크, 차세대 엑스레이 검사 특허 확보…HBM·유리기판·방산 신성장축""&nbsp;&nbsp;네이트"
2026-05-08,"엠디바이스, HBM 난제 정조준…차세대 '하이브리드 본딩' 특허 출원 - 네이트","엠디바이스, HBM 난제 정조준…차세대 '하이브리드 본딩' 특허 출원&nbsp;&nbsp;네이트",HBM,2026-05,"엠디바이스, HBM 난제 정조준…차세대 '하이브리드 본딩' 특허 출원 - 네이트 엠디바이스, HBM 난제 정조준…차세대 '하이브리드 본딩' 특허 출원&nbsp;&nbsp;네이트"
2026-05-30,HBM 끝이 아니었다…SK하이닉스 440만 원까지 터졌다 - MSN,HBM 끝이 아니었다…SK하이닉스 440만 원까지 터졌다&nbsp;&nbsp;MSN,HBM,2026-05,HBM 끝이 아니었다…SK하이닉스 440만 원까지 터졌다 - MSN HBM 끝이 아니었다…SK하이닉스 440만 원까지 터졌다&nbsp;&nbsp;MSN
2026-05-30,"앤트로픽, 오픈AI 제치고 AI 왕좌 등극. 삼성전자 SK하이닉스 HBM과 고성능 D램 수요 더 늘어난다! - MSN","앤트로픽, 오픈AI 제치고 AI 왕좌 등극. 삼성전자 SK하이닉스 HBM과 고성능 D램 수요 더 늘어난다!&nbsp;&nbsp;MSN",HBM,2026-05,"앤트로픽, 오픈AI 제치고 AI 왕좌 등극. 삼성전자 SK하이닉스 HBM과 고성능 D램 수요 더 늘어난다! - MSN 앤트로픽, 오픈AI 제치고 AI 왕좌 등극. 삼성전자 SK하이닉스 HBM과 고성능 D램 수요 더 늘어난다!&nbsp;&nbsp;MSN"
2026-05-16,‘트럼프 수혜’ 조선주 과속했나…투자의견 하향에 주가 급락 - 한겨레,‘트럼프 수혜’ 조선주 과속했나…투자의견 하향에 주가 급락&nbsp;&nbsp;한겨레,조선,2026-05,‘트럼프 수혜’ 조선주 과속했나…투자의견 하향에 주가 급락 - 한겨레 ‘트럼프 수혜’ 조선주 과속했나…투자의견 하향에 주가 급락&nbsp;&nbsp;한겨레
2026-05-28,"국민연금, 국내주식 비율 20.8%로 상향 - v.daum.net","국민연금, 국내주식 비율 20.8%로 상향&nbsp;&nbsp;v.daum.net",조선,2026-05,"국민연금, 국내주식 비율 20.8%로 상향 - v.daum.net 국민연금, 국내주식 비율 20.8%로 상향&nbsp;&nbsp;v.daum.net"
2026-05-28,지난달 외국인 주식 4조 순매도…亞·美 주도 - 조선비즈 - Chosunbiz,지난달 외국인 주식 4조 순매도…亞·美 주도 - 조선비즈&nbsp;&nbsp;Chosunbiz,조선,2026-05,지난달 외국인 주식 4조 순매도…亞·美 주도 - 조선비즈 - Chosunbiz 지난달 외국인 주식 4조 순매도…亞·美 주도 - 조선비즈&nbsp;&nbsp;Chosunbiz
2026-05-19,"대한조선, 주식소각 결정→발행주식수 변경 - 톱스타뉴스","대한조선, 주식소각 결정→발행주식수 변경&nbsp;&nbsp;톱스타뉴스",조선,2026-05,"대한조선, 주식소각 결정→발행주식수 변경 - 톱스타뉴스 대한조선, 주식소각 결정→발행주식수 변경&nbsp;&nbsp;톱스타뉴스"
2026-05-23,[요즘 서점가] AI로 주식 공부하는 법 ‘제미나이…’ 경제경영 1위 - v.daum.net,[요즘 서점가] AI로 주식 공부하는 법 ‘제미나이…’ 경제경영 1위&nbsp;&nbsp;v.daum.net,조선,2026-05,[요즘 서점가] AI로 주식 공부하는 법 ‘제미나이…’ 경제경영 1위 - v.daum.net [요즘 서점가] AI로 주식 공부하는 법 ‘제미나이…’ 경제경영 1위&nbsp;&nbsp;v.daum.net
2026-05-27,외국인 통합 계좌 서비스 개시… 韓 주식 손쉽게 거래 - 조선비즈 - Chosunbiz,외국인 통합 계좌 서비스 개시… 韓 주식 손쉽게 거래 - 조선비즈&nbsp;&nbsp;Chosunbiz,조선,2026-05,외국인 통합 계좌 서비스 개시… 韓 주식 손쉽게 거래 - 조선비즈 - Chosunbiz 외국인 통합 계좌 서비스 개시… 韓 주식 손쉽게 거래 - 조선비즈&nbsp;&nbsp;Chosunbiz
2026-05-28,"국민연금, 국내 주식 투자 비율 14.9%에서 20.8%로 상향 - v.daum.net","국민연금, 국내 주식 투자 비율 14.9%에서 20.8%로 상향&nbsp;&nbsp;v.daum.net",조선,2026-05,"국민연금, 국내 주식 투자 비율 14.9%에서 20.8%로 상향 - v.daum.net 국민연금, 국내 주식 투자 비율 14.9%에서 20.8%로 상향&nbsp;&nbsp;v.daum.net"
2026-05-05,"""장난감 대신 삼성전자""… 0~9세 주식계좌 두 배 늘고, 평균 잔고 1000만원 - 조선일보","""장난감 대신 삼성전자""… 0~9세 주식계좌 두 배 늘고, 평균 잔고 1000만원&nbsp;&nbsp;조선일보",조선,2026-05,"""장난감 대신 삼성전자""… 0~9세 주식계좌 두 배 늘고, 평균 잔고 1000만원 - 조선일보 ""장난감 대신 삼성전자""… 0~9세 주식계좌 두 배 늘고, 평균 잔고 1000만원&nbsp;&nbsp;조선일보"
2026-05-28,"국민연금, 국내주식 비중 최대 25.8% + α …“시장 영향 최소화” - 조선비즈 - Chosunbiz","국민연금, 국내주식 비중 최대 25.8% + α …“시장 영향 최소화” - 조선비즈&nbsp;&nbsp;Chosunbiz",조선,2026-05,"국민연금, 국내주식 비중 최대 25.8% + α …“시장 영향 최소화” - 조선비즈 - Chosunbiz 국민연금, 국내주식 비중 최대 25.8% + α …“시장 영향 최소화” - 조선비즈&nbsp;&nbsp;Chosunbiz"
2026-05-12,"[朝鮮칼럼] 부동산은 ‘나쁜 투기’, 주식은 ‘착한 투자’인가 - 조선일보","[朝鮮칼럼] 부동산은 ‘나쁜 투기’, 주식은 ‘착한 투자’인가&nbsp;&nbsp;조선일보",조선,2026-05,"[朝鮮칼럼] 부동산은 ‘나쁜 투기’, 주식은 ‘착한 투자’인가 - 조선일보 [朝鮮칼럼] 부동산은 ‘나쁜 투기’, 주식은 ‘착한 투자’인가&nbsp;&nbsp;조선일보"
2026-05-20,주식창만 보는 70대 개미들… 매매 횟수 20대의 4배 - v.daum.net,주식창만 보는 70대 개미들… 매매 횟수 20대의 4배&nbsp;&nbsp;v.daum.net,조선,2026-05,주식창만 보는 70대 개미들… 매매 횟수 20대의 4배 - v.daum.net 주식창만 보는 70대 개미들… 매매 횟수 20대의 4배&nbsp;&nbsp;v.daum.net
2026-05-29,"국민연금 1분기 기금 수익률 4.4%...해외 주식은 마이너스, 국내 주식은 21.7% 수익 - v.daum.net","국민연금 1분기 기금 수익률 4.4%...해외 주식은 마이너스, 국내 주식은 21.7% 수익&nbsp;&nbsp;v.daum.net",조선,2026-05,"국민연금 1분기 기금 수익률 4.4%...해외 주식은 마이너스, 국내 주식은 21.7% 수익 - v.daum.net 국민연금 1분기 기금 수익률 4.4%...해외 주식은 마이너스, 국내 주식은 21.7% 수익&nbsp;&nbsp;v.daum.net"
2026-05-29,[박정훈 칼럼] 주가 올라 살림살이 좀 나아졌습니까? - v.daum.net,[박정훈 칼럼] 주가 올라 살림살이 좀 나아졌습니까?&nbsp;&nbsp;v.daum.net,조선,2026-05,[박정훈 칼럼] 주가 올라 살림살이 좀 나아졌습니까? - v.daum.net [박정훈 칼럼] 주가 올라 살림살이 좀 나아졌습니까?&nbsp;&nbsp;v.daum.net
2026-05-05,“역시 국민 주식”… 자녀에게 가장 많이 선물한 주식은 삼성전자 - 조선비즈 - Chosunbiz,“역시 국민 주식”… 자녀에게 가장 많이 선물한 주식은 삼성전자 - 조선비즈&nbsp;&nbsp;Chosunbiz,조선,2026-05,“역시 국민 주식”… 자녀에게 가장 많이 선물한 주식은 삼성전자 - 조선비즈 - Chosunbiz “역시 국민 주식”… 자녀에게 가장 많이 선물한 주식은 삼성전자 - 조선비즈&nbsp;&nbsp;Chosunbiz
2026-05-14,"5060 주식 수익률, 2030 제쳤다…‘수익률 36%’ 1위 - 조선비즈 - Chosunbiz","5060 주식 수익률, 2030 제쳤다…‘수익률 36%’ 1위 - 조선비즈&nbsp;&nbsp;Chosunbiz",조선,2026-05,"5060 주식 수익률, 2030 제쳤다…‘수익률 36%’ 1위 - 조선비즈 - Chosunbiz 5060 주식 수익률, 2030 제쳤다…‘수익률 36%’ 1위 - 조선비즈&nbsp;&nbsp;Chosunbiz"
2026-05-09,"세대별 투자 성향 갈려…10대는 美 ETF, 50대 이상은 조선·방산 대형주 - 서울경제","세대별 투자 성향 갈려…10대는 美 ETF, 50대 이상은 조선·방산 대형주&nbsp;&nbsp;서울경제",조선,2026-05,"세대별 투자 성향 갈려…10대는 美 ETF, 50대 이상은 조선·방산 대형주 - 서울경제 세대별 투자 성향 갈려…10대는 美 ETF, 50대 이상은 조선·방산 대형주&nbsp;&nbsp;서울경제"
2026-05-25,"“국내 증시서 150조 팔 수도”...‘큰 손’ 국민연금, 28일 국내 주식 투자 비중 손본다 - v.daum.net","“국내 증시서 150조 팔 수도”...‘큰 손’ 국민연금, 28일 국내 주식 투자 비중 손본다&nbsp;&nbsp;v.daum.net",조선,2026-05,"“국내 증시서 150조 팔 수도”...‘큰 손’ 국민연금, 28일 국내 주식 투자 비중 손본다 - v.daum.net “국내 증시서 150조 팔 수도”...‘큰 손’ 국민연금, 28일 국내 주식 투자 비중 손본다&nbsp;&nbsp;v.daum.net"
2026-05-19,[단독] 주식창만 보고 있는 70대 개미들... 1분기 평균 매매 횟수 20대의 4배 - 조선일보,[단독] 주식창만 보고 있는 70대 개미들... 1분기 평균 매매 횟수 20대의 4배&nbsp;&nbsp;조선일보,조선,2026-05,[단독] 주식창만 보고 있는 70대 개미들... 1분기 평균 매매 횟수 20대의 4배 - 조선일보 [단독] 주식창만 보고 있는 70대 개미들... 1분기 평균 매매 횟수 20대의 4배&nbsp;&nbsp;조선일보
2026-05-21,"[경제 뉴스로 배우는 한입 한자]스페이스 X, 주식시장 上場으로 투자자로부터 120조 원 調達받는대요! - 조선일보","[경제 뉴스로 배우는 한입 한자]스페이스 X, 주식시장 上場으로 투자자로부터 120조 원 調達받는대요!&nbsp;&nbsp;조선일보",조선,2026-05,"[경제 뉴스로 배우는 한입 한자]스페이스 X, 주식시장 上場으로 투자자로부터 120조 원 調達받는대요! - 조선일보 [경제 뉴스로 배우는 한입 한자]스페이스 X, 주식시장 上場으로 투자자로부터 120조 원 調達받는대요!&nbsp;&nbsp;조선일보"
2026-05-06,[특징주] 코스피 7000 돌파에 증권株도 상승세 - 조선비즈 - Chosunbiz,[특징주] 코스피 7000 돌파에 증권株도 상승세 - 조선비즈&nbsp;&nbsp;Chosunbiz,조선,2026-05,[특징주] 코스피 7000 돌파에 증권株도 상승세 - 조선비즈 - Chosunbiz [특징주] 코스피 7000 돌파에 증권株도 상승세 - 조선비즈&nbsp;&nbsp;Chosunbiz
2026-05-13,"카카오페이증권, 타사 주식 입고 이벤트…최대 1000만원 지급 - 조선비즈 - Chosunbiz","카카오페이증권, 타사 주식 입고 이벤트…최대 1000만원 지급 - 조선비즈&nbsp;&nbsp;Chosunbiz",조선,2026-05,"카카오페이증권, 타사 주식 입고 이벤트…최대 1000만원 지급 - 조선비즈 - Chosunbiz 카카오페이증권, 타사 주식 입고 이벤트…최대 1000만원 지급 - 조선비즈&nbsp;&nbsp;Chosunbiz"
2026-05-02,"끊임 없는 AI 투자…월가, 낙관론 속에 의구심도 솔솔 - 조선비즈 - Chosunbiz","끊임 없는 AI 투자…월가, 낙관론 속에 의구심도 솔솔 - 조선비즈&nbsp;&nbsp;Chosunbiz",조선,2026-05,"끊임 없는 AI 투자…월가, 낙관론 속에 의구심도 솔솔 - 조선비즈 - Chosunbiz 끊임 없는 AI 투자…월가, 낙관론 속에 의구심도 솔솔 - 조선비즈&nbsp;&nbsp;Chosunbiz"
2026-05-31,“앤스로픽 주식으로 집 사세요“...AI 붐에 메가 IPO까지 치솟는 실리콘밸리 집 값 - v.daum.net,“앤스로픽 주식으로 집 사세요“...AI 붐에 메가 IPO까지 치솟는 실리콘밸리 집 값&nbsp;&nbsp;v.daum.net,조선,2026-05,“앤스로픽 주식으로 집 사세요“...AI 붐에 메가 IPO까지 치솟는 실리콘밸리 집 값 - v.daum.net “앤스로픽 주식으로 집 사세요“...AI 붐에 메가 IPO까지 치솟는 실리콘밸리 집 값&nbsp;&nbsp;v.daum.net
2026-05-18,증권사 유동성 관리 강화… 규제 대상 확대·비율 산정 현실화 - Chosunbiz,증권사 유동성 관리 강화… 규제 대상 확대·비율 산정 현실화&nbsp;&nbsp;Chosunbiz,조선,2026-05,증권사 유동성 관리 강화… 규제 대상 확대·비율 산정 현실화 - Chosunbiz 증권사 유동성 관리 강화… 규제 대상 확대·비율 산정 현실화&nbsp;&nbsp;Chosunbiz
2026-05-06,"‘칠천피’ 경사에도…“여전히 싼 삼전닉스, 나는 배고프다” [주식 초고수는 지금] - 매일경제","‘칠천피’ 경사에도…“여전히 싼 삼전닉스, 나는 배고프다” [주식 초고수는 지금]&nbsp;&nbsp;매일경제",조선,2026-05,"‘칠천피’ 경사에도…“여전히 싼 삼전닉스, 나는 배고프다” [주식 초고수는 지금] - 매일경제 ‘칠천피’ 경사에도…“여전히 싼 삼전닉스, 나는 배고프다” [주식 초고수는 지금]&nbsp;&nbsp;매일경제"
2026-05-07,"7000 축포, 그 속에 묻힌 경고음 - 조선비즈 - Chosunbiz","7000 축포, 그 속에 묻힌 경고음 - 조선비즈&nbsp;&nbsp;Chosunbiz",조선,2026-05,"7000 축포, 그 속에 묻힌 경고음 - 조선비즈 - Chosunbiz 7000 축포, 그 속에 묻힌 경고음 - 조선비즈&nbsp;&nbsp;Chosunbiz"
2026-05-26,상승장인데 최소 70兆 팔아라?… 큰손 국민연금의 고민 - 조선비즈 - Chosunbiz,상승장인데 최소 70兆 팔아라?… 큰손 국민연금의 고민 - 조선비즈&nbsp;&nbsp;Chosunbiz,조선,2026-05,상승장인데 최소 70兆 팔아라?… 큰손 국민연금의 고민 - 조선비즈 - Chosunbiz 상승장인데 최소 70兆 팔아라?… 큰손 국민연금의 고민 - 조선비즈&nbsp;&nbsp;Chosunbiz
2026-05-27,"다음 넘기고 업스테이지 주식 받은 카카오... 70억 책정했는데, 5000억 전망까지 - 조선비즈 - Chosunbiz","다음 넘기고 업스테이지 주식 받은 카카오... 70억 책정했는데, 5000억 전망까지 - 조선비즈&nbsp;&nbsp;Chosunbiz",조선,2026-05,"다음 넘기고 업스테이지 주식 받은 카카오... 70억 책정했는데, 5000억 전망까지 - 조선비즈 - Chosunbiz 다음 넘기고 업스테이지 주식 받은 카카오... 70억 책정했는데, 5000억 전망까지 - 조선비즈&nbsp;&nbsp;Chosunbiz"
2026-05-17,"케빈 워시 차기 연준 의장, 쿠팡 주식 매각 나서 - v.daum.net","케빈 워시 차기 연준 의장, 쿠팡 주식 매각 나서&nbsp;&nbsp;v.daum.net",조선,2026-05,"케빈 워시 차기 연준 의장, 쿠팡 주식 매각 나서 - v.daum.net 케빈 워시 차기 연준 의장, 쿠팡 주식 매각 나서&nbsp;&nbsp;v.daum.net"
2026-05-11,나만 못 벌었나… 1분기 돈 번 개미들 평균 수익은 - 조선일보,나만 못 벌었나… 1분기 돈 번 개미들 평균 수익은&nbsp;&nbsp;조선일보,조선,2026-05,나만 못 벌었나… 1분기 돈 번 개미들 평균 수익은 - 조선일보 나만 못 벌었나… 1분기 돈 번 개미들 평균 수익은&nbsp;&nbsp;조선일보
2026-05-12,"개미 80%, 주식으로 평균 848만원 벌었다 - 조선비즈 - Chosunbiz","개미 80%, 주식으로 평균 848만원 벌었다 - 조선비즈&nbsp;&nbsp;Chosunbiz",조선,2026-05,"개미 80%, 주식으로 평균 848만원 벌었다 - 조선비즈 - Chosunbiz 개미 80%, 주식으로 평균 848만원 벌었다 - 조선비즈&nbsp;&nbsp;Chosunbiz"
2026-05-20,“외국인 韓 주식 팔고 떠난다? 다른 방식으로 지분율 높이는 중” - 조선비즈 - Chosunbiz,“외국인 韓 주식 팔고 떠난다? 다른 방식으로 지분율 높이는 중” - 조선비즈&nbsp;&nbsp;Chosunbiz,조선,2026-05,“외국인 韓 주식 팔고 떠난다? 다른 방식으로 지분율 높이는 중” - 조선비즈 - Chosunbiz “외국인 韓 주식 팔고 떠난다? 다른 방식으로 지분율 높이는 중” - 조선비즈&nbsp;&nbsp;Chosunbiz
2026-05-19,2주 남은 해외주식 양도세 100% 감면 혜택...RIA 계좌 잔고는 2조 육박 - v.daum.net,2주 남은 해외주식 양도세 100% 감면 혜택...RIA 계좌 잔고는 2조 육박&nbsp;&nbsp;v.daum.net,조선,2026-05,2주 남은 해외주식 양도세 100% 감면 혜택...RIA 계좌 잔고는 2조 육박 - v.daum.net 2주 남은 해외주식 양도세 100% 감면 혜택...RIA 계좌 잔고는 2조 육박&nbsp;&nbsp;v.daum.net
2026-05-27,"中, 해외주식 우회투자 전면 차단… 자금유출 옥죈다 - 조선비즈 - Chosunbiz","中, 해외주식 우회투자 전면 차단… 자금유출 옥죈다 - 조선비즈&nbsp;&nbsp;Chosunbiz",조선,2026-05,"中, 해외주식 우회투자 전면 차단… 자금유출 옥죈다 - 조선비즈 - Chosunbiz 中, 해외주식 우회투자 전면 차단… 자금유출 옥죈다 - 조선비즈&nbsp;&nbsp;Chosunbiz"
2026-05-04,장외 파생상품 거래 年 2경6779조원 역대 최대 - 조선비즈 - Chosunbiz,장외 파생상품 거래 年 2경6779조원 역대 최대 - 조선비즈&nbsp;&nbsp;Chosunbiz,조선,2026-05,장외 파생상품 거래 年 2경6779조원 역대 최대 - 조선비즈 - Chosunbiz 장외 파생상품 거래 年 2경6779조원 역대 최대 - 조선비즈&nbsp;&nbsp;Chosunbiz
2026-05-07,"""반도체만 믿어라"" ""지금도 싸다""...쏟아지는 장밋빛 전망에 고민 커지는 개미들 - 조선일보","""반도체만 믿어라"" ""지금도 싸다""...쏟아지는 장밋빛 전망에 고민 커지는 개미들&nbsp;&nbsp;조선일보",조선,2026-05,"""반도체만 믿어라"" ""지금도 싸다""...쏟아지는 장밋빛 전망에 고민 커지는 개미들 - 조선일보 ""반도체만 믿어라"" ""지금도 싸다""...쏟아지는 장밋빛 전망에 고민 커지는 개미들&nbsp;&nbsp;조선일보"
2026-05-07,“300만원으로 상향 조정”... 하이닉스 주가 ‘묻고 더블로’ - 조선비즈 - Chosunbiz,“300만원으로 상향 조정”... 하이닉스 주가 ‘묻고 더블로’ - 조선비즈&nbsp;&nbsp;Chosunbiz,조선,2026-05,“300만원으로 상향 조정”... 하이닉스 주가 ‘묻고 더블로’ - 조선비즈 - Chosunbiz “300만원으로 상향 조정”... 하이닉스 주가 ‘묻고 더블로’ - 조선비즈&nbsp;&nbsp;Chosunbiz
2026-05-06,"’강세장엔 증권주’, 코스피 사상최고치에 날아오르는 증권주들…분기 실적 1조 가나 - 조선일보","’강세장엔 증권주’, 코스피 사상최고치에 날아오르는 증권주들…분기 실적 1조 가나&nbsp;&nbsp;조선일보",조선,2026-05,"’강세장엔 증권주’, 코스피 사상최고치에 날아오르는 증권주들…분기 실적 1조 가나 - 조선일보 ’강세장엔 증권주’, 코스피 사상최고치에 날아오르는 증권주들…분기 실적 1조 가나&nbsp;&nbsp;조선일보"
2026-05-02,“불장에 직장 떠났다” 전업투자 뛰어든 개미… 전문가들은 ‘경고’ - 조선비즈 - Chosunbiz,“불장에 직장 떠났다” 전업투자 뛰어든 개미… 전문가들은 ‘경고’ - 조선비즈&nbsp;&nbsp;Chosunbiz,조선,2026-05,“불장에 직장 떠났다” 전업투자 뛰어든 개미… 전문가들은 ‘경고’ - 조선비즈 - Chosunbiz “불장에 직장 떠났다” 전업투자 뛰어든 개미… 전문가들은 ‘경고’ - 조선비즈&nbsp;&nbsp;Chosunbiz
2026-05-13,"금융위, ‘동전주 퇴출’ 상폐 강화안 확정 - 조선비즈 - Chosunbiz","금융위, ‘동전주 퇴출’ 상폐 강화안 확정 - 조선비즈&nbsp;&nbsp;Chosunbiz",조선,2026-05,"금융위, ‘동전주 퇴출’ 상폐 강화안 확정 - 조선비즈 - Chosunbiz 금융위, ‘동전주 퇴출’ 상폐 강화안 확정 - 조선비즈&nbsp;&nbsp;Chosunbiz"
2026-05-30,코스피 이달 22% 폭등… 외국인은 45조 순매도 - 조선비즈 - Chosunbiz,코스피 이달 22% 폭등… 외국인은 45조 순매도 - 조선비즈&nbsp;&nbsp;Chosunbiz,조선,2026-05,코스피 이달 22% 폭등… 외국인은 45조 순매도 - 조선비즈 - Chosunbiz 코스피 이달 22% 폭등… 외국인은 45조 순매도 - 조선비즈&nbsp;&nbsp;Chosunbiz
2026-05-31,주식 비중 늘리려 채권은 축소… 국민연금 결정에 채권 시장 ‘긴장’ - 조선비즈 - Chosunbiz,주식 비중 늘리려 채권은 축소… 국민연금 결정에 채권 시장 ‘긴장’ - 조선비즈&nbsp;&nbsp;Chosunbiz,조선,2026-05,주식 비중 늘리려 채권은 축소… 국민연금 결정에 채권 시장 ‘긴장’ - 조선비즈 - Chosunbiz 주식 비중 늘리려 채권은 축소… 국민연금 결정에 채권 시장 ‘긴장’ - 조선비즈&nbsp;&nbsp;Chosunbiz
2026-05-26,"NH투자증권, ‘IMA 2호’ 상품 출시…1200억원 규모 - 조선비즈 - Chosunbiz","NH투자증권, ‘IMA 2호’ 상품 출시…1200억원 규모 - 조선비즈&nbsp;&nbsp;Chosunbiz",조선,2026-05,"NH투자증권, ‘IMA 2호’ 상품 출시…1200억원 규모 - 조선비즈 - Chosunbiz NH투자증권, ‘IMA 2호’ 상품 출시…1200억원 규모 - 조선비즈&nbsp;&nbsp;Chosunbiz"
2026-05-21,"‘87세 주식 고수’ 전원주, 유세장 깜짝 등장…푸른 옷 입고 손가락 번쩍 - 조선일보","‘87세 주식 고수’ 전원주, 유세장 깜짝 등장…푸른 옷 입고 손가락 번쩍&nbsp;&nbsp;조선일보",조선,2026-05,"‘87세 주식 고수’ 전원주, 유세장 깜짝 등장…푸른 옷 입고 손가락 번쩍 - 조선일보 ‘87세 주식 고수’ 전원주, 유세장 깜짝 등장…푸른 옷 입고 손가락 번쩍&nbsp;&nbsp;조선일보"
2026-05-29,[주식 매매 상위 종목 및 환율] 2026년 5월 29일자 - 네이트,[주식 매매 상위 종목 및 환율] 2026년 5월 29일자&nbsp;&nbsp;네이트,조선,2026-05,[주식 매매 상위 종목 및 환율] 2026년 5월 29일자 - 네이트 [주식 매매 상위 종목 및 환율] 2026년 5월 29일자&nbsp;&nbsp;네이트
2026-05-28,[주식 매매 상위 종목 및 환율] 2026년 5월 28일자 - 네이트,[주식 매매 상위 종목 및 환율] 2026년 5월 28일자&nbsp;&nbsp;네이트,조선,2026-05,[주식 매매 상위 종목 및 환율] 2026년 5월 28일자 - 네이트 [주식 매매 상위 종목 및 환율] 2026년 5월 28일자&nbsp;&nbsp;네이트
2026-05-24,[주간경제지표] 2026년 5월 22일자 - 네이트,[주간경제지표] 2026년 5월 22일자&nbsp;&nbsp;네이트,조선,2026-05,[주간경제지표] 2026년 5월 22일자 - 네이트 [주간경제지표] 2026년 5월 22일자&nbsp;&nbsp;네이트
2026-05-29,"""이재용 메일 클릭했더니 삼성전자 주가""…직장인들 몰린 '위장 주식창' - 네이트","""이재용 메일 클릭했더니 삼성전자 주가""…직장인들 몰린 '위장 주식창'&nbsp;&nbsp;네이트",조선,2026-05,"""이재용 메일 클릭했더니 삼성전자 주가""…직장인들 몰린 '위장 주식창' - 네이트 ""이재용 메일 클릭했더니 삼성전자 주가""…직장인들 몰린 '위장 주식창'&nbsp;&nbsp;네이트"
2026-05-06,"역대급 상장 스페이스X, 우주 정복하고 지구 주식도 정복할까 - 조선일보","역대급 상장 스페이스X, 우주 정복하고 지구 주식도 정복할까&nbsp;&nbsp;조선일보",조선,2026-05,"역대급 상장 스페이스X, 우주 정복하고 지구 주식도 정복할까 - 조선일보 역대급 상장 스페이스X, 우주 정복하고 지구 주식도 정복할까&nbsp;&nbsp;조선일보"
2026-05-08,[코스피 지수선물 옵션] 방산·조선 흔들리고 자동차 질주… 수급 재편 뚜렷 - 핀포인트뉴스,[코스피 지수선물 옵션] 방산·조선 흔들리고 자동차 질주… 수급 재편 뚜렷&nbsp;&nbsp;핀포인트뉴스,조선,2026-05,[코스피 지수선물 옵션] 방산·조선 흔들리고 자동차 질주… 수급 재편 뚜렷 - 핀포인트뉴스 [코스피 지수선물 옵션] 방산·조선 흔들리고 자동차 질주… 수급 재편 뚜렷&nbsp;&nbsp;핀포인트뉴스
2026-05-30,"“스페이스X 상장 후 폭락”…그때 쟁여라, 10배 오를 K유망주 - 중앙일보","“스페이스X 상장 후 폭락”…그때 쟁여라, 10배 오를 K유망주&nbsp;&nbsp;중앙일보",스페이스X,2026-05,"“스페이스X 상장 후 폭락”…그때 쟁여라, 10배 오를 K유망주 - 중앙일보 “스페이스X 상장 후 폭락”…그때 쟁여라, 10배 오를 K유망주&nbsp;&nbsp;중앙일보"
2026-05-21,"[경제 뉴스로 배우는 한입 한자]스페이스 X, 주식시장 上場으로 투자자로부터 120조 원 調達받는대요! - 조선일보","[경제 뉴스로 배우는 한입 한자]스페이스 X, 주식시장 上場으로 투자자로부터 120조 원 調達받는대요!&nbsp;&nbsp;조선일보",스페이스X,2026-05,"[경제 뉴스로 배우는 한입 한자]스페이스 X, 주식시장 上場으로 투자자로부터 120조 원 調達받는대요! - 조선일보 [경제 뉴스로 배우는 한입 한자]스페이스 X, 주식시장 上場으로 투자자로부터 120조 원 調達받는대요!&nbsp;&nbsp;조선일보"
2026-05-29,"스페이스X, QQQ에 담길까…20조 서학개미 '촉각' - v.daum.net","스페이스X, QQQ에 담길까…20조 서학개미 '촉각'&nbsp;&nbsp;v.daum.net",스페이스X,2026-05,"스페이스X, QQQ에 담길까…20조 서학개미 '촉각' - v.daum.net 스페이스X, QQQ에 담길까…20조 서학개미 '촉각'&nbsp;&nbsp;v.daum.net"
2026-05-28,"“큰 거 온다, 현금 쌓아두자”…스페이스X 상장 앞두고 美펀드들 빅테크 매도 - 매일경제","“큰 거 온다, 현금 쌓아두자”…스페이스X 상장 앞두고 美펀드들 빅테크 매도&nbsp;&nbsp;매일경제",스페이스X,2026-05,"“큰 거 온다, 현금 쌓아두자”…스페이스X 상장 앞두고 美펀드들 빅테크 매도 - 매일경제 “큰 거 온다, 현금 쌓아두자”…스페이스X 상장 앞두고 美펀드들 빅테크 매도&nbsp;&nbsp;매일경제"
2026-05-29,"""2조 달러 우주 괴물 온다""···스페이스X 지분 가장 많이 보유한 ETF 및 뮤추얼 펀드는? - Benzinga","""2조 달러 우주 괴물 온다""···스페이스X 지분 가장 많이 보유한 ETF 및 뮤추얼 펀드는?&nbsp;&nbsp;Benzinga",스페이스X,2026-05,"""2조 달러 우주 괴물 온다""···스페이스X 지분 가장 많이 보유한 ETF 및 뮤추얼 펀드는? - Benzinga ""2조 달러 우주 괴물 온다""···스페이스X 지분 가장 많이 보유한 ETF 및 뮤추얼 펀드는?&nbsp;&nbsp;Benzinga"
2026-05-29,"'투자의 전설' 롭 아노트 ""스페이스X, 지수편입 수요에 수년간 급등 가능"" - 연합인포맥스","'투자의 전설' 롭 아노트 ""스페이스X, 지수편입 수요에 수년간 급등 가능""&nbsp;&nbsp;연합인포맥스",스페이스X,2026-05,"'투자의 전설' 롭 아노트 ""스페이스X, 지수편입 수요에 수년간 급등 가능"" - 연합인포맥스 '투자의 전설' 롭 아노트 ""스페이스X, 지수편입 수요에 수년간 급등 가능""&nbsp;&nbsp;연합인포맥스"
2026-05-22,가상화폐 거래소들 스페이스X 연관 파생상품 출시 - 연합뉴스,가상화폐 거래소들 스페이스X 연관 파생상품 출시&nbsp;&nbsp;연합뉴스,스페이스X,2026-05,가상화폐 거래소들 스페이스X 연관 파생상품 출시 - 연합뉴스 가상화폐 거래소들 스페이스X 연관 파생상품 출시&nbsp;&nbsp;연합뉴스
2026-05-26,스페이스X 상장 전에 베팅?…코인거래소에 수천억 몰렸다 - 뉴스1,스페이스X 상장 전에 베팅?…코인거래소에 수천억 몰렸다&nbsp;&nbsp;뉴스1,스페이스X,2026-05,스페이스X 상장 전에 베팅?…코인거래소에 수천억 몰렸다 - 뉴스1 스페이스X 상장 전에 베팅?…코인거래소에 수천억 몰렸다&nbsp;&nbsp;뉴스1
2026-05-18,“스페이스X 상장전 이것 사라” 5월말 돈 버는 단타 종목 2개 - 중앙일보,“스페이스X 상장전 이것 사라” 5월말 돈 버는 단타 종목 2개&nbsp;&nbsp;중앙일보,스페이스X,2026-05,“스페이스X 상장전 이것 사라” 5월말 돈 버는 단타 종목 2개 - 중앙일보 “스페이스X 상장전 이것 사라” 5월말 돈 버는 단타 종목 2개&nbsp;&nbsp;중앙일보
2026-05-21,스페이스X IPO 뜯어보니…적자·계열사 거래·지배구조 논란 - 연합뉴스,스페이스X IPO 뜯어보니…적자·계열사 거래·지배구조 논란&nbsp;&nbsp;연합뉴스,스페이스X,2026-05,스페이스X IPO 뜯어보니…적자·계열사 거래·지배구조 논란 - 연합뉴스 스페이스X IPO 뜯어보니…적자·계열사 거래·지배구조 논란&nbsp;&nbsp;연합뉴스
2026-05-06,스페이스X 상장 첫날 사지마라…“20일뒤 무조건 오른다” 왜 - 중앙일보,스페이스X 상장 첫날 사지마라…“20일뒤 무조건 오른다” 왜&nbsp;&nbsp;중앙일보,스페이스X,2026-05,스페이스X 상장 첫날 사지마라…“20일뒤 무조건 오른다” 왜 - 중앙일보 스페이스X 상장 첫날 사지마라…“20일뒤 무조건 오른다” 왜&nbsp;&nbsp;중앙일보
2026-05-26,[특징주] 내달로 다가온 스페이스X IPO…국내서도 관련주 강세 - 연합뉴스,[특징주] 내달로 다가온 스페이스X IPO…국내서도 관련주 강세&nbsp;&nbsp;연합뉴스,스페이스X,2026-05,[특징주] 내달로 다가온 스페이스X IPO…국내서도 관련주 강세 - 연합뉴스 [특징주] 내달로 다가온 스페이스X IPO…국내서도 관련주 강세&nbsp;&nbsp;연합뉴스
2026-05-29,"스페이스X 공모주 청약, 불가능?…ETF로 '우르르' [많이 본 경제기사] - v.daum.net","스페이스X 공모주 청약, 불가능?…ETF로 '우르르' [많이 본 경제기사]&nbsp;&nbsp;v.daum.net",스페이스X,2026-05,"스페이스X 공모주 청약, 불가능?…ETF로 '우르르' [많이 본 경제기사] - v.daum.net 스페이스X 공모주 청약, 불가능?…ETF로 '우르르' [많이 본 경제기사]&nbsp;&nbsp;v.daum.net"
2026-05-16,"'IPO 최대어' 스페이스X, 이르면 내달 12일 나스닥 상장 - 연합뉴스","'IPO 최대어' 스페이스X, 이르면 내달 12일 나스닥 상장&nbsp;&nbsp;연합뉴스",스페이스X,2026-05,"'IPO 최대어' 스페이스X, 이르면 내달 12일 나스닥 상장 - 연합뉴스 'IPO 최대어' 스페이스X, 이르면 내달 12일 나스닥 상장&nbsp;&nbsp;연합뉴스"
2026-05-24,"미래에셋증권, 스페이스X IPO 인수단 합류…개인 청약은 제한 - v.daum.net","미래에셋증권, 스페이스X IPO 인수단 합류…개인 청약은 제한&nbsp;&nbsp;v.daum.net",스페이스X,2026-05,"미래에셋증권, 스페이스X IPO 인수단 합류…개인 청약은 제한 - v.daum.net 미래에셋증권, 스페이스X IPO 인수단 합류…개인 청약은 제한&nbsp;&nbsp;v.daum.net"
2026-05-06,"스페이스X 주식, 이미 다수가 갖고 있다? - 한국경제","스페이스X 주식, 이미 다수가 갖고 있다?&nbsp;&nbsp;한국경제",스페이스X,2026-05,"스페이스X 주식, 이미 다수가 갖고 있다? - 한국경제 스페이스X 주식, 이미 다수가 갖고 있다?&nbsp;&nbsp;한국경제"
2026-05-20,엔비디아·SK하이닉스도 ‘스페이스X 상장’ 영향권…월가가 주목하는 113조원의 향방 - 조선일보,엔비디아·SK하이닉스도 ‘스페이스X 상장’ 영향권…월가가 주목하는 113조원의 향방&nbsp;&nbsp;조선일보,스페이스X,2026-05,엔비디아·SK하이닉스도 ‘스페이스X 상장’ 영향권…월가가 주목하는 113조원의 향방 - 조선일보 엔비디아·SK하이닉스도 ‘스페이스X 상장’ 영향권…월가가 주목하는 113조원의 향방&nbsp;&nbsp;조선일보
2026-05-20,"상장 앞두고 베일 벗은 스페이스X…머스크, 의결권 85% 보유 - v.daum.net","상장 앞두고 베일 벗은 스페이스X…머스크, 의결권 85% 보유&nbsp;&nbsp;v.daum.net",스페이스X,2026-05,"상장 앞두고 베일 벗은 스페이스X…머스크, 의결권 85% 보유 - v.daum.net 상장 앞두고 베일 벗은 스페이스X…머스크, 의결권 85% 보유&nbsp;&nbsp;v.daum.net"
2026-05-30,주식시장 훈풍…하반기 스페이스X·오픈AI·앤트로픽 뜬다 - sisaon.co.kr,주식시장 훈풍…하반기 스페이스X·오픈AI·앤트로픽 뜬다&nbsp;&nbsp;sisaon.co.kr,스페이스X,2026-05,주식시장 훈풍…하반기 스페이스X·오픈AI·앤트로픽 뜬다 - sisaon.co.kr 주식시장 훈풍…하반기 스페이스X·오픈AI·앤트로픽 뜬다&nbsp;&nbsp;sisaon.co.kr
2026-05-21,"상장 앞두고 베일 벗은 스페이스X…머스크, 의결권 85% 보유 - 연합뉴스","상장 앞두고 베일 벗은 스페이스X…머스크, 의결권 85% 보유&nbsp;&nbsp;연합뉴스",스페이스X,2026-05,"상장 앞두고 베일 벗은 스페이스X…머스크, 의결권 85% 보유 - 연합뉴스 상장 앞두고 베일 벗은 스페이스X…머스크, 의결권 85% 보유&nbsp;&nbsp;연합뉴스"
2026-05-21,스페이스X IPO 본격화…머스크 의결권 85% ‘절대 지배’ - knn.co.kr,스페이스X IPO 본격화…머스크 의결권 85% ‘절대 지배’&nbsp;&nbsp;knn.co.kr,스페이스X,2026-05,스페이스X IPO 본격화…머스크 의결권 85% ‘절대 지배’ - knn.co.kr 스페이스X IPO 본격화…머스크 의결권 85% ‘절대 지배’&nbsp;&nbsp;knn.co.kr
2026-05-29,스페이스X 투자 전 반드시 따져야 할 4가지 리스크 - 포춘코리아,스페이스X 투자 전 반드시 따져야 할 4가지 리스크&nbsp;&nbsp;포춘코리아,스페이스X,2026-05,스페이스X 투자 전 반드시 따져야 할 4가지 리스크 - 포춘코리아 스페이스X 투자 전 반드시 따져야 할 4가지 리스크&nbsp;&nbsp;포춘코리아
2026-05-29,"스페이스X 상장 앞두고 투자자 '포모'에 외신 경고, ""공모가 아래서 매수 기회 가능성"" - 비즈니스포스트","스페이스X 상장 앞두고 투자자 '포모'에 외신 경고, ""공모가 아래서 매수 기회 가능성""&nbsp;&nbsp;비즈니스포스트",스페이스X,2026-05,"스페이스X 상장 앞두고 투자자 '포모'에 외신 경고, ""공모가 아래서 매수 기회 가능성"" - 비즈니스포스트 스페이스X 상장 앞두고 투자자 '포모'에 외신 경고, ""공모가 아래서 매수 기회 가능성""&nbsp;&nbsp;비즈니스포스트"
2026-05-19,"미 소형 헤지펀드, 스페이스X 상장시 15조원 '잭폿' - 연합뉴스","미 소형 헤지펀드, 스페이스X 상장시 15조원 '잭폿'&nbsp;&nbsp;연합뉴스",스페이스X,2026-05,"미 소형 헤지펀드, 스페이스X 상장시 15조원 '잭폿' - 연합뉴스 미 소형 헤지펀드, 스페이스X 상장시 15조원 '잭폿'&nbsp;&nbsp;연합뉴스"
2026-05-18,[특징주] 스페이스X IPO 일정 앞당겼다는 소식에 관련株 강세 - 연합뉴스,[특징주] 스페이스X IPO 일정 앞당겼다는 소식에 관련株 강세&nbsp;&nbsp;연합뉴스,스페이스X,2026-05,[특징주] 스페이스X IPO 일정 앞당겼다는 소식에 관련株 강세 - 연합뉴스 [특징주] 스페이스X IPO 일정 앞당겼다는 소식에 관련株 강세&nbsp;&nbsp;연합뉴스
2026-05-31,"스페이스X, IPO 카운트다운…2조달러 몸값 속 ‘광풍과 경고’ 교차 - 서울일보","스페이스X, IPO 카운트다운…2조달러 몸값 속 ‘광풍과 경고’ 교차&nbsp;&nbsp;서울일보",스페이스X,2026-05,"스페이스X, IPO 카운트다운…2조달러 몸값 속 ‘광풍과 경고’ 교차 - 서울일보 스페이스X, IPO 카운트다운…2조달러 몸값 속 ‘광풍과 경고’ 교차&nbsp;&nbsp;서울일보"
2026-05-21,"상장 앞둔 스페이스X, 투자설명서 살펴보니…""달에 도시 짓겠다"" - 연합뉴스","상장 앞둔 스페이스X, 투자설명서 살펴보니…""달에 도시 짓겠다""&nbsp;&nbsp;연합뉴스",스페이스X,2026-05,"상장 앞둔 스페이스X, 투자설명서 살펴보니…""달에 도시 짓겠다"" - 연합뉴스 상장 앞둔 스페이스X, 투자설명서 살펴보니…""달에 도시 짓겠다""&nbsp;&nbsp;연합뉴스"
2026-05-19,"""7년간 스페이스X 1주도 안 팔아""...상장하면 15조원 '대박' - v.daum.net","""7년간 스페이스X 1주도 안 팔아""...상장하면 15조원 '대박'&nbsp;&nbsp;v.daum.net",스페이스X,2026-05,"""7년간 스페이스X 1주도 안 팔아""...상장하면 15조원 '대박' - v.daum.net ""7년간 스페이스X 1주도 안 팔아""...상장하면 15조원 '대박'&nbsp;&nbsp;v.daum.net"
2026-05-22,스페이스X가 쏘아 올린 머스크의 1조 달러 꿈 [지금이뉴스] - YTN,스페이스X가 쏘아 올린 머스크의 1조 달러 꿈 [지금이뉴스]&nbsp;&nbsp;YTN,스페이스X,2026-05,스페이스X가 쏘아 올린 머스크의 1조 달러 꿈 [지금이뉴스] - YTN 스페이스X가 쏘아 올린 머스크의 1조 달러 꿈 [지금이뉴스]&nbsp;&nbsp;YTN
2026-05-20,스페이스X 의결권 85% 머스크가 보유…상장 앞두고 의결구조 공개 - v.daum.net,스페이스X 의결권 85% 머스크가 보유…상장 앞두고 의결구조 공개&nbsp;&nbsp;v.daum.net,스페이스X,2026-05,스페이스X 의결권 85% 머스크가 보유…상장 앞두고 의결구조 공개 - v.daum.net 스페이스X 의결권 85% 머스크가 보유…상장 앞두고 의결구조 공개&nbsp;&nbsp;v.daum.net
2026-05-20,"다음달 상장 스페이스X, 머스크가 의결권 85% 보유 - 연합뉴스TV","다음달 상장 스페이스X, 머스크가 의결권 85% 보유&nbsp;&nbsp;연합뉴스TV",스페이스X,2026-05,"다음달 상장 스페이스X, 머스크가 의결권 85% 보유 - 연합뉴스TV 다음달 상장 스페이스X, 머스크가 의결권 85% 보유&nbsp;&nbsp;연합뉴스TV"
2026-05-28,“스타링크 이탈률은? 발사 비용은?” 스페이스X 증권신고서가 숨긴 결정적 지표들 - 포춘코리아,“스타링크 이탈률은? 발사 비용은?” 스페이스X 증권신고서가 숨긴 결정적 지표들&nbsp;&nbsp;포춘코리아,스페이스X,2026-05,“스타링크 이탈률은? 발사 비용은?” 스페이스X 증권신고서가 숨긴 결정적 지표들 - 포춘코리아 “스타링크 이탈률은? 발사 비용은?” 스페이스X 증권신고서가 숨긴 결정적 지표들&nbsp;&nbsp;포춘코리아
2026-05-21,'스페이스X' 투자설명서 제출…다음달 상장 추진 - v.daum.net,'스페이스X' 투자설명서 제출…다음달 상장 추진&nbsp;&nbsp;v.daum.net,스페이스X,2026-05,'스페이스X' 투자설명서 제출…다음달 상장 추진 - v.daum.net '스페이스X' 투자설명서 제출…다음달 상장 추진&nbsp;&nbsp;v.daum.net
2026-05-29,"[우주칼럼] 덴마크 연기금, IPO 앞둔 스페이스X에 투자금지 목록…머스크 슈퍼지배구조 정면 비판 - 뉴스스페이스","[우주칼럼] 덴마크 연기금, IPO 앞둔 스페이스X에 투자금지 목록…머스크 슈퍼지배구조 정면 비판&nbsp;&nbsp;뉴스스페이스",스페이스X,2026-05,"[우주칼럼] 덴마크 연기금, IPO 앞둔 스페이스X에 투자금지 목록…머스크 슈퍼지배구조 정면 비판 - 뉴스스페이스 [우주칼럼] 덴마크 연기금, IPO 앞둔 스페이스X에 투자금지 목록…머스크 슈퍼지배구조 정면 비판&nbsp;&nbsp;뉴스스페이스"
2026-05-30,"“테슬라·스페이스X 합병, 테슬라 주주엔 악재될 수도” - 초이스스탁","“테슬라·스페이스X 합병, 테슬라 주주엔 악재될 수도”&nbsp;&nbsp;초이스스탁",스페이스X,2026-05,"“테슬라·스페이스X 합병, 테슬라 주주엔 악재될 수도” - 초이스스탁 “테슬라·스페이스X 합병, 테슬라 주주엔 악재될 수도”&nbsp;&nbsp;초이스스탁"
2026-05-29,스페이스X와 머스크 시장 사이클 - VT Markets,스페이스X와 머스크 시장 사이클&nbsp;&nbsp;VT Markets,스페이스X,2026-05,스페이스X와 머스크 시장 사이클 - VT Markets 스페이스X와 머스크 시장 사이클&nbsp;&nbsp;VT Markets
2026-05-17,주당 가격 5분의 1로 낮춰…블랙록 “최대 100억弗 투자 검토”[스페이스X 주식 분할] - 서울경제,주당 가격 5분의 1로 낮춰…블랙록 “최대 100억弗 투자 검토”[스페이스X 주식 분할]&nbsp;&nbsp;서울경제,스페이스X,2026-05,주당 가격 5분의 1로 낮춰…블랙록 “최대 100억弗 투자 검토”[스페이스X 주식 분할] - 서울경제 주당 가격 5분의 1로 낮춰…블랙록 “최대 100억弗 투자 검토”[스페이스X 주식 분할]&nbsp;&nbsp;서울경제
2026-05-06,"역대급 상장 스페이스X, 우주 정복하고 지구 주식도 정복할까 - 조선일보","역대급 상장 스페이스X, 우주 정복하고 지구 주식도 정복할까&nbsp;&nbsp;조선일보",스페이스X,2026-05,"역대급 상장 스페이스X, 우주 정복하고 지구 주식도 정복할까 - 조선일보 역대급 상장 스페이스X, 우주 정복하고 지구 주식도 정복할까&nbsp;&nbsp;조선일보"
2026-05-29,"스페이스X 한때 45% 급락, 무슨 일?…하이퍼리퀴드서 22억여원 청산 - 이데일리","스페이스X 한때 45% 급락, 무슨 일?…하이퍼리퀴드서 22억여원 청산&nbsp;&nbsp;이데일리",스페이스X,2026-05,"스페이스X 한때 45% 급락, 무슨 일?…하이퍼리퀴드서 22억여원 청산 - 이데일리 스페이스X 한때 45% 급락, 무슨 일?…하이퍼리퀴드서 22억여원 청산&nbsp;&nbsp;이데일리"
2026-05-17,"스페이스X, 증시 '블랙홀' 되나...6월 상장 추진 - 파이낸셜뉴스","스페이스X, 증시 '블랙홀' 되나...6월 상장 추진&nbsp;&nbsp;파이낸셜뉴스",스페이스X,2026-05,"스페이스X, 증시 '블랙홀' 되나...6월 상장 추진 - 파이낸셜뉴스 스페이스X, 증시 '블랙홀' 되나...6월 상장 추진&nbsp;&nbsp;파이낸셜뉴스"
2026-05-18,"우주 주식, 연초 대비 45% 폭등…스페이스X IPO·아르테미스가 불붙였다 - 글로벌이코노믹","우주 주식, 연초 대비 45% 폭등…스페이스X IPO·아르테미스가 불붙였다&nbsp;&nbsp;글로벌이코노믹",스페이스X,2026-05,"우주 주식, 연초 대비 45% 폭등…스페이스X IPO·아르테미스가 불붙였다 - 글로벌이코노믹 우주 주식, 연초 대비 45% 폭등…스페이스X IPO·아르테미스가 불붙였다&nbsp;&nbsp;글로벌이코노믹"
2026-05-31,"6월 스페이스X IPO 둘러싼 가상 시나리오들···전문가 ""역대급 장세될 것"" - 펜앤마이크","6월 스페이스X IPO 둘러싼 가상 시나리오들···전문가 ""역대급 장세될 것""&nbsp;&nbsp;펜앤마이크",스페이스X,2026-05,"6월 스페이스X IPO 둘러싼 가상 시나리오들···전문가 ""역대급 장세될 것"" - 펜앤마이크 6월 스페이스X IPO 둘러싼 가상 시나리오들···전문가 ""역대급 장세될 것""&nbsp;&nbsp;펜앤마이크"
2026-05-19,"스페이스X보다 무서운 '현금화'…외국인, 왜 한국 반도체부터 팔까 - ebn.co.kr","스페이스X보다 무서운 '현금화'…외국인, 왜 한국 반도체부터 팔까&nbsp;&nbsp;ebn.co.kr",스페이스X,2026-05,"스페이스X보다 무서운 '현금화'…외국인, 왜 한국 반도체부터 팔까 - ebn.co.kr 스페이스X보다 무서운 '현금화'…외국인, 왜 한국 반도체부터 팔까&nbsp;&nbsp;ebn.co.kr"
2026-05-21,"""달에 도시 짓겠다""…상장 앞둔 스페이스X, 투자설명서 제출 - 한국경제","""달에 도시 짓겠다""…상장 앞둔 스페이스X, 투자설명서 제출&nbsp;&nbsp;한국경제",스페이스X,2026-05,"""달에 도시 짓겠다""…상장 앞둔 스페이스X, 투자설명서 제출 - 한국경제 ""달에 도시 짓겠다""…상장 앞둔 스페이스X, 투자설명서 제출&nbsp;&nbsp;한국경제"
2026-05-31,"머스크, 세계 최초 '조만장자' 될 가능성 거의 확실 - 비즈니스플러스","머스크, 세계 최초 '조만장자' 될 가능성 거의 확실&nbsp;&nbsp;비즈니스플러스",스페이스X,2026-05,"머스크, 세계 최초 '조만장자' 될 가능성 거의 확실 - 비즈니스플러스 머스크, 세계 최초 '조만장자' 될 가능성 거의 확실&nbsp;&nbsp;비즈니스플러스"
2026-05-23,"""스페이스X 주식, 상장일 전 미리 살 수 있다고?"" - gukjenews.com","""스페이스X 주식, 상장일 전 미리 살 수 있다고?""&nbsp;&nbsp;gukjenews.com",스페이스X,2026-05,"""스페이스X 주식, 상장일 전 미리 살 수 있다고?"" - gukjenews.com ""스페이스X 주식, 상장일 전 미리 살 수 있다고?""&nbsp;&nbsp;gukjenews.com"
2026-05-19,"미 소형 헤지펀드, 스페이스X 상장시 15조원 '잭폿' - 파이낸셜뉴스","미 소형 헤지펀드, 스페이스X 상장시 15조원 '잭폿'&nbsp;&nbsp;파이낸셜뉴스",스페이스X,2026-05,"미 소형 헤지펀드, 스페이스X 상장시 15조원 '잭폿' - 파이낸셜뉴스 미 소형 헤지펀드, 스페이스X 상장시 15조원 '잭폿'&nbsp;&nbsp;파이낸셜뉴스"
2026-05-11,"금감원 “스페이스X 개인 청약, 미래에셋증권도 결정 못해” - 서울경제","금감원 “스페이스X 개인 청약, 미래에셋증권도 결정 못해”&nbsp;&nbsp;서울경제",스페이스X,2026-05,"금감원 “스페이스X 개인 청약, 미래에셋증권도 결정 못해” - 서울경제 금감원 “스페이스X 개인 청약, 미래에셋증권도 결정 못해”&nbsp;&nbsp;서울경제"
2026-05-28,"[마켓브리핑] 비상장 기업도 코인 거래소로, 스페이스X·오픈AI 베팅 등장 - 한스경제","[마켓브리핑] 비상장 기업도 코인 거래소로, 스페이스X·오픈AI 베팅 등장&nbsp;&nbsp;한스경제",스페이스X,2026-05,"[마켓브리핑] 비상장 기업도 코인 거래소로, 스페이스X·오픈AI 베팅 등장 - 한스경제 [마켓브리핑] 비상장 기업도 코인 거래소로, 스페이스X·오픈AI 베팅 등장&nbsp;&nbsp;한스경제"
2026-05-26,"사상 최대 상장 앞둔 스페이스X 지배구조 ""섬뜩"" - 파이낸셜뉴스","사상 최대 상장 앞둔 스페이스X 지배구조 ""섬뜩""&nbsp;&nbsp;파이낸셜뉴스",스페이스X,2026-05,"사상 최대 상장 앞둔 스페이스X 지배구조 ""섬뜩"" - 파이낸셜뉴스 사상 최대 상장 앞둔 스페이스X 지배구조 ""섬뜩""&nbsp;&nbsp;파이낸셜뉴스"
2026-05-25,"SK증권 ""삼성전기, MLCC 가격 인상 효과 기대…목표가 200만원"" - 연합뉴스","SK증권 ""삼성전기, MLCC 가격 인상 효과 기대…목표가 200만원""&nbsp;&nbsp;연합뉴스",MLCC,2026-05,"SK증권 ""삼성전기, MLCC 가격 인상 효과 기대…목표가 200만원"" - 연합뉴스 SK증권 ""삼성전기, MLCC 가격 인상 효과 기대…목표가 200만원""&nbsp;&nbsp;연합뉴스"
2026-05-15,"""MLCC 가격 인상 본격화""…삼성전기 목표주가 150만원↑ - v.daum.net","""MLCC 가격 인상 본격화""…삼성전기 목표주가 150만원↑&nbsp;&nbsp;v.daum.net",MLCC,2026-05,"""MLCC 가격 인상 본격화""…삼성전기 목표주가 150만원↑ - v.daum.net ""MLCC 가격 인상 본격화""…삼성전기 목표주가 150만원↑&nbsp;&nbsp;v.daum.net"
2026-05-29,100만원 때 “지금 들어가기엔 비싸죠?”…보름만에 200만원도 넘은 주식 - 매일경제,100만원 때 “지금 들어가기엔 비싸죠?”…보름만에 200만원도 넘은 주식&nbsp;&nbsp;매일경제,MLCC,2026-05,100만원 때 “지금 들어가기엔 비싸죠?”…보름만에 200만원도 넘은 주식 - 매일경제 100만원 때 “지금 들어가기엔 비싸죠?”…보름만에 200만원도 넘은 주식&nbsp;&nbsp;매일경제
2026-05-28,"삼화콘덴서 주가 장중 12%대 올라, MLCC 기대감에 대주전자재료 삼성전기도 강세 - 비즈니스포스트","삼화콘덴서 주가 장중 12%대 올라, MLCC 기대감에 대주전자재료 삼성전기도 강세&nbsp;&nbsp;비즈니스포스트",MLCC,2026-05,"삼화콘덴서 주가 장중 12%대 올라, MLCC 기대감에 대주전자재료 삼성전기도 강세 - 비즈니스포스트 삼화콘덴서 주가 장중 12%대 올라, MLCC 기대감에 대주전자재료 삼성전기도 강세&nbsp;&nbsp;비즈니스포스트"
2026-05-14,"KB증권 ""삼성전기 목표가 140만원…MLCC·기판 없어서 못판다"" - 뉴스1","KB증권 ""삼성전기 목표가 140만원…MLCC·기판 없어서 못판다""&nbsp;&nbsp;뉴스1",MLCC,2026-05,"KB증권 ""삼성전기 목표가 140만원…MLCC·기판 없어서 못판다"" - 뉴스1 KB증권 ""삼성전기 목표가 140만원…MLCC·기판 없어서 못판다""&nbsp;&nbsp;뉴스1"
2026-05-22,[1% 초고수의 선택] '삼화콘덴서' 사고 '삼성전기' 팔았다 - ebn.co.kr,[1% 초고수의 선택] '삼화콘덴서' 사고 '삼성전기' 팔았다&nbsp;&nbsp;ebn.co.kr,MLCC,2026-05,[1% 초고수의 선택] '삼화콘덴서' 사고 '삼성전기' 팔았다 - ebn.co.kr [1% 초고수의 선택] '삼화콘덴서' 사고 '삼성전기' 팔았다&nbsp;&nbsp;ebn.co.kr
2026-05-29,[주도 섹터] 젠슨황 방한 기대감! MLCC·AI 소프트웨어·LG전자 폭등! (2026.05.29) - 네이버 프리미엄콘텐츠,[주도 섹터] 젠슨황 방한 기대감! MLCC·AI 소프트웨어·LG전자 폭등! (2026.05.29)&nbsp;&nbsp;네이버 프리미엄콘텐츠,MLCC,2026-05,[주도 섹터] 젠슨황 방한 기대감! MLCC·AI 소프트웨어·LG전자 폭등! (2026.05.29) - 네이버 프리미엄콘텐츠 [주도 섹터] 젠슨황 방한 기대감! MLCC·AI 소프트웨어·LG전자 폭등! (2026.05.29)&nbsp;&nbsp;네이버 프리미엄콘텐츠
2026-05-27,"다올證 “삼성전기, MLCC·FC-BGA 호황 동시 수혜… 목표가 230만원으로 상향” - 조선비즈 - Chosunbiz","다올證 “삼성전기, MLCC·FC-BGA 호황 동시 수혜… 목표가 230만원으로 상향” - 조선비즈&nbsp;&nbsp;Chosunbiz",MLCC,2026-05,"다올證 “삼성전기, MLCC·FC-BGA 호황 동시 수혜… 목표가 230만원으로 상향” - 조선비즈 - Chosunbiz 다올證 “삼성전기, MLCC·FC-BGA 호황 동시 수혜… 목표가 230만원으로 상향” - 조선비즈&nbsp;&nbsp;Chosunbiz"
2026-05-26,"IBK투자증권, 아모텍 목표가↑…""AI 관련 매출 본격화"" - 연합뉴스","IBK투자증권, 아모텍 목표가↑…""AI 관련 매출 본격화""&nbsp;&nbsp;연합뉴스",MLCC,2026-05,"IBK투자증권, 아모텍 목표가↑…""AI 관련 매출 본격화"" - 연합뉴스 IBK투자증권, 아모텍 목표가↑…""AI 관련 매출 본격화""&nbsp;&nbsp;연합뉴스"
2026-05-04,"메리츠증권, 삼성전기 목표가↑…""수요 확대·가격 상승 호재"" - 연합뉴스","메리츠증권, 삼성전기 목표가↑…""수요 확대·가격 상승 호재""&nbsp;&nbsp;연합뉴스",MLCC,2026-05,"메리츠증권, 삼성전기 목표가↑…""수요 확대·가격 상승 호재"" - 연합뉴스 메리츠증권, 삼성전기 목표가↑…""수요 확대·가격 상승 호재""&nbsp;&nbsp;연합뉴스"
2026-05-14,"KB증권 ""삼성전기, 2분기 실적 기대치 웃돌것…목표가 140만원"" - 연합뉴스","KB증권 ""삼성전기, 2분기 실적 기대치 웃돌것…목표가 140만원""&nbsp;&nbsp;연합뉴스",MLCC,2026-05,"KB증권 ""삼성전기, 2분기 실적 기대치 웃돌것…목표가 140만원"" - 연합뉴스 KB증권 ""삼성전기, 2분기 실적 기대치 웃돌것…목표가 140만원""&nbsp;&nbsp;연합뉴스"
2026-05-26,"[특징주] 삼성전기, 'AI붐' MLCC·기판값 상승 기대감…장초반 역대최고가 - v.daum.net","[특징주] 삼성전기, 'AI붐' MLCC·기판값 상승 기대감…장초반 역대최고가&nbsp;&nbsp;v.daum.net",MLCC,2026-05,"[특징주] 삼성전기, 'AI붐' MLCC·기판값 상승 기대감…장초반 역대최고가 - v.daum.net [특징주] 삼성전기, 'AI붐' MLCC·기판값 상승 기대감…장초반 역대최고가&nbsp;&nbsp;v.daum.net"
2026-05-29,"[종목현미경] '시총 4위' 삼성전기, MLCC 슈퍼사이클 올라탔다 - v.daum.net","[종목현미경] '시총 4위' 삼성전기, MLCC 슈퍼사이클 올라탔다&nbsp;&nbsp;v.daum.net",MLCC,2026-05,"[종목현미경] '시총 4위' 삼성전기, MLCC 슈퍼사이클 올라탔다 - v.daum.net [종목현미경] '시총 4위' 삼성전기, MLCC 슈퍼사이클 올라탔다&nbsp;&nbsp;v.daum.net"
2026-05-26,기판·MLCC로 퍼지는 AI온기…삼성전기·LG이노텍 신고가[핫종목](종합) - v.daum.net,기판·MLCC로 퍼지는 AI온기…삼성전기·LG이노텍 신고가[핫종목](종합)&nbsp;&nbsp;v.daum.net,MLCC,2026-05,기판·MLCC로 퍼지는 AI온기…삼성전기·LG이노텍 신고가[핫종목](종합) - v.daum.net 기판·MLCC로 퍼지는 AI온기…삼성전기·LG이노텍 신고가[핫종목](종합)&nbsp;&nbsp;v.daum.net
2026-05-14,"""MLCC·기판 없어서 못판다"" 삼성전기, 목표주가 140만원… LG전자, 로봇·데이터센터향 신사업 본격화로 목표가 44%↑ [株토피아] - v.daum.net","""MLCC·기판 없어서 못판다"" 삼성전기, 목표주가 140만원… LG전자, 로봇·데이터센터향 신사업 본격화로 목표가 44%↑ [株토피아]&nbsp;&nbsp;v.daum.net",MLCC,2026-05,"""MLCC·기판 없어서 못판다"" 삼성전기, 목표주가 140만원… LG전자, 로봇·데이터센터향 신사업 본격화로 목표가 44%↑ [株토피아] - v.daum.net ""MLCC·기판 없어서 못판다"" 삼성전기, 목표주가 140만원… LG전자, 로봇·데이터센터향 신사업 본격화로 목표가 44%↑ [株토피아]&nbsp;&nbsp;v.daum.net"
2026-05-26,"KB證 “삼성전기, MLCC·패키징 기판 동반 성장 기대…목표가 220만원” - 조선비즈 - Chosunbiz","KB證 “삼성전기, MLCC·패키징 기판 동반 성장 기대…목표가 220만원” - 조선비즈&nbsp;&nbsp;Chosunbiz",MLCC,2026-05,"KB證 “삼성전기, MLCC·패키징 기판 동반 성장 기대…목표가 220만원” - 조선비즈 - Chosunbiz KB證 “삼성전기, MLCC·패키징 기판 동반 성장 기대…목표가 220만원” - 조선비즈&nbsp;&nbsp;Chosunbiz"
2026-05-15,"""삼성전자, 파업 우려 딛고 45만전자 간다"" 메모리 희소 전략 자산… 대주전자재료, 삼성전기 MLCC 호황 낙수효과 [株토피아] - v.daum.net","""삼성전자, 파업 우려 딛고 45만전자 간다"" 메모리 희소 전략 자산… 대주전자재료, 삼성전기 MLCC 호황 낙수효과 [株토피아]&nbsp;&nbsp;v.daum.net",MLCC,2026-05,"""삼성전자, 파업 우려 딛고 45만전자 간다"" 메모리 희소 전략 자산… 대주전자재료, 삼성전기 MLCC 호황 낙수효과 [株토피아] - v.daum.net ""삼성전자, 파업 우려 딛고 45만전자 간다"" 메모리 희소 전략 자산… 대주전자재료, 삼성전기 MLCC 호황 낙수효과 [株토피아]&nbsp;&nbsp;v.daum.net"
2026-05-26,"[주도 섹터] 외국인 13일 만에 매수 전환! 코스피 8,047선 탈환…반도체·MLCC 폭등 (2026.05.26) - 네이버 프리미엄콘텐츠","[주도 섹터] 외국인 13일 만에 매수 전환! 코스피 8,047선 탈환…반도체·MLCC 폭등 (2026.05.26)&nbsp;&nbsp;네이버 프리미엄콘텐츠",MLCC,2026-05,"[주도 섹터] 외국인 13일 만에 매수 전환! 코스피 8,047선 탈환…반도체·MLCC 폭등 (2026.05.26) - 네이버 프리미엄콘텐츠 [주도 섹터] 외국인 13일 만에 매수 전환! 코스피 8,047선 탈환…반도체·MLCC 폭등 (2026.05.26)&nbsp;&nbsp;네이버 프리미엄콘텐츠"
2026-05-28,[주도 섹터] K-배터리 2.4조 수주 잭팟 & MLCC 급등… 폭락장 뚫은 확실한 펀더멘털 (2026.05.28) - 네이버 프리미엄콘텐츠,[주도 섹터] K-배터리 2.4조 수주 잭팟 & MLCC 급등… 폭락장 뚫은 확실한 펀더멘털 (2026.05.28)&nbsp;&nbsp;네이버 프리미엄콘텐츠,MLCC,2026-05,[주도 섹터] K-배터리 2.4조 수주 잭팟 & MLCC 급등… 폭락장 뚫은 확실한 펀더멘털 (2026.05.28) - 네이버 프리미엄콘텐츠 [주도 섹터] K-배터리 2.4조 수주 잭팟 & MLCC 급등… 폭락장 뚫은 확실한 펀더멘털 (2026.05.28)&nbsp;&nbsp;네이버 프리미엄콘텐츠
2026-05-20,"삼화콘덴서 주가 장중 17%대 상승, MLCC 업황 개선 기대에 52주 신고가 - 비즈니스포스트","삼화콘덴서 주가 장중 17%대 상승, MLCC 업황 개선 기대에 52주 신고가&nbsp;&nbsp;비즈니스포스트",MLCC,2026-05,"삼화콘덴서 주가 장중 17%대 상승, MLCC 업황 개선 기대에 52주 신고가 - 비즈니스포스트 삼화콘덴서 주가 장중 17%대 상승, MLCC 업황 개선 기대에 52주 신고가&nbsp;&nbsp;비즈니스포스트"
2026-05-28,"일본, 한국 증시 마감: 삼성전자 6% 가까이 급등하며 상승 주도, 일본 MLCC 관련주 일제히 급등 - TradingKey","일본, 한국 증시 마감: 삼성전자 6% 가까이 급등하며 상승 주도, 일본 MLCC 관련주 일제히 급등&nbsp;&nbsp;TradingKey",MLCC,2026-05,"일본, 한국 증시 마감: 삼성전자 6% 가까이 급등하며 상승 주도, 일본 MLCC 관련주 일제히 급등 - TradingKey 일본, 한국 증시 마감: 삼성전자 6% 가까이 급등하며 상승 주도, 일본 MLCC 관련주 일제히 급등&nbsp;&nbsp;TradingKey"
2026-05-14,"NH투자증권, 삼성전기 목표주가 상향, MLCC 가격 인상 사이클 수혜 전망 - Traders Union","NH투자증권, 삼성전기 목표주가 상향, MLCC 가격 인상 사이클 수혜 전망&nbsp;&nbsp;Traders Union",MLCC,2026-05,"NH투자증권, 삼성전기 목표주가 상향, MLCC 가격 인상 사이클 수혜 전망 - Traders Union NH투자증권, 삼성전기 목표주가 상향, MLCC 가격 인상 사이클 수혜 전망&nbsp;&nbsp;Traders Union"
2026-05-22,"[특징주]키스트론, 삼성전기 1.5조 MLCC 대규모 공급계약에··리드와이어 공급 매출확대↑ - 데이터투자","[특징주]키스트론, 삼성전기 1.5조 MLCC 대규모 공급계약에··리드와이어 공급 매출확대↑&nbsp;&nbsp;데이터투자",MLCC,2026-05,"[특징주]키스트론, 삼성전기 1.5조 MLCC 대규모 공급계약에··리드와이어 공급 매출확대↑ - 데이터투자 [특징주]키스트론, 삼성전기 1.5조 MLCC 대규모 공급계약에··리드와이어 공급 매출확대↑&nbsp;&nbsp;데이터투자"
2026-05-28,"[생생한 주식쇼 생쇼] 시장 급락 속 2차전지 WCP(393890) 주목, 지정학적 리스크 점검 - 매일경제 마켓","[생생한 주식쇼 생쇼] 시장 급락 속 2차전지 WCP(393890) 주목, 지정학적 리스크 점검&nbsp;&nbsp;매일경제 마켓",MLCC,2026-05,"[생생한 주식쇼 생쇼] 시장 급락 속 2차전지 WCP(393890) 주목, 지정학적 리스크 점검 - 매일경제 마켓 [생생한 주식쇼 생쇼] 시장 급락 속 2차전지 WCP(393890) 주목, 지정학적 리스크 점검&nbsp;&nbsp;매일경제 마켓"
2026-05-28,"키움증권, 대주전자재료 목표가 상향…""하반기 실적개선 전망"" - 연합뉴스","키움증권, 대주전자재료 목표가 상향…""하반기 실적개선 전망""&nbsp;&nbsp;연합뉴스",MLCC,2026-05,"키움증권, 대주전자재료 목표가 상향…""하반기 실적개선 전망"" - 연합뉴스 키움증권, 대주전자재료 목표가 상향…""하반기 실적개선 전망""&nbsp;&nbsp;연합뉴스"
2026-05-29,[GAM] 인공지능발 MLCC 호황 길게 간다 ②중심엔 무라타와 삼성전기 - 네이트,[GAM] 인공지능발 MLCC 호황 길게 간다 ②중심엔 무라타와 삼성전기&nbsp;&nbsp;네이트,MLCC,2026-05,[GAM] 인공지능발 MLCC 호황 길게 간다 ②중심엔 무라타와 삼성전기 - 네이트 [GAM] 인공지능발 MLCC 호황 길게 간다 ②중심엔 무라타와 삼성전기&nbsp;&nbsp;네이트
2026-05-29,‘200만원 황제주’ 된 삼성전기…현대차 제치고 시총 4위 '우뚝' - 뉴스퀘스트,‘200만원 황제주’ 된 삼성전기…현대차 제치고 시총 4위 '우뚝'&nbsp;&nbsp;뉴스퀘스트,MLCC,2026-05,‘200만원 황제주’ 된 삼성전기…현대차 제치고 시총 4위 '우뚝' - 뉴스퀘스트 ‘200만원 황제주’ 된 삼성전기…현대차 제치고 시총 4위 '우뚝'&nbsp;&nbsp;뉴스퀘스트
2026-05-27,"증권가 ""MLCC 매출 꾸준히 성장""…아모텍 12%↑[특징주] - 네이트","증권가 ""MLCC 매출 꾸준히 성장""…아모텍 12%↑[특징주]&nbsp;&nbsp;네이트",MLCC,2026-05,"증권가 ""MLCC 매출 꾸준히 성장""…아모텍 12%↑[특징주] - 네이트 증권가 ""MLCC 매출 꾸준히 성장""…아모텍 12%↑[특징주]&nbsp;&nbsp;네이트"
2026-05-28,없어서 못 판다더니 일냈다…주가 624%·318% 폭등한 韓 회사 [종목+] - 한국경제,없어서 못 판다더니 일냈다…주가 624%·318% 폭등한 韓 회사 [종목+]&nbsp;&nbsp;한국경제,MLCC,2026-05,없어서 못 판다더니 일냈다…주가 624%·318% 폭등한 韓 회사 [종목+] - 한국경제 없어서 못 판다더니 일냈다…주가 624%·318% 폭등한 韓 회사 [종목+]&nbsp;&nbsp;한국경제
2026-05-26,“1.5조 잭팟 터졌다” 사흘 새 35% 폭등하며 시총 5위 꿰찬 '이 주식' - 위키트리,“1.5조 잭팟 터졌다” 사흘 새 35% 폭등하며 시총 5위 꿰찬 '이 주식'&nbsp;&nbsp;위키트리,MLCC,2026-05,“1.5조 잭팟 터졌다” 사흘 새 35% 폭등하며 시총 5위 꿰찬 '이 주식' - 위키트리 “1.5조 잭팟 터졌다” 사흘 새 35% 폭등하며 시총 5위 꿰찬 '이 주식'&nbsp;&nbsp;위키트리
2026-05-29,삼성전기 주가 200만 원도 찍었다…열흘 만에 2배 올라 [이런국장 저런주식] - 네이트,삼성전기 주가 200만 원도 찍었다…열흘 만에 2배 올라 [이런국장 저런주식]&nbsp;&nbsp;네이트,MLCC,2026-05,삼성전기 주가 200만 원도 찍었다…열흘 만에 2배 올라 [이런국장 저런주식] - 네이트 삼성전기 주가 200만 원도 찍었다…열흘 만에 2배 올라 [이런국장 저런주식]&nbsp;&nbsp;네이트
2026-05-14,"""11만→100만원 직행했는데, 150만원 간다구?""…AI싸이클 올라탄 삼성전기 - 네이트","""11만→100만원 직행했는데, 150만원 간다구?""…AI싸이클 올라탄 삼성전기&nbsp;&nbsp;네이트",MLCC,2026-05,"""11만→100만원 직행했는데, 150만원 간다구?""…AI싸이클 올라탄 삼성전기 - 네이트 ""11만→100만원 직행했는데, 150만원 간다구?""…AI싸이클 올라탄 삼성전기&nbsp;&nbsp;네이트"
2026-05-26,"""글로벌 1등 부품주"" 삼성전기, MLCC 가격 인상 사이클 초입… OCI홀딩스 ""75% 더 간다"" 美 에너지 안보 자산 재평가 - 파이낸셜뉴스","""글로벌 1등 부품주"" 삼성전기, MLCC 가격 인상 사이클 초입… OCI홀딩스 ""75% 더 간다"" 美 에너지 안보 자산 재평가&nbsp;&nbsp;파이낸셜뉴스",MLCC,2026-05,"""글로벌 1등 부품주"" 삼성전기, MLCC 가격 인상 사이클 초입… OCI홀딩스 ""75% 더 간다"" 美 에너지 안보 자산 재평가 - 파이낸셜뉴스 ""글로벌 1등 부품주"" 삼성전기, MLCC 가격 인상 사이클 초입… OCI홀딩스 ""75% 더 간다"" 美 에너지 안보 자산 재평가&nbsp;&nbsp;파이낸셜뉴스"
2026-05-26,"오후 이슈 [MLCC] : 삼화콘덴서, 한켐, 삼화전자, 아모텍, 한울반도체 - 파이낸셜뉴스","오후 이슈 [MLCC] : 삼화콘덴서, 한켐, 삼화전자, 아모텍, 한울반도체&nbsp;&nbsp;파이낸셜뉴스",MLCC,2026-05,"오후 이슈 [MLCC] : 삼화콘덴서, 한켐, 삼화전자, 아모텍, 한울반도체 - 파이낸셜뉴스 오후 이슈 [MLCC] : 삼화콘덴서, 한켐, 삼화전자, 아모텍, 한울반도체&nbsp;&nbsp;파이낸셜뉴스"
2026-05-20,[05.21] 증시 개장 전 핵심뉴스 하이불스 Pick - 네이버 프리미엄콘텐츠,[05.21] 증시 개장 전 핵심뉴스 하이불스 Pick&nbsp;&nbsp;네이버 프리미엄콘텐츠,MLCC,2026-05,[05.21] 증시 개장 전 핵심뉴스 하이불스 Pick - 네이버 프리미엄콘텐츠 [05.21] 증시 개장 전 핵심뉴스 하이불스 Pick&nbsp;&nbsp;네이버 프리미엄콘텐츠
2026-05-26,[05.27] 증시 개장 전 핵심뉴스 하이불스 Pick - 네이버 프리미엄콘텐츠,[05.27] 증시 개장 전 핵심뉴스 하이불스 Pick&nbsp;&nbsp;네이버 프리미엄콘텐츠,MLCC,2026-05,[05.27] 증시 개장 전 핵심뉴스 하이불스 Pick - 네이버 프리미엄콘텐츠 [05.27] 증시 개장 전 핵심뉴스 하이불스 Pick&nbsp;&nbsp;네이버 프리미엄콘텐츠
2026-05-29,[GAM] 인공지능발 MLCC 호황 길게 간다 ①중심엔 무라타와 삼성전기 - 네이트,[GAM] 인공지능발 MLCC 호황 길게 간다 ①중심엔 무라타와 삼성전기&nbsp;&nbsp;네이트,MLCC,2026-05,[GAM] 인공지능발 MLCC 호황 길게 간다 ①중심엔 무라타와 삼성전기 - 네이트 [GAM] 인공지능발 MLCC 호황 길게 간다 ①중심엔 무라타와 삼성전기&nbsp;&nbsp;네이트
2026-05-29,"[특징주] 현대차 시총 제쳤다…삼성전기, AI 부품주 수혜 기대감에 장중 200만원 신고가 - 네이트","[특징주] 현대차 시총 제쳤다…삼성전기, AI 부품주 수혜 기대감에 장중 200만원 신고가&nbsp;&nbsp;네이트",MLCC,2026-05,"[특징주] 현대차 시총 제쳤다…삼성전기, AI 부품주 수혜 기대감에 장중 200만원 신고가 - 네이트 [특징주] 현대차 시총 제쳤다…삼성전기, AI 부품주 수혜 기대감에 장중 200만원 신고가&nbsp;&nbsp;네이트"
2026-05-29,"""27만원 주식이 212만원""…'현대차도 제쳤다' 개미들 깜짝 - 네이트","""27만원 주식이 212만원""…'현대차도 제쳤다' 개미들 깜짝&nbsp;&nbsp;네이트",MLCC,2026-05,"""27만원 주식이 212만원""…'현대차도 제쳤다' 개미들 깜짝 - 네이트 ""27만원 주식이 212만원""…'현대차도 제쳤다' 개미들 깜짝&nbsp;&nbsp;네이트"
2026-05-28,"5월28일 목요일 시간외 특징주 (광통신,양자컴퓨터/보안,MLCC,개별) - 네이버 프리미엄콘텐츠","5월28일 목요일 시간외 특징주 (광통신,양자컴퓨터/보안,MLCC,개별)&nbsp;&nbsp;네이버 프리미엄콘텐츠",MLCC,2026-05,"5월28일 목요일 시간외 특징주 (광통신,양자컴퓨터/보안,MLCC,개별) - 네이버 프리미엄콘텐츠 5월28일 목요일 시간외 특징주 (광통신,양자컴퓨터/보안,MLCC,개별)&nbsp;&nbsp;네이버 프리미엄콘텐츠"
2026-05-26,"아모텍, MLCC 매출 본격화로 수익성 개선 기대…목표가↑-IBK - 네이트","아모텍, MLCC 매출 본격화로 수익성 개선 기대…목표가↑-IBK&nbsp;&nbsp;네이트",MLCC,2026-05,"아모텍, MLCC 매출 본격화로 수익성 개선 기대…목표가↑-IBK - 네이트 아모텍, MLCC 매출 본격화로 수익성 개선 기대…목표가↑-IBK&nbsp;&nbsp;네이트"
2026-05-20,"5월20일 수요일 마감시황,주도테마/대장주 정리 (광통신,MLCC,신규상장,로봇,반도체,전염병) - 네이버 프리미엄콘텐츠","5월20일 수요일 마감시황,주도테마/대장주 정리 (광통신,MLCC,신규상장,로봇,반도체,전염병)&nbsp;&nbsp;네이버 프리미엄콘텐츠",MLCC,2026-05,"5월20일 수요일 마감시황,주도테마/대장주 정리 (광통신,MLCC,신규상장,로봇,반도체,전염병) - 네이버 프리미엄콘텐츠 5월20일 수요일 마감시황,주도테마/대장주 정리 (광통신,MLCC,신규상장,로봇,반도체,전염병)&nbsp;&nbsp;네이버 프리미엄콘텐츠"
2026-05-29,"삼성전기, MLCC 호황에 시가총액 5위로 상승 - Traders Union","삼성전기, MLCC 호황에 시가총액 5위로 상승&nbsp;&nbsp;Traders Union",MLCC,2026-05,"삼성전기, MLCC 호황에 시가총액 5위로 상승 - Traders Union 삼성전기, MLCC 호황에 시가총액 5위로 상승&nbsp;&nbsp;Traders Union"
2026-05-29,"삼성전기, AI 서버 수요에 MLCC 재평가 확대 - Traders Union","삼성전기, AI 서버 수요에 MLCC 재평가 확대&nbsp;&nbsp;Traders Union",MLCC,2026-05,"삼성전기, AI 서버 수요에 MLCC 재평가 확대 - Traders Union 삼성전기, AI 서버 수요에 MLCC 재평가 확대&nbsp;&nbsp;Traders Union"
2026-05-29,"한일 MLCC 대장주, AI 서버 수요에 동반 급등 - Traders Union","한일 MLCC 대장주, AI 서버 수요에 동반 급등&nbsp;&nbsp;Traders Union",MLCC,2026-05,"한일 MLCC 대장주, AI 서버 수요에 동반 급등 - Traders Union 한일 MLCC 대장주, AI 서버 수요에 동반 급등&nbsp;&nbsp;Traders Union"
2026-05-27,"Samsung Electro-Mechanics, AI 수요에 MLCC 부각되며 국내 증시 주도주로 부상 - Traders Union","Samsung Electro-Mechanics, AI 수요에 MLCC 부각되며 국내 증시 주도주로 부상&nbsp;&nbsp;Traders Union",MLCC,2026-05,"Samsung Electro-Mechanics, AI 수요에 MLCC 부각되며 국내 증시 주도주로 부상 - Traders Union Samsung Electro-Mechanics, AI 수요에 MLCC 부각되며 국내 증시 주도주로 부상&nbsp;&nbsp;Traders Union"
2026-05-23,5월 셋째주 삼화콘덴서 주가 상승세 뚜렷 - 중앙이코노미뉴스,5월 셋째주 삼화콘덴서 주가 상승세 뚜렷&nbsp;&nbsp;중앙이코노미뉴스,MLCC,2026-05,5월 셋째주 삼화콘덴서 주가 상승세 뚜렷 - 중앙이코노미뉴스 5월 셋째주 삼화콘덴서 주가 상승세 뚜렷&nbsp;&nbsp;중앙이코노미뉴스
